Application,ProcessID,SwapChainAddress,PresentRuntime,SyncInterval,PresentFlags,AllowsTearing,PresentMode,TimeInQPC,MsBetweenSimulationStart,MsBetweenPresents,MsBetweenDisplayChange,MsInPresentAPI,MsRenderPresentLatency,MsUntilDisplayed,CPUStartQPC,MsBetweenAppStart,MsCPUBusy,MsCPUWait,MsGPULatency,MsGPUTime,MsGPUBusy,MsGPUWait,MsAnimationError,AnimationTime,MsFlipDelay,MsAllInputToPhotonLatency,MsClickToPhotonLatency
chrome.exe,24952,0x2F262AA7E40,DXGI,0,0,0,Hardware Composed: Independent Flip,1080850135826,NA,17.17070000000000,16.66570000000000,0.13410000000000,32.45720000000000,48.7555,1080849965326,17.1841,17.0500,0.1341,32.9787,16.5285,0.6604,15.8681,NA,18.5240,NA,NA,NA
chrome.exe,24952,0x2F262AA7E40,DXGI,0,0,0,Hardware Composed: Independent Flip,1080850299573,NA,16.37470000000000,16.66950000000000,0.12440000000000,32.75100000000000,49.0503,1080850137167,16.3650,16.2406,0.1244,32.3231,16.6685,0.6070,16.0615,0.5146,35.7081,NA,NA,NA
chrome.exe,24952,0x2F262AA7E40,DXGI,0,0,0,Hardware Composed: Independent Flip,1080850466315,NA,16.67420000000000,16.67820000000000,0.13370000000000,32.71600000000000,49.0543,1080850300817,16.6835,16.5498,0.1337,32.6266,16.6392,0.7717,15.8675,-0.3132,52.0731,NA,NA,NA
chrome.exe,24952,0x2F262AA7E40,DXGI,0,0,0,Hardware Composed: Independent Flip,1080850631988,NA,16.56730000000000,16.66340000000000,0.14850000000000,32.85920000000000,49.1504,1080850467652,16.5821,16.4336,0.1485,32.5823,16.7105,0.9003,15.8102,0.0201,68.7566,NA,NA,NA
chrome.exe,24952,0x2F262AA7E40,DXGI,0,0,0,Hardware Composed: Independent Flip,1080850802853,NA,17.08650000000000,16.67480000000000,0.15210000000000,32.45520000000000,48.7387,1080850633473,17.0901,16.9380,0.1521,32.7107,16.6825,1.2423,15.4402,-0.0927,85.3387,NA,NA,NA
chrome.exe,24952,0x2F262AA7E40,DXGI,0,0,0,Hardware Composed: Independent Flip,1080850966681,NA,16.38280000000000,16.68510000000000,0.15910000000000,32.73890000000000,49.0410,1080850804374,16.3898,16.2307,0.1591,32.3031,16.6665,1.1300,15.5365,0.4050,102.4288,NA,NA,NA
chrome.exe,24952,0x2F262AA7E40,DXGI,0,0,0,Hardware Composed: Independent Flip,1080851133203,NA,16.65220000000000,16.64840000000000,0.13120000000000,32.76260000000000,49.0372,1080850968272,16.6243,16.4931,0.1312,32.5798,16.6759,1.2908,15.3851,-0.2586,118.8186,NA,NA,NA
chrome.exe,24952,0x2F262AA7E40,DXGI,0,0,0,Hardware Composed: Independent Flip,1080851299803,NA,16.66000000000000,16.64580000000000,0.16460000000000,32.73150000000000,49.0230,1080851134515,16.6934,16.5288,0.1646,32.6314,16.6289,1.2946,15.3343,-0.0215,135.4429,NA,NA,NA
chrome.exe,24952,0x2F262AA7E40,DXGI,0,0,0,Hardware Composed: Independent Flip,1080851465547,NA,16.57440000000000,16.66650000000000,0.13040000000000,32.81360000000000,49.1151,1080851301449,16.5402,16.4098,0.1304,32.5669,16.6565,0.8824,15.7741,0.0269,152.1363,NA,NA,NA
chrome.exe,24952,0x2F262AA7E40,DXGI,0,0,0,Hardware Composed: Independent Flip,1080851634246,NA,16.86990000000000,16.66650000000000,0.13310000000000,32.61640000000000,48.9117,1080851466851,16.8726,16.7395,0.1331,32.6832,16.6727,1.2635,15.4092,-0.1263,168.6765,NA,NA,NA
chrome.exe,24952,0x2F262AA7E40,DXGI,0,0,0,Hardware Composed: Independent Flip,1080851798683,NA,16.44370000000000,16.66130000000000,0.17600000000000,32.83270000000000,49.1293,1080851635577,16.4866,16.3106,0.1760,32.4833,16.6600,0.5215,16.1385,0.2113,185.5491,NA,NA,NA
chrome.exe,24952,0x2F262AA7E40,DXGI,0,0,0,Hardware Composed: Independent Flip,1080851963972,NA,16.52890000000000,16.67760000000000,0.12930000000000,32.97050000000000,49.2780,1080851800443,16.4822,16.3529,0.1293,32.6567,16.6667,0.5153,16.1514,-0.1910,202.0357,NA,NA,NA
chrome.exe,24952,0x2F262AA7E40,DXGI,0,0,0,Hardware Composed: Independent Flip,1080852130048,NA,16.60760000000000,16.66180000000000,0.14970000000000,33.00070000000000,49.3322,1080851965265,16.6280,16.4783,0.1497,32.8412,16.6378,0.5251,16.1127,-0.1796,218.5179,NA,NA,NA
chrome.exe,24952,0x2F262AA7E40,DXGI,0,0,0,Hardware Composed: Independent Flip,1080852298110,NA,16.80620000000000,16.67020000000000,0.14700000000000,32.84300000000000,49.1962,1080852131545,16.8035,16.6565,0.1470,32.8510,16.6485,0.6821,15.9664,-0.0422,235.1459,NA,NA,NA
chrome.exe,24952,0x2F262AA7E40,DXGI,0,0,0,Hardware Composed: Independent Flip,1080852465449,NA,16.73390000000000,16.66540000000000,0.16310000000000,32.80440000000000,49.1277,1080852299580,16.7500,16.5869,0.1631,32.6960,16.6953,0.5680,16.1273,0.1381,251.9494,NA,NA,NA
chrome.exe,24952,0x2F262AA7E40,DXGI,0,0,0,Hardware Composed: Independent Flip,1080852631853,NA,16.64040000000000,16.65810000000000,0.13810000000000,32.86860000000000,49.1454,1080852467080,16.6154,16.4773,0.1381,32.6413,16.7046,0.5374,16.1672,0.0919,268.6994,NA,NA,NA
chrome.exe,24952,0x2F262AA7E40,DXGI,0,0,0,Hardware Composed: Independent Flip,1080852796889,NA,16.50360000000000,16.66230000000000,0.09010000000000,32.99080000000000,49.3041,1080852633234,16.4556,16.3655,0.0901,32.7305,16.6258,0.5708,16.0550,-0.0469,285.3148,NA,NA,NA
chrome.exe,24952,0x2F262AA7E40,DXGI,0,0,0,Hardware Composed: Independent Flip,1080852964559,NA,16.76700000000000,16.66280000000000,0.12890000000000,32.88940000000000,49.1999,1080852797790,16.8058,16.6769,0.1289,32.9007,16.6656,0.7455,15.9201,-0.2072,301.7704,NA,NA,NA
chrome.exe,24952,0x2F262AA7E40,DXGI,0,0,0,Hardware Composed: Independent Flip,1080853134593,NA,17.00340000000000,16.67740000000000,0.11980000000000,32.57020000000000,48.8739,1080852965848,16.9943,16.8745,0.1198,32.7605,16.6842,0.5480,16.1362,0.1284,318.5762,NA,NA,NA
chrome.exe,24952,0x2F262AA7E40,DXGI,0,0,0,Hardware Composed: Independent Flip,1080853298724,NA,16.41310000000000,16.63560000000000,0.12480000000000,32.83930000000000,49.0964,1080853135791,16.4181,16.2933,0.1248,32.4504,16.6822,0.5789,16.1033,0.3587,335.5705,NA,NA,NA
chrome.exe,24952,0x2F262AA7E40,DXGI,0,0,0,Hardware Composed: Independent Flip,1080853465447,NA,16.67230000000000,16.68680000000000,0.13240000000000,32.74290000000000,49.1109,1080853299972,16.6799,16.5475,0.1324,32.7145,16.5759,0.5182,16.0577,-0.2687,351.9886,NA,NA,NA
chrome.exe,24952,0x2F262AA7E40,DXGI,0,0,0,Hardware Composed: Independent Flip,1080853632832,NA,16.73850000000000,16.67450000000000,0.14240000000000,32.71230000000000,49.0469,1080853466771,16.7485,16.6061,0.1424,32.6105,16.7079,0.4854,16.2225,0.0054,368.6685,NA,NA,NA
chrome.exe,24952,0x2F262AA7E40,DXGI,0,0,0,Hardware Composed: Independent Flip,1080853799875,NA,16.70430000000000,16.66730000000000,0.13950000000000,32.70840000000000,49.0099,1080853634256,16.7014,16.5619,0.1395,32.5699,16.7004,0.5191,16.1813,0.0812,385.4170,NA,NA,NA
chrome.exe,24952,0x2F262AA7E40,DXGI,0,0,0,Hardware Composed: Independent Flip,1080853964996,NA,16.51210000000000,16.66620000000000,0.09900000000000,32.87620000000000,49.1640,1080853801270,16.4716,16.3726,0.0990,32.5689,16.6799,0.5137,16.1662,0.0352,402.1184,NA,NA,NA
chrome.exe,24952,0x2F262AA7E40,DXGI,0,0,0,Hardware Composed: Independent Flip,1080854131127,NA,16.61310000000000,16.66190000000000,0.15550000000000,32.89200000000000,49.2128,1080853965986,16.6696,16.5141,0.1555,32.7772,16.6289,0.5617,16.0672,-0.1903,418.5900,NA,NA,NA
chrome.exe,24952,0x2F262AA7E40,DXGI,0,0,0,Hardware Composed: Independent Flip,1080854298559,NA,16.74320000000000,16.66230000000000,0.14760000000000,32.84340000000000,49.1319,1080854132682,16.7353,16.5877,0.1476,32.7365,16.6946,0.5939,16.1007,0.0073,435.2596,NA,NA,NA
chrome.exe,24952,0x2F262AA7E40,DXGI,0,0,0,Hardware Composed: Independent Flip,1080854465475,NA,16.69160000000000,16.68080000000000,0.15640000000000,32.80870000000000,49.1211,1080854300035,16.7004,16.5440,0.1564,32.6958,16.6569,0.5570,16.0999,0.0545,451.9949,NA,NA,NA
chrome.exe,24952,0x2F262AA7E40,DXGI,0,0,0,Hardware Composed: Independent Flip,1080854632427,NA,16.69520000000000,16.66440000000000,0.14570000000000,32.82470000000000,49.0903,1080854467039,16.6845,16.5388,0.1457,32.6523,16.7112,0.6837,16.0275,0.0360,468.6953,NA,NA,NA
chrome.exe,24952,0x2F262AA7E40,DXGI,0,0,0,Hardware Composed: Independent Flip,1080854808069,NA,17.56420000000000,16.65510000000000,0.12480000000000,31.94210000000000,48.1812,1080854633884,17.5433,17.4185,0.1248,32.6790,16.6816,0.6540,16.0276,0.0294,485.3798,NA,NA,NA
chrome.exe,24952,0x2F262AA7E40,DXGI,0,0,0,Hardware Composed: Independent Flip,1080854976207,NA,16.81380000000000,16.70140000000000,0.14760000000000,31.92170000000000,48.0688,1080854809317,16.8366,16.6890,0.1476,31.8173,16.7934,0.8160,15.9774,0.8419,502.9231,NA,NA,NA
chrome.exe,24952,0x2F262AA7E40,DXGI,0,0,0,Hardware Composed: Independent Flip,1080855135037,NA,15.88300000000000,16.63240000000000,0.16710000000000,32.56160000000000,48.8182,1080854977683,15.9025,15.7354,0.1671,31.7741,16.5229,0.5528,15.9701,0.2042,519.7597,NA,NA,NA
chrome.exe,24952,0x2F262AA7E40,DXGI,0,0,0,Hardware Composed: Independent Flip,1080855300801,NA,16.57640000000000,16.65370000000000,0.17110000000000,32.58850000000000,48.8955,1080855136708,16.5804,16.4093,0.1711,32.3945,16.6033,0.5721,16.0312,-0.7512,535.6622,NA,NA,NA
chrome.exe,24952,0x2F262AA7E40,DXGI,0,0,0,Hardware Composed: Independent Flip,1080855465621,NA,16.48200000000000,16.68870000000000,0.13650000000000,32.73840000000000,49.1022,1080855302512,16.4474,16.3109,0.1365,32.4174,16.6319,0.5648,16.0671,-0.1083,552.2426,NA,NA,NA
chrome.exe,24952,0x2F262AA7E40,DXGI,0,0,0,Hardware Composed: Independent Flip,1080855632031,NA,16.64100000000000,16.64430000000000,0.15720000000000,32.80370000000000,49.1055,1080855466986,16.6617,16.5045,0.1572,32.6019,16.7063,0.5750,16.1313,-0.1969,568.6900,NA,NA,NA
chrome.exe,24952,0x2F262AA7E40,DXGI,0,0,0,Hardware Composed: Independent Flip,1080855798079,NA,16.60480000000000,16.70420000000000,0.13700000000000,32.80170000000000,49.2049,1080855633603,16.5846,16.4476,0.1370,32.6465,16.6028,0.7214,15.8814,-0.0425,585.3517,NA,NA,NA
chrome.exe,24952,0x2F262AA7E40,DXGI,0,0,0,Hardware Composed: Independent Flip,1080855963806,NA,16.57270000000000,16.65490000000000,0.13320000000000,32.98960000000000,49.2871,1080855799449,16.5689,16.4357,0.1332,32.6647,16.7606,0.7226,16.0380,-0.0703,601.9363,NA,NA,NA
chrome.exe,24952,0x2F262AA7E40,DXGI,0,0,0,Hardware Composed: Independent Flip,1080856131380,NA,16.75740000000000,16.65190000000000,0.14520000000000,32.87840000000000,49.1816,1080855965138,16.7694,16.6242,0.1452,32.8564,16.6462,0.5368,16.1094,-0.0830,618.5052,NA,NA,NA
chrome.exe,24952,0x2F262AA7E40,DXGI,0,0,0,Hardware Composed: Independent Flip,1080856298269,NA,16.68890000000000,16.69100000000000,0.13080000000000,32.84430000000000,49.1837,1080856132832,16.6745,16.5437,0.1308,32.7332,16.6548,0.7312,15.9236,0.0784,635.2746,NA,NA,NA
chrome.exe,24952,0x2F262AA7E40,DXGI,0,0,0,Hardware Composed: Independent Flip,1080856464820,NA,16.65510000000000,16.63610000000000,0.15090000000000,32.90610000000000,49.1647,1080856299577,16.6752,16.5243,0.1509,32.7135,16.7169,0.5786,16.1383,0.0384,651.9491,NA,NA,NA
chrome.exe,24952,0x2F262AA7E40,DXGI,0,0,0,Hardware Composed: Independent Flip,1080856630434,NA,16.56140000000000,16.66490000000000,0.15520000000000,32.92820000000000,49.2682,1080856466329,16.5657,16.4105,0.1552,32.7552,16.5835,0.8264,15.7571,0.0103,668.6243,NA,NA,NA
chrome.exe,24952,0x2F262AA7E40,DXGI,0,0,0,Hardware Composed: Independent Flip,1080856798411,NA,16.79770000000000,16.65710000000000,0.15390000000000,32.79100000000000,49.1276,1080856631986,16.7964,16.6425,0.1539,32.7730,16.6605,0.8990,15.7615,-0.0914,685.1900,NA,NA,NA
chrome.exe,24952,0x2F262AA7E40,DXGI,0,0,0,Hardware Composed: Independent Flip,1080856964579,NA,16.61680000000000,16.71380000000000,0.15740000000000,32.86780000000000,49.2246,1080856799950,16.6203,16.4629,0.1574,32.6371,16.6936,0.7088,15.9848,0.0826,701.9864,NA,NA,NA
chrome.exe,24952,0x2F262AA7E40,DXGI,0,0,0,Hardware Composed: Independent Flip,1080857130582,NA,16.60030000000000,16.62480000000000,0.12380000000000,32.97540000000000,49.2491,1080856966153,16.5667,16.4429,0.1238,32.7104,16.7079,0.6081,16.0998,-0.0045,718.6067,NA,NA,NA
chrome.exe,24952,0x2F262AA7E40,DXGI,0,0,0,Hardware Composed: Independent Flip,1080857297824,NA,16.72420000000000,16.69680000000000,0.13820000000000,32.83340000000000,49.2217,1080857131820,16.7386,16.6004,0.1382,32.8516,16.5822,0.4828,16.0994,-0.1301,735.1734,NA,NA,NA
chrome.exe,24952,0x2F262AA7E40,DXGI,0,0,0,Hardware Composed: Independent Flip,1080857465705,NA,16.78810000000000,16.63930000000000,0.15600000000000,32.78970000000000,49.0729,1080857299206,16.8059,16.6499,0.1560,32.6952,16.7444,0.5690,16.1754,0.0993,751.9120,NA,NA,NA
chrome.exe,24952,0x2F262AA7E40,DXGI,0,0,0,Hardware Composed: Independent Flip,1080857631322,NA,16.56170000000000,16.67060000000000,0.14750000000000,32.82720000000000,49.1818,1080857467265,16.5532,16.4057,0.1475,32.6337,16.5992,0.5589,16.0403,0.1353,768.7179,NA,NA,NA
chrome.exe,24952,0x2F262AA7E40,DXGI,0,0,0,Hardware Composed: Independent Flip,1080857799912,NA,16.85900000000000,16.68830000000000,0.15340000000000,32.67340000000000,49.0111,1080857632797,16.8649,16.7115,0.1534,32.6797,16.7052,0.5195,16.1857,-0.1351,785.2711,NA,NA,NA
chrome.exe,24952,0x2F262AA7E40,DXGI,0,0,0,Hardware Composed: Independent Flip,1080857964844,NA,16.49320000000000,16.69970000000000,0.10640000000000,32.90600000000000,49.2176,1080857801446,16.4462,16.3398,0.1064,32.5200,16.7258,0.5626,16.1632,0.1652,802.1360,NA,NA,NA
chrome.exe,24952,0x2F262AA7E40,DXGI,0,0,0,Hardware Composed: Independent Flip,1080858131425,NA,16.65810000000000,16.64110000000000,0.14170000000000,32.94710000000000,49.2006,1080857965908,16.6934,16.5517,0.1417,32.7996,16.6992,0.5545,16.1447,-0.1949,818.5822,NA,NA,NA
chrome.exe,24952,0x2F262AA7E40,DXGI,0,0,0,Hardware Composed: Independent Flip,1080858299293,NA,16.78680000000000,16.76200000000000,0.14640000000000,32.80120000000000,49.1758,1080858132842,16.7915,16.6451,0.1464,32.8054,16.6409,0.5710,16.0699,-0.0686,835.2756,NA,NA,NA
chrome.exe,24952,0x2F262AA7E40,DXGI,0,0,0,Hardware Composed: Independent Flip,1080858466366,NA,16.70730000000000,16.57850000000000,0.14890000000000,32.87800000000000,49.0470,1080858300757,16.7098,16.5609,0.1489,32.6548,16.7841,0.8926,15.8915,0.2130,852.0671,NA,NA,NA
chrome.exe,24952,0x2F262AA7E40,DXGI,0,0,0,Hardware Composed: Independent Flip,1080858631384,NA,16.50180000000000,16.65090000000000,0.09460000000000,32.91680000000000,49.1961,1080858467855,16.4475,16.3529,0.0946,32.7291,16.5406,0.9656,15.5750,0.0589,868.7769,NA,NA,NA
chrome.exe,24952,0x2F262AA7E40,DXGI,0,0,0,Hardware Composed: Independent Flip,1080858797739,NA,16.63550000000000,16.67420000000000,0.12000000000000,32.93510000000000,49.2348,1080858632330,16.6609,16.5409,0.1200,32.8222,16.6538,0.5406,16.1132,-0.2267,885.2244,NA,NA,NA
chrome.exe,24952,0x2F262AA7E40,DXGI,0,0,0,Hardware Composed: Independent Flip,1080858964751,NA,16.70120000000000,16.65290000000000,0.10890000000000,32.92160000000001,49.1865,1080858798939,16.6901,16.5812,0.1089,32.8151,16.6877,0.5546,16.1331,0.0080,901.8853,NA,NA,NA
chrome.exe,24952,0x2F262AA7E40,DXGI,0,0,0,Hardware Composed: Independent Flip,1080859131923,NA,16.71720000000000,16.72770000000000,0.12770000000000,32.84760000000000,49.1970,1080858965840,16.7360,16.6083,0.1277,32.8127,16.6432,0.5449,16.0983,-0.0376,918.5754,NA,NA,NA
chrome.exe,24952,0x2F262AA7E40,DXGI,0,0,0,Hardware Composed: Independent Flip,1080859299567,NA,16.76440000000000,16.62810000000000,0.13700000000000,32.89130000000000,49.0607,1080859133200,16.7737,16.6367,0.1370,32.7199,16.8081,0.6286,16.1795,0.1079,935.3114,NA,NA,NA
chrome.exe,24952,0x2F262AA7E40,DXGI,0,0,0,Hardware Composed: Independent Flip,1080859464824,NA,16.52570000000000,16.66100000000000,0.16400000000000,32.90390000000000,49.1960,1080859300937,16.5527,16.3887,0.1640,32.7543,16.5383,0.7508,15.7875,0.1127,952.0851,NA,NA,NA
chrome.exe,24952,0x2F262AA7E40,DXGI,0,0,0,Hardware Composed: Independent Flip,1080859633118,NA,16.82940000000000,16.66220000000000,0.19630000000000,32.75090000000000,49.0288,1080859466464,16.8617,16.6654,0.1963,32.7399,16.6764,0.5955,16.0809,-0.1095,968.6378,NA,NA,NA
chrome.exe,24952,0x2F262AA7E40,DXGI,0,0,0,Hardware Composed: Independent Flip,1080859797354,NA,16.42360000000000,16.65670000000000,0.12710000000000,32.96100000000000,49.2619,1080859635081,16.3544,16.2273,0.1271,32.5546,16.6337,0.6070,16.0267,0.2050,985.4995,NA,NA,NA
chrome.exe,24952,0x2F262AA7E40,DXGI,0,0,0,Hardware Composed: Independent Flip,1080859964616,NA,16.72620000000000,16.65900000000000,0.12970000000000,32.91260000000000,49.1947,1080859798625,16.7288,16.5991,0.1297,32.8339,16.6778,0.5841,16.0937,-0.3046,1001.8539,NA,NA,NA
chrome.exe,24952,0x2F262AA7E40,DXGI,0,0,0,Hardware Composed: Independent Flip,1080860129560,NA,16.49440000000000,16.66650000000000,0.16080000000000,33.05090000000000,49.3668,1080859965913,16.5255,16.3647,0.1608,32.7829,16.6327,0.5899,16.0428,0.0623,1018.5827,NA,NA,NA
chrome.exe,24952,0x2F262AA7E40,DXGI,0,0,0,Hardware Composed: Independent Flip,1080860297593,NA,16.80330000000000,16.68430000000000,0.11600000000000,32.91680000000000,49.2478,1080860131168,16.7585,16.6425,0.1160,32.8901,16.6692,0.6643,16.0049,-0.1588,1035.1082,NA,NA,NA
chrome.exe,24952,0x2F262AA7E40,DXGI,0,0,0,Hardware Composed: Independent Flip,1080860464587,NA,16.69940000000000,16.63000000000000,0.13670000000000,32.91830000000000,49.1784,1080860298753,16.7201,16.5834,0.1367,32.8008,16.7009,0.5041,16.1968,0.1285,1051.8667,NA,NA,NA
chrome.exe,24952,0x2F262AA7E40,DXGI,0,0,0,Hardware Composed: Independent Flip,1080860630169,NA,16.55820000000000,16.69030000000000,0.12020000000000,32.96270000000000,49.3105,1080860465954,16.5417,16.4215,0.1202,32.7816,16.6026,0.5100,16.0926,0.0298,1068.5868,NA,NA,NA
chrome.exe,24952,0x2F262AA7E40,DXGI,0,0,0,Hardware Composed: Independent Flip,1080860797013,NA,16.68440000000000,16.62120000000000,0.16940000000000,32.97160000000000,49.2473,1080860631371,16.7336,16.5642,0.1694,32.8425,16.6933,0.5413,16.1520,-0.0795,1085.1285,NA,NA,NA
chrome.exe,24952,0x2F262AA7E40,DXGI,0,0,0,Hardware Composed: Independent Flip,1080860963442,NA,16.64290000000000,16.67740000000000,0.13120000000000,32.91720000000000,49.2818,1080860798707,16.6047,16.4735,0.1312,32.8022,16.5885,0.4929,16.0956,0.0562,1101.8621,NA,NA,NA
chrome.exe,24952,0x2F262AA7E40,DXGI,0,0,0,Hardware Composed: Independent Flip,1080861129163,NA,16.57210000000000,16.67000000000000,0.12170000000000,33.04160000000000,49.3797,1080860964754,16.5626,16.4409,0.1217,32.7860,16.6965,0.6304,16.0661,-0.0653,1118.4668,NA,NA,NA
chrome.exe,24952,0x2F262AA7E40,DXGI,0,0,0,Hardware Composed: Independent Flip,1080861296185,NA,16.70220000000000,16.68200000000000,0.12540000000000,33.02010000000000,49.3595,1080861130380,16.7059,16.5805,0.1254,32.9199,16.6807,0.5434,16.1373,-0.1194,1135.0294,NA,NA,NA
chrome.exe,24952,0x2F262AA7E40,DXGI,0,0,0,Hardware Composed: Independent Flip,1080861461533,NA,16.53480000000000,16.64750000000000,0.12600000000000,33.19840000000000,49.4722,1080861297439,16.5354,16.4094,0.1260,32.8947,16.7131,0.5097,16.2034,0.0584,1151.7353,NA,NA,NA
chrome.exe,24952,0x2F262AA7E40,DXGI,0,0,0,Hardware Composed: Independent Flip,1080861632211,NA,17.06780000000000,16.66120000000000,0.19520000000000,32.71270000000000,49.0656,1080861462793,17.1370,16.9418,0.1952,33.0724,16.5821,0.4970,16.0851,-0.1258,1168.2707,NA,NA,NA
chrome.exe,24952,0x2F262AA7E40,DXGI,0,0,0,Hardware Composed: Independent Flip,1080861796673,NA,16.44620000000000,16.67130000000000,0.13240000000000,32.93490000000000,49.2907,1080861634163,16.3834,16.2510,0.1324,32.5175,16.6684,0.6575,16.0109,0.4657,1185.4077,NA,NA,NA
chrome.exe,24952,0x2F262AA7E40,DXGI,0,0,0,Hardware Composed: Independent Flip,1080861961055,NA,16.43820000000000,16.66760000000000,0.14950000000000,33.18320000000000,49.5201,1080861797997,16.4553,16.3058,0.1495,32.8025,16.6865,0.7853,15.9012,-0.2842,1201.7911,NA,NA,NA
chrome.exe,24952,0x2F262AA7E40,DXGI,0,0,0,Hardware Composed: Independent Flip,1080862128130,NA,16.70750000000000,16.65980000000000,0.08280000000000,33.14930000000000,49.4724,1080861962550,16.6408,16.5580,0.0828,33.0337,16.6736,0.6737,15.9999,-0.2045,1218.2464,NA,NA,NA
chrome.exe,24952,0x2F262AA7E40,DXGI,0,0,0,Hardware Composed: Independent Flip,1080862295098,NA,16.69680000000000,16.69850000000000,0.09050000000000,33.08930000000000,49.4741,1080862128958,16.7045,16.6140,0.0905,33.0665,16.6368,0.4900,16.1468,-0.0577,1234.8872,NA,NA,NA
chrome.exe,24952,0x2F262AA7E40,DXGI,0,0,0,Hardware Composed: Independent Flip,1080862461698,NA,16.66000000000000,16.74210000000000,0.14820000000000,33.18350000000000,49.5562,1080862296003,16.7177,16.5695,0.1482,32.9988,16.7542,0.5847,16.1695,-0.0376,1251.5917,NA,NA,NA
chrome.exe,24952,0x2F262AA7E40,DXGI,0,0,0,Hardware Composed: Independent Flip,1080862629134,NA,16.74360000000000,16.55460000000000,0.13530000000000,33.11220000000000,49.3672,1080862463180,16.7307,16.5954,0.1353,33.0353,16.6723,0.5317,16.1406,0.1631,1268.3094,NA,NA,NA
chrome.exe,24952,0x2F262AA7E40,DXGI,0,0,0,Hardware Composed: Independent Flip,1080862796995,NA,16.78610000000000,16.69030000000000,0.15570000000000,32.86390000000000,49.2714,1080862630487,16.8065,16.6508,0.1557,32.9769,16.5378,0.4558,16.0820,0.0404,1285.0401,NA,NA,NA
chrome.exe,24952,0x2F262AA7E40,DXGI,0,0,0,Hardware Composed: Independent Flip,1080862963966,NA,16.69710000000000,16.66040000000000,0.11320000000000,32.84440000000000,49.2347,1080862798552,16.6546,16.5414,0.1132,32.7082,16.6776,0.4299,16.2477,0.1461,1301.8466,NA,NA,NA
chrome.exe,24952,0x2F262AA7E40,DXGI,0,0,0,Hardware Composed: Independent Flip,1080863130031,NA,16.60650000000000,16.70410000000000,0.12780000000000,32.89610000000000,49.3323,1080862965098,16.6211,16.4933,0.1278,32.7312,16.6582,0.5087,16.1495,-0.0495,1318.5012,NA,NA,NA
chrome.exe,24952,0x2F262AA7E40,DXGI,0,0,0,Hardware Composed: Independent Flip,1080863297114,NA,16.70830000000000,16.63720000000000,0.09740000000000,32.97900000000000,49.2612,1080863131309,16.6779,16.5805,0.0974,32.7683,16.7912,0.4814,16.3098,-0.0161,1335.1223,NA,NA,NA
chrome.exe,24952,0x2F262AA7E40,DXGI,0,0,0,Hardware Composed: Independent Flip,1080863463355,NA,16.62410000000000,16.65280000000000,0.13070000000000,32.93020000000000,49.2899,1080863298088,16.6574,16.5267,0.1307,32.8816,16.5753,0.4657,16.1096,0.0251,1351.8002,NA,NA,NA
chrome.exe,24952,0x2F262AA7E40,DXGI,0,0,0,Hardware Composed: Independent Flip,1080863632195,NA,16.88400000000000,16.66890000000000,0.10590000000000,32.68630000000000,49.0748,1080863464662,16.8592,16.7533,0.1059,32.7995,16.6401,0.4388,16.2013,-0.0115,1368.4576,NA,NA,NA
chrome.exe,24952,0x2F262AA7E40,DXGI,0,0,0,Hardware Composed: Independent Flip,1080863797304,NA,16.51090000000000,16.66200000000000,0.09100000000000,32.84150000000000,49.2259,1080863633254,16.4960,16.4050,0.0910,32.5804,16.6661,0.4768,16.1893,0.1972,1385.3168,NA,NA,NA
chrome.exe,24952,0x2F262AA7E40,DXGI,0,0,0,Hardware Composed: Independent Flip,1080863963382,NA,16.60780000000000,16.67580000000000,0.12420000000000,32.88150000000000,49.2939,1080863798214,16.6410,16.5168,0.1242,32.7505,16.6478,0.4672,16.1806,-0.1798,1401.8128,NA,NA,NA
chrome.exe,24952,0x2F262AA7E40,DXGI,0,0,0,Hardware Composed: Independent Flip,1080864131515,NA,16.81330000000000,16.66870000000000,0.22670000000000,32.77810000000000,49.1493,1080863964624,16.9158,16.6891,0.2267,32.7573,16.7099,0.4591,16.2508,-0.0277,1418.4538,NA,NA,NA
chrome.exe,24952,0x2F262AA7E40,DXGI,0,0,0,Hardware Composed: Independent Flip,1080864296975,NA,16.54600000000000,16.66720000000000,0.15210000000000,32.89400000000000,49.2705,1080864133782,16.4714,16.3193,0.1521,32.5514,16.6619,0.4586,16.2033,0.2486,1435.3696,NA,NA,NA
chrome.exe,24952,0x2F262AA7E40,DXGI,0,0,0,Hardware Composed: Independent Flip,1080864461722,NA,16.47470000000000,16.65660000000000,0.16330000000000,33.13130000000000,49.4524,1080864298496,16.4859,16.3226,0.1633,32.7419,16.7120,0.4827,16.2293,-0.1852,1451.8410,NA,NA,NA
chrome.exe,24952,0x2F262AA7E40,DXGI,0,0,0,Hardware Composed: Independent Flip,1080864630257,NA,16.85350000000000,16.66310000000000,0.12210000000000,32.90800000000000,49.2620,1080864463355,16.8123,16.6902,0.1221,32.9680,16.6302,0.5057,16.1245,-0.1772,1468.3269,NA,NA,NA
chrome.exe,24952,0x2F262AA7E40,DXGI,0,0,0,Hardware Composed: Independent Flip,1080864796908,NA,16.66510000000000,16.66330000000000,0.08890000000000,32.88560000000000,49.2602,1080864631478,16.6319,16.5430,0.0889,32.7859,16.6427,0.4661,16.1766,0.1490,1485.1392,NA,NA,NA
chrome.exe,24952,0x2F262AA7E40,DXGI,0,0,0,Hardware Composed: Independent Flip,1080864962961,NA,16.60530000000000,16.67390000000000,0.12710000000000,32.95860000000000,49.3288,1080864797797,16.6435,16.5164,0.1271,32.7967,16.6783,0.4685,16.2098,-0.0420,1501.7711,NA,NA,NA
chrome.exe,24952,0x2F262AA7E40,DXGI,0,0,0,Hardware Composed: Independent Flip,1080865129076,NA,16.61150000000000,16.65690000000000,0.13510000000000,33.07550000000000,49.3742,1080864964232,16.6195,16.4844,0.1351,32.8315,16.7284,0.6455,16.0829,-0.0134,1518.4146,NA,NA,NA
chrome.exe,24952,0x2F262AA7E40,DXGI,0,0,0,Hardware Composed: Independent Flip,1080865297014,NA,16.79380000000000,16.66510000000000,0.11130000000000,32.90790000000001,49.2455,1080865130427,16.7700,16.6587,0.1113,32.9404,16.6262,0.4926,16.1336,-0.0456,1535.0341,NA,NA,NA
chrome.exe,24952,0x2F262AA7E40,DXGI,0,0,0,Hardware Composed: Independent Flip,1080865465775,NA,16.87610000000000,16.67310000000000,0.16560000000000,32.67140000000000,49.0425,1080865298127,16.9304,16.7648,0.1656,32.7966,16.6396,0.5805,16.0591,0.0969,1551.8041,NA,NA,NA
chrome.exe,24952,0x2F262AA7E40,DXGI,0,0,0,Hardware Composed: Independent Flip,1080865629009,NA,16.32340000000000,16.66550000000000,0.09640000000000,33.02490000000000,49.3846,1080865467431,16.2542,16.1578,0.0964,32.5058,16.6769,0.5059,16.1710,0.2649,1568.7345,NA,NA,NA
chrome.exe,24952,0x2F262AA7E40,DXGI,0,0,0,Hardware Composed: Independent Flip,1080865795302,NA,16.62930000000000,16.68510000000000,0.14370000000000,33.07650000000000,49.4404,1080865629973,16.6766,16.5329,0.1437,32.9285,16.6809,0.5408,16.1401,-0.4309,1584.9887,NA,NA,NA
chrome.exe,24952,0x2F262AA7E40,DXGI,0,0,0,Hardware Composed: Independent Flip,1080865963357,NA,16.80550000000000,16.65960000000000,0.35550000000000,32.96530000000000,49.2945,1080865796739,17.0173,16.6618,0.3555,32.9328,16.6943,0.4995,16.1948,0.0170,1601.6653,NA,NA,NA
chrome.exe,24952,0x2F262AA7E40,DXGI,0,0,0,Hardware Composed: Independent Flip,1080866129658,NA,16.63010000000000,16.67630000000000,0.10030000000000,32.97670000000000,49.3407,1080865966912,16.3749,16.2746,0.1003,32.6098,16.6415,0.4833,16.1582,0.3410,1618.6826,NA,NA,NA
chrome.exe,24952,0x2F262AA7E40,DXGI,0,0,0,Hardware Composed: Independent Flip,1080866297428,NA,16.77700000000000,16.64320000000000,0.07880000000000,33.01180000000000,49.2069,1080866130661,16.7555,16.6767,0.0788,32.8764,16.8121,0.6067,16.2054,-0.2683,1635.0575,NA,NA,NA
chrome.exe,24952,0x2F262AA7E40,DXGI,0,0,0,Hardware Composed: Independent Flip,1080866464584,NA,16.71560000000000,16.74360000000000,0.13200000000000,32.78650000000000,49.2349,1080866298216,16.7688,16.6368,0.1320,32.9330,16.4903,0.5392,15.9511,0.0119,1651.8130,NA,NA,NA
chrome.exe,24952,0x2F262AA7E40,DXGI,0,0,0,Hardware Composed: Independent Flip,1080866630500,NA,16.59160000000000,16.59950000000000,0.12000000000000,32.97390000000000,49.2428,1080866465904,16.5796,16.4596,0.1200,32.6545,16.7790,0.4747,16.3043,0.1693,1668.5818,NA,NA,NA
chrome.exe,24952,0x2F262AA7E40,DXGI,0,0,0,Hardware Composed: Independent Flip,1080866794925,NA,16.44250000000000,16.67180000000000,0.12800000000000,33.12030000000000,49.4721,1080866631700,16.4505,16.3225,0.1280,32.8539,16.5889,0.4780,16.1109,-0.0922,1685.1614,NA,NA,NA
chrome.exe,24952,0x2F262AA7E40,DXGI,0,0,0,Hardware Composed: Independent Flip,1080866963480,NA,16.85550000000000,16.64300000000000,0.11040000000000,32.92890000000000,49.2596,1080866796205,16.8379,16.7275,0.1104,32.9923,16.6641,0.5066,16.1575,-0.1925,1701.6119,NA,NA,NA
chrome.exe,24952,0x2F262AA7E40,DXGI,0,0,0,Hardware Composed: Independent Flip,1080867130813,NA,16.73330000000000,16.67650000000000,0.08940000000000,32.81960000000000,49.2028,1080866964584,16.7123,16.6229,0.0894,32.8185,16.6240,0.6192,16.0048,0.1614,1718.4498,NA,NA,NA
chrome.exe,24952,0x2F262AA7E40,DXGI,0,0,0,Hardware Composed: Independent Flip,1080867294944,NA,16.41310000000000,16.67090000000000,0.12290000000000,33.09570000000000,49.4606,1080867131707,16.4466,16.3237,0.1229,32.7302,16.6892,0.4527,16.2365,0.0414,1735.1621,NA,NA,NA
chrome.exe,24952,0x2F262AA7E40,DXGI,0,0,0,Hardware Composed: Independent Flip,1080867461930,NA,16.69860000000000,16.66910000000000,0.13960000000000,33.06680000000000,49.4311,1080867296173,16.7153,16.5757,0.1396,32.9728,16.6697,0.4587,16.2110,-0.2225,1751.6087,NA,NA,NA
chrome.exe,24952,0x2F262AA7E40,DXGI,0,0,0,Hardware Composed: Independent Flip,1080867629545,NA,16.76150000000000,16.65260000000000,0.13050000000000,32.98990000000000,49.3222,1080867463326,16.7524,16.6219,0.1305,32.9272,16.6846,0.4745,16.2101,0.0627,1768.3240,NA,NA,NA
chrome.exe,24952,0x2F262AA7E40,DXGI,0,0,0,Hardware Composed: Independent Flip,1080867795422,NA,16.58770000000000,16.68000000000000,0.13440000000000,33.05450000000000,49.4145,1080867630850,16.5916,16.4572,0.1344,32.8594,16.6523,0.5481,16.1042,0.0724,1785.0764,NA,NA,NA
chrome.exe,24952,0x2F262AA7E40,DXGI,0,0,0,Hardware Composed: Independent Flip,1080867963539,NA,16.81170000000000,16.66240000000000,0.09470000000000,32.94130000000000,49.2652,1080867796766,16.7720,16.6773,0.0947,32.9201,16.6985,0.4748,16.2237,-0.0708,1801.6680,NA,NA,NA
chrome.exe,24952,0x2F262AA7E40,DXGI,0,0,0,Hardware Composed: Independent Flip,1080868128660,NA,16.51210000000000,16.66260000000000,0.09160000000000,33.06300000000000,49.4157,1080867964486,16.5090,16.4174,0.0916,32.8466,16.6338,0.4542,16.1796,0.1094,1818.4400,NA,NA,NA
chrome.exe,24952,0x2F262AA7E40,DXGI,0,0,0,Hardware Composed: Independent Flip,1080868296408,NA,16.77480000000000,16.67950000000000,0.09610000000000,32.96790000000000,49.3204,1080868129576,16.7793,16.6832,0.0961,32.9714,16.6797,0.5205,16.1592,-0.1705,1834.9490,NA,NA,NA
chrome.exe,24952,0x2F262AA7E40,DXGI,0,0,0,Hardware Composed: Independent Flip,1080868462620,NA,16.62120000000000,16.66080000000000,0.11790000000000,33.02720000000000,49.3600,1080868297369,16.6430,16.5251,0.1179,32.8718,16.6805,0.4901,16.1904,0.1185,1851.7283,NA,NA,NA
chrome.exe,24952,0x2F262AA7E40,DXGI,0,0,0,Hardware Composed: Independent Flip,1080868628900,NA,16.62800000000000,16.65750000000000,0.09830000000000,33.03450000000000,49.3895,1080868463799,16.6084,16.5101,0.0983,32.9093,16.6353,0.4475,16.1878,-0.0145,1868.3713,NA,NA,NA
chrome.exe,24952,0x2F262AA7E40,DXGI,0,0,0,Hardware Composed: Independent Flip,1080868796384,NA,16.74840000000000,16.68750000000000,0.15150000000000,32.92140000000000,49.3286,1080868629883,16.8016,16.6501,0.1515,32.9362,16.6353,0.4682,16.1671,-0.0791,1884.9797,NA,NA,NA
chrome.exe,24952,0x2F262AA7E40,DXGI,0,0,0,Hardware Composed: Independent Flip,1080868961288,NA,16.49040000000000,16.65790000000000,0.09190000000000,33.16930000000000,49.4961,1080868797899,16.4308,16.3389,0.0919,32.7699,16.7383,0.4711,16.2672,0.1437,1901.7813,NA,NA,NA
chrome.exe,24952,0x2F262AA7E40,DXGI,0,0,0,Hardware Composed: Independent Flip,1080869128680,NA,16.73920000000000,16.65940000000000,0.14840000000000,33.07380000000000,49.4163,1080868962207,16.7957,16.6473,0.1484,33.0774,16.6437,0.5435,16.1002,-0.2286,1918.2121,NA,NA,NA
chrome.exe,24952,0x2F262AA7E40,DXGI,0,0,0,Hardware Composed: Independent Flip,1080869297478,NA,16.87980000000000,16.66840000000000,0.12260000000000,32.82310000000000,49.2049,1080869130164,16.8540,16.7314,0.1226,32.9254,16.6291,0.4289,16.2002,0.1273,1935.0078,NA,NA,NA
chrome.exe,24952,0x2F262AA7E40,DXGI,0,0,0,Hardware Composed: Independent Flip,1080869462974,NA,16.54960000000000,16.70410000000000,0.09820000000000,32.96480000000000,49.3594,1080869298704,16.5252,16.4270,0.0982,32.7005,16.6913,0.4798,16.2115,0.1499,1951.8618,NA,NA,NA
chrome.exe,24952,0x2F262AA7E40,DXGI,0,0,0,Hardware Composed: Independent Flip,1080869628342,NA,16.53680000000000,16.63640000000000,0.13770000000000,33.21340000000000,49.4590,1080869463956,16.5763,16.4386,0.1377,32.8666,16.7854,0.5079,16.2775,-0.1112,1968.3870,NA,NA,NA
chrome.exe,24952,0x2F262AA7E40,DXGI,0,0,0,Hardware Composed: Independent Flip,1080869796498,NA,16.81560000000000,16.70320000000000,0.15100000000000,32.96140000000000,49.3466,1080869629719,16.8289,16.6779,0.1510,33.0757,16.5636,0.5294,16.0342,-0.1269,1984.9633,NA,NA,NA
chrome.exe,24952,0x2F262AA7E40,DXGI,0,0,0,Hardware Composed: Independent Flip,1080869963722,NA,16.72240000000000,16.62200000000000,0.14340000000000,33.00340000000000,49.2462,1080869798008,16.7148,16.5714,0.1434,32.8104,16.7644,0.4990,16.2654,0.2069,2001.7922,NA,NA,NA
chrome.exe,24952,0x2F262AA7E40,DXGI,0,0,0,Hardware Composed: Independent Flip,1080870129274,NA,16.55520000000000,16.67370000000000,0.13630000000000,32.98890000000000,49.3647,1080869965156,16.5481,16.4118,0.1363,32.8600,16.5407,0.5241,16.0166,0.0411,2018.5070,NA,NA,NA
chrome.exe,24952,0x2F262AA7E40,DXGI,0,0,0,Hardware Composed: Independent Flip,1080870295708,NA,16.64340000000000,16.66580000000000,0.13860000000000,33.04460000000000,49.3871,1080870130637,16.6457,16.5071,0.1386,32.8526,16.6991,0.5838,16.1153,-0.1177,2035.0551,NA,NA,NA
chrome.exe,24952,0x2F262AA7E40,DXGI,0,0,0,Hardware Composed: Independent Flip,1080870461137,NA,16.54290000000000,16.66340000000000,0.09720000000000,33.14270000000000,49.5076,1080870297094,16.5015,16.4043,0.0972,32.9060,16.6410,0.5998,16.0412,-0.0177,2051.7008,NA,NA,NA
chrome.exe,24952,0x2F262AA7E40,DXGI,0,0,0,Hardware Composed: Independent Flip,1080870629358,NA,16.82210000000000,16.69390000000000,0.13700000000000,32.98320000000000,49.3794,1080870462109,16.8619,16.7249,0.1370,33.0455,16.6626,0.4805,16.1821,-0.1924,2068.2023,NA,NA,NA
chrome.exe,24952,0x2F262AA7E40,DXGI,0,0,0,Hardware Composed: Independent Flip,1080870795794,NA,16.64360000000000,16.64750000000000,0.15330000000000,33.09660000000000,49.3833,1080870630728,16.6599,16.5066,0.1533,32.8462,16.7570,0.5866,16.1704,0.2144,2085.0642,NA,NA,NA
chrome.exe,24952,0x2F262AA7E40,DXGI,0,0,0,Hardware Composed: Independent Flip,1080870963657,NA,16.78630000000000,16.65950000000000,0.13240000000000,32.92700000000000,49.2565,1080870797327,16.7654,16.6330,0.1324,32.9433,16.6167,0.5046,16.1121,0.0004,2101.7241,NA,NA,NA
chrome.exe,24952,0x2F262AA7E40,DXGI,0,0,0,Hardware Composed: Independent Flip,1080871130449,NA,16.67920000000000,16.65910000000000,0.14080000000000,32.89240000000000,49.2364,1080870964981,16.6876,16.5468,0.1408,32.7946,16.6446,0.5096,16.1350,0.1063,2118.4895,NA,NA,NA
chrome.exe,24952,0x2F262AA7E40,DXGI,0,0,0,Hardware Composed: Independent Flip,1080871296313,NA,16.58640000000000,16.68490000000000,0.10930000000000,32.96530000000000,49.3349,1080871131857,16.5549,16.4456,0.1093,32.7516,16.6593,0.4885,16.1708,0.0027,2135.1771,NA,NA,NA
chrome.exe,24952,0x2F262AA7E40,DXGI,0,0,0,Hardware Composed: Independent Flip,1080871460606,NA,16.42930000000000,16.70320000000000,0.07720000000000,33.25650000000000,49.6088,1080871297406,16.3972,16.3200,0.0772,32.8560,16.7205,0.7768,15.9437,-0.1483,2151.7320,NA,NA,NA
chrome.exe,24952,0x2F262AA7E40,DXGI,0,0,0,Hardware Composed: Independent Flip,1080871628579,NA,16.79730000000000,16.65490000000000,0.08060000000000,33.10350000000000,49.4664,1080871461378,16.8007,16.7201,0.0806,33.1793,16.6443,0.5387,16.1056,-0.2577,2168.1292,NA,NA,NA
chrome.exe,24952,0x2F262AA7E40,DXGI,0,0,0,Hardware Composed: Independent Flip,1080871796218,NA,16.76390000000000,16.66690000000000,0.13020000000000,33.07370000000000,49.3694,1080871629385,16.8135,16.6833,0.1302,33.0229,16.7341,0.6001,16.1340,0.1338,2184.9299,NA,NA,NA
chrome.exe,24952,0x2F262AA7E40,DXGI,0,0,0,Hardware Composed: Independent Flip,1080871963440,NA,16.72220000000000,16.63520000000000,0.14230000000000,33.01890000000000,49.2824,1080871797520,16.7343,16.5920,0.1423,32.9435,16.6674,0.5498,16.1176,0.1783,2201.7434,NA,NA,NA
chrome.exe,24952,0x2F262AA7E40,DXGI,0,0,0,Hardware Composed: Independent Flip,1080872130686,NA,16.72460000000000,16.68610000000000,0.14110000000000,32.86200000000000,49.2439,1080871964863,16.7234,16.5823,0.1411,32.8766,16.5677,0.8319,15.7358,0.0482,2218.4777,NA,NA,NA
chrome.exe,24952,0x2F262AA7E40,DXGI,0,0,0,Hardware Composed: Independent Flip,1080872296827,NA,16.61410000000000,16.67110000000000,0.20000000000000,32.96180000000000,49.3009,1080872132097,16.6730,16.4730,0.2000,32.7209,16.7139,0.5670,16.1469,0.0523,2235.2011,NA,NA,NA
chrome.exe,24952,0x2F262AA7E40,DXGI,0,0,0,Hardware Composed: Independent Flip,1080872464742,NA,16.79150000000000,16.66850000000000,0.09680000000000,32.82810000000000,49.1779,1080872298827,16.6883,16.5915,0.0968,32.7618,16.6578,0.5104,16.1474,0.0045,2251.8741,NA,NA,NA
chrome.exe,24952,0x2F262AA7E40,DXGI,0,0,0,Hardware Composed: Independent Flip,1080872630715,NA,16.59730000000000,16.74640000000000,0.13480000000000,32.91340000000000,49.3270,1080872465710,16.6353,16.5005,0.1348,32.7313,16.6826,0.4803,16.2023,-0.0581,2268.5624,NA,NA,NA
chrome.exe,24952,0x2F262AA7E40,DXGI,0,0,0,Hardware Composed: Independent Flip,1080872795278,NA,16.45630000000000,16.55650000000000,0.17290000000000,33.20870000000000,49.4272,1080872632063,16.4944,16.3215,0.1729,32.7786,16.7516,0.4827,16.2689,0.0788,2285.1977,NA,NA,NA
chrome.exe,24952,0x2F262AA7E40,DXGI,0,0,0,Hardware Composed: Independent Flip,1080872963487,NA,16.82090000000000,16.67300000000000,0.15050000000000,32.91400000000000,49.2793,1080872797007,16.7985,16.6480,0.1505,33.0358,16.5262,0.5408,15.9854,-0.1786,2301.6921,NA,NA,NA
chrome.exe,24952,0x2F262AA7E40,DXGI,0,0,0,Hardware Composed: Independent Flip,1080873130829,NA,16.73420000000000,16.65340000000000,0.14430000000000,32.90150000000000,49.1985,1080872964992,16.7280,16.5837,0.1443,32.7635,16.7217,0.5757,16.1460,0.1451,2318.4906,NA,NA,NA
chrome.exe,24952,0x2F262AA7E40,DXGI,0,0,0,Hardware Composed: Independent Flip,1080873297210,NA,16.63810000000000,16.70630000000000,0.11830000000000,32.89130000000000,49.2667,1080873132272,16.6121,16.4938,0.1183,32.7572,16.6279,0.5258,16.1021,0.0217,2335.2186,NA,NA,NA
chrome.exe,24952,0x2F262AA7E40,DXGI,0,0,0,Hardware Composed: Independent Flip,1080873465106,NA,16.78960000000000,16.66070000000000,0.12620000000000,32.83730000000000,49.1378,1080873298393,16.7975,16.6713,0.1262,32.7730,16.7356,0.5267,16.2089,-0.0486,2351.8307,NA,NA,NA
chrome.exe,24952,0x2F262AA7E40,DXGI,0,0,0,Hardware Composed: Independent Flip,1080873630386,NA,16.52800000000000,16.64870000000000,0.09420000000000,32.95740000000000,49.2585,1080873466368,16.4960,16.4018,0.0942,32.7111,16.6481,0.6038,16.0443,0.1488,2368.6282,NA,NA,NA
chrome.exe,24952,0x2F262AA7E40,DXGI,0,0,0,Hardware Composed: Independent Flip,1080873798041,NA,16.76550000000000,16.66810000000000,0.13010000000000,32.83440000000000,49.1611,1080873631328,16.8014,16.6713,0.1301,32.8632,16.6425,0.5058,16.1367,-0.1721,2385.1242,NA,NA,NA
chrome.exe,24952,0x2F262AA7E40,DXGI,0,0,0,Hardware Composed: Independent Flip,1080873963531,NA,16.54900000000000,16.65850000000000,0.12340000000000,32.94310000000000,49.2706,1080873799342,16.5423,16.4189,0.1234,32.7043,16.6577,0.5418,16.1159,0.1429,2401.9256,NA,NA,NA
chrome.exe,24952,0x2F262AA7E40,DXGI,0,0,0,Hardware Composed: Independent Flip,1080874129329,NA,16.57980000000000,16.66600000000000,0.12200000000000,33.00420000000000,49.3568,1080873964765,16.5784,16.4564,0.1220,32.8197,16.6409,0.4861,16.1548,-0.1237,2418.4679,NA,NA,NA
chrome.exe,24952,0x2F262AA7E40,DXGI,0,0,0,Hardware Composed: Independent Flip,1080874297724,NA,16.83950000000000,16.69330000000000,0.14790000000000,32.84640000000000,49.2106,1080874130549,16.8654,16.7175,0.1479,32.8822,16.6817,0.5263,16.1554,-0.1149,2435.0463,NA,NA,NA
chrome.exe,24952,0x2F262AA7E40,DXGI,0,0,0,Hardware Composed: Independent Flip,1080874463108,NA,16.53840000000000,16.63690000000000,0.14660000000000,33.00990000000000,49.3091,1080874299203,16.5371,16.3905,0.1466,32.6985,16.7019,0.6701,16.0318,0.2285,2451.9117,NA,NA,NA
chrome.exe,24952,0x2F262AA7E40,DXGI,0,0,0,Hardware Composed: Independent Flip,1080874629251,NA,16.61430000000000,16.72160000000000,0.18410000000000,33.04650000000000,49.4164,1080874464574,16.6518,16.4677,0.1841,32.8633,16.6509,0.5356,16.1153,-0.1845,2468.4488,NA,NA,NA
chrome.exe,24952,0x2F262AA7E40,DXGI,0,0,0,Hardware Composed: Independent Flip,1080874796405,NA,16.71540000000000,16.63450000000000,0.14960000000000,33.05100000000000,49.3355,1080874631092,16.6809,16.5313,0.1496,32.8624,16.7199,0.5370,16.1829,0.0173,2485.1006,NA,NA,NA
chrome.exe,24952,0x2F262AA7E40,DXGI,0,0,0,Hardware Composed: Independent Flip,1080874963986,NA,16.75810000000000,16.67600000000000,0.08740000000000,32.94680000000000,49.2534,1080874797901,16.6959,16.6085,0.0874,32.9014,16.6539,0.5468,16.1071,0.0049,2501.7815,NA,NA,NA
chrome.exe,24952,0x2F262AA7E40,DXGI,0,0,0,Hardware Composed: Independent Flip,1080875132031,NA,16.80450000000000,16.68700000000000,0.12510000000000,32.83840000000000,49.1359,1080874964860,16.8422,16.7171,0.1251,32.8594,16.6961,0.5817,16.1144,0.0089,2518.4774,NA,NA,NA
chrome.exe,24952,0x2F262AA7E40,DXGI,0,0,0,Hardware Composed: Independent Flip,1080875299468,NA,16.74370000000000,16.63630000000000,0.12730000000000,32.77380000000000,49.0285,1080875133282,16.7459,16.6186,0.1273,32.7133,16.6791,0.5566,16.1225,0.2059,2535.3196,NA,NA,NA
chrome.exe,24952,0x2F262AA7E40,DXGI,0,0,0,Hardware Composed: Independent Flip,1080875465354,NA,16.58860000000000,16.67460000000000,0.13200000000000,32.79070000000000,49.1145,1080875300741,16.5933,16.4613,0.1320,32.6465,16.6055,0.5418,16.0637,0.0713,2552.0655,NA,NA,NA
chrome.exe,24952,0x2F262AA7E40,DXGI,0,0,0,Hardware Composed: Independent Flip,1080875633133,NA,16.77790000000000,16.64650000000000,0.15360000000000,32.71450000000000,48.9831,1080875466674,16.7995,16.6459,0.1536,32.6587,16.7017,0.5933,16.1084,-0.0532,2568.6588,NA,NA,NA
chrome.exe,24952,0x2F262AA7E40,DXGI,0,0,0,Hardware Composed: Independent Flip,1080875799076,NA,16.59430000000000,16.65690000000000,0.11300000000000,32.74620000000000,49.0457,1080875634669,16.5537,16.4407,0.1130,32.5609,16.6260,0.6432,15.9828,0.1426,2585.4583,NA,NA,NA
chrome.exe,24952,0x2F262AA7E40,DXGI,0,0,0,Hardware Composed: Independent Flip,1080875966318,NA,16.72420000000000,16.67050000000000,0.12770000000000,32.67450000000000,48.9920,1080875800206,16.7389,16.6112,0.1277,32.6332,16.6525,0.5809,16.0716,-0.1168,2602.0120,NA,NA,NA
chrome.exe,24952,0x2F262AA7E40,DXGI,0,0,0,Hardware Composed: Independent Flip,1080876130400,NA,16.40820000000000,16.66110000000000,0.11700000000000,32.90700000000000,49.2449,1080875967595,16.3975,16.2805,0.1170,32.5468,16.6407,0.6210,16.0197,0.0778,2618.7509,NA,NA,NA
chrome.exe,24952,0x2F262AA7E40,DXGI,0,0,0,Hardware Composed: Independent Flip,1080876295034,NA,16.46340000000000,16.65140000000000,0.09160000000000,33.15530000000000,49.4329,1080876131570,16.4380,16.3464,0.0916,32.7900,16.7117,0.5273,16.1844,-0.2539,2635.1484,NA,NA,NA
chrome.exe,24952,0x2F262AA7E40,DXGI,0,0,0,Hardware Composed: Independent Flip,1080876460894,NA,16.58600000000000,16.69030000000000,0.09500000000000,33.14500000000000,49.5372,1080876295950,16.5894,16.4944,0.0950,33.0637,16.5757,0.4841,16.0916,-0.2523,2651.5864,NA,NA,NA
chrome.exe,24952,0x2F262AA7E40,DXGI,0,0,0,Hardware Composed: Independent Flip,1080876629470,NA,16.85760000000000,16.67670000000000,0.13110000000000,33.03310000000000,49.3563,1080876461844,16.8937,16.7626,0.1311,33.0500,16.7457,0.4839,16.2618,-0.0873,2668.1758,NA,NA,NA
chrome.exe,24952,0x2F262AA7E40,DXGI,0,0,0,Hardware Composed: Independent Flip,1080876794956,NA,16.54860000000000,16.66500000000000,0.10230000000000,33.18070000000000,49.4727,1080876630781,16.5198,16.4175,0.1023,32.9020,16.6962,0.5375,16.1587,0.2287,2685.0695,NA,NA,NA
chrome.exe,24952,0x2F262AA7E40,DXGI,0,0,0,Hardware Composed: Independent Flip,1080876964560,NA,16.96040000000000,16.65050000000000,0.14170000000000,32.85230000000000,49.1628,1080876795979,16.9998,16.8581,0.1417,33.0784,16.6320,0.5183,16.1137,-0.1307,2701.5893,NA,NA,NA
chrome.exe,24952,0x2F262AA7E40,DXGI,0,0,0,Hardware Composed: Independent Flip,1080877131539,NA,16.69790000000000,16.68990000000000,0.11490000000000,32.78650000000000,49.1548,1080876965977,16.6711,16.5562,0.1149,32.7106,16.6321,0.5753,16.0568,0.3099,2718.5891,NA,NA,NA
chrome.exe,24952,0x2F262AA7E40,DXGI,0,0,0,Hardware Composed: Independent Flip,1080877297185,NA,16.56460000000000,16.66740000000000,0.13580000000000,32.96710000000000,49.2576,1080877132688,16.5855,16.4497,0.1358,32.6716,16.7452,0.6119,16.1333,0.0037,2735.2602,NA,NA,NA
chrome.exe,24952,0x2F262AA7E40,DXGI,0,0,0,Hardware Composed: Independent Flip,1080877460918,NA,16.37330000000000,16.65560000000000,0.14980000000000,33.22590000000000,49.5399,1080877298543,16.3873,16.2375,0.1498,32.8313,16.6321,0.5313,16.1008,-0.0701,2751.8457,NA,NA,NA
chrome.exe,24952,0x2F262AA7E40,DXGI,0,0,0,Hardware Composed: Independent Flip,1080877631124,NA,17.02060000000000,16.67180000000000,0.09920000000000,32.87230000000000,49.1911,1080877462416,16.9700,16.8708,0.0992,33.0761,16.6670,0.5081,16.1589,-0.2845,2768.2330,NA,NA,NA
chrome.exe,24952,0x2F262AA7E40,DXGI,0,0,0,Hardware Composed: Independent Flip,1080877797827,NA,16.67030000000000,16.66730000000000,0.10000000000000,32.84020000000000,49.1881,1080877632116,16.6711,16.5711,0.1000,32.7731,16.6382,0.6426,15.9956,0.3027,2785.2030,NA,NA,NA
chrome.exe,24952,0x2F262AA7E40,DXGI,0,0,0,Hardware Composed: Independent Flip,1080877963486,NA,16.56590000000000,16.68220000000000,0.13870000000000,32.97870000000000,49.3044,1080877798827,16.6046,16.4659,0.1387,32.7402,16.7044,0.6970,16.0074,-0.0111,2801.8741,NA,NA,NA
chrome.exe,24952,0x2F262AA7E40,DXGI,0,0,0,Hardware Composed: Independent Flip,1080878132739,NA,16.92530000000000,16.68120000000000,0.11340000000000,32.71270000000000,49.0603,1080877964873,16.9000,16.7866,0.1134,32.8400,16.6593,0.4942,16.1651,-0.0766,2818.4787,NA,NA,NA
chrome.exe,24952,0x2F262AA7E40,DXGI,0,0,0,Hardware Composed: Independent Flip,1080878296890,NA,16.41510000000000,16.63850000000000,0.13980000000000,33.01240000000000,49.2837,1080878133873,16.4415,16.3017,0.1398,32.5993,16.7148,0.5046,16.2102,0.2615,2835.3787,NA,NA,NA
chrome.exe,24952,0x2F262AA7E40,DXGI,0,0,0,Hardware Composed: Independent Flip,1080878464276,NA,16.73860000000000,16.68310000000000,0.13510000000000,32.90930000000000,49.2282,1080878298288,16.7339,16.5988,0.1351,32.8726,16.6355,0.6748,15.9607,-0.2416,2851.8202,NA,NA,NA
chrome.exe,24952,0x2F262AA7E40,DXGI,0,0,0,Hardware Composed: Independent Flip,1080878631974,NA,16.76980000000000,16.65460000000000,0.13180000000000,32.87810000000000,49.1130,1080878465627,16.7665,16.6347,0.1318,32.7742,16.7386,0.5771,16.1615,0.0793,2868.5541,NA,NA,NA
chrome.exe,24952,0x2F262AA7E40,DXGI,0,0,0,Hardware Composed: Independent Flip,1080878799234,NA,16.72600000000000,16.66480000000000,0.11140000000000,32.75680000000000,49.0518,1080878633292,16.7056,16.5942,0.1114,32.7463,16.6047,0.5422,16.0625,0.1017,2885.3206,NA,NA,NA
chrome.exe,24952,0x2F262AA7E40,DXGI,0,0,0,Hardware Composed: Independent Flip,1080878966281,NA,16.70470000000000,16.65600000000000,0.13220000000000,32.70760000000000,49.0031,1080878800348,16.7255,16.5933,0.1322,32.6454,16.6555,0.5418,16.1137,0.0496,2902.0262,NA,NA,NA
chrome.exe,24952,0x2F262AA7E40,DXGI,0,0,0,Hardware Composed: Independent Flip,1080879130913,NA,16.46320000000000,16.67440000000000,0.13690000000000,32.90860000000000,49.2143,1080878967603,16.4679,16.3310,0.1369,32.5754,16.6642,0.5801,16.0841,0.0511,2918.7517,NA,NA,NA
chrome.exe,24952,0x2F262AA7E40,DXGI,0,0,0,Hardware Composed: Independent Flip,1080879298578,NA,16.76650000000000,16.66750000000000,0.15640000000000,32.79390000000000,49.1153,1080879132282,16.7860,16.6296,0.1564,32.7717,16.6518,0.5262,16.1256,-0.1996,2935.2196,NA,NA,NA
chrome.exe,24952,0x2F262AA7E40,DXGI,0,0,0,Hardware Composed: Independent Flip,1080879464883,NA,16.63050000000000,16.70390000000000,0.10140000000000,32.84690000000001,49.1887,1080879300142,16.5755,16.4741,0.1014,32.6375,16.6835,0.5689,16.1146,0.0821,2952.0056,NA,NA,NA
chrome.exe,24952,0x2F262AA7E40,DXGI,0,0,0,Hardware Composed: Independent Flip,1080879635174,NA,17.02910000000000,16.65810000000000,0.12230000000000,32.55550000000000,48.8177,1080879465897,17.0500,16.9277,0.1223,32.7455,16.7377,0.5685,16.1692,-0.0826,2968.5811,NA,NA,NA
chrome.exe,24952,0x2F262AA7E40,DXGI,0,0,0,Hardware Composed: Independent Flip,1080879797281,NA,16.21070000000000,16.77000000000000,0.13570000000000,33.03520000000000,49.3770,1080879636397,16.2241,16.0884,0.1357,32.4332,16.6904,0.7353,15.9551,0.2800,2985.6311,NA,NA,NA
chrome.exe,24952,0x2F262AA7E40,DXGI,0,0,0,Hardware Composed: Independent Flip,1080879967222,NA,16.99410000000000,16.56240000000000,0.12590000000000,32.82330000000000,48.9453,1080879798638,16.9843,16.8584,0.1259,32.8995,16.7822,0.6554,16.1268,-0.3383,3001.8552,NA,NA,NA
chrome.exe,24952,0x2F262AA7E40,DXGI,0,0,0,Hardware Composed: Independent Flip,1080880135457,NA,16.82350000000000,16.63840000000000,0.18960000000000,32.51020000000000,48.7602,1080879968481,16.8872,16.6976,0.1896,32.6974,16.5104,0.6495,15.8609,0.3459,3018.8395,NA,NA,NA
chrome.exe,24952,0x2F262AA7E40,DXGI,0,0,0,Hardware Composed: Independent Flip,1080880301684,NA,16.62270000000000,16.66470000000000,0.14190000000000,32.50880000000000,48.8022,1080880137353,16.5750,16.4331,0.1419,32.3206,16.6213,0.5539,16.0674,0.2225,3035.7267,NA,NA,NA
chrome.exe,24952,0x2F262AA7E40,DXGI,0,0,0,Hardware Composed: Independent Flip,1080880466756,NA,16.50720000000000,16.70530000000000,0.11080000000000,32.66960000000000,49.0003,1080880303103,16.4761,16.3653,0.1108,32.3669,16.6680,0.5909,16.0771,-0.1303,3052.3017,NA,NA,NA
chrome.exe,24952,0x2F262AA7E40,DXGI,0,0,0,Hardware Composed: Independent Flip,1080880631513,NA,16.47570000000000,16.64110000000000,0.13600000000000,32.87840000000000,49.1657,1080880467864,16.5009,16.3649,0.1360,32.5588,16.6845,0.9484,15.7361,-0.1650,3068.7778,NA,NA,NA
chrome.exe,24952,0x2F262AA7E40,DXGI,0,0,0,Hardware Composed: Independent Flip,1080880797867,NA,16.63540000000000,16.66370000000000,0.12770000000000,32.91670000000000,49.1940,1080880632873,16.6271,16.4994,0.1277,32.7424,16.6737,0.5993,16.0744,-0.1628,3085.2787,NA,NA,NA
chrome.exe,24952,0x2F262AA7E40,DXGI,0,0,0,Hardware Composed: Independent Flip,1080880966591,NA,16.87240000000000,16.66500000000000,0.13790000000000,32.67780000000000,48.9866,1080880799144,16.8826,16.7447,0.1379,32.7890,16.6335,0.8407,15.7928,-0.0379,3101.9058,NA,NA,NA
chrome.exe,24952,0x2F262AA7E40,DXGI,0,0,0,Hardware Composed: Independent Flip,1080881132310,NA,16.57190000000000,16.69700000000000,0.13570000000000,32.77530000000000,49.1117,1080880967970,16.5697,16.4340,0.1357,32.5399,16.6694,1.0222,15.6472,0.1856,3118.7884,NA,NA,NA
chrome.exe,24952,0x2F262AA7E40,DXGI,0,0,0,Hardware Composed: Independent Flip,1080881297662,NA,16.53520000000000,16.63840000000000,0.13940000000000,32.98690000000000,49.2149,1080881133667,16.5389,16.3995,0.1394,32.6396,16.7468,0.5743,16.1725,-0.0687,3135.3581,NA,NA,NA
chrome.exe,24952,0x2F262AA7E40,DXGI,0,0,0,Hardware Composed: Independent Flip,1080881463743,NA,16.60810000000000,16.68700000000000,0.16010000000000,32.98940000000000,49.2938,1080881299056,16.6288,16.4687,0.1601,32.8475,16.6106,0.6311,15.9795,-0.1481,3151.8970,NA,NA,NA
chrome.exe,24952,0x2F262AA7E40,DXGI,0,0,0,Hardware Composed: Independent Flip,1080881633941,NA,17.01980000000000,16.63450000000000,0.16490000000000,32.67680000000000,48.9085,1080881465344,17.0246,16.8597,0.1649,32.8293,16.7072,0.7476,15.9596,-0.0057,3168.5258,NA,NA,NA
chrome.exe,24952,0x2F262AA7E40,DXGI,0,0,0,Hardware Composed: Independent Flip,1080881798731,NA,16.47900000000000,16.70940000000000,0.13710000000000,32.85940000000000,49.1389,1080881635590,16.4512,16.3141,0.1371,32.5119,16.6616,0.5994,16.0622,0.3152,3185.5504,NA,NA,NA
chrome.exe,24952,0x2F262AA7E40,DXGI,0,0,0,Hardware Composed: Independent Flip,1080881965865,NA,16.71340000000000,16.62570000000000,0.13610000000000,32.82980000000000,49.0512,1080881800102,16.7124,16.5763,0.1361,32.7223,16.6838,0.5663,16.1175,-0.1745,3202.0016,NA,NA,NA
chrome.exe,24952,0x2F262AA7E40,DXGI,0,0,0,Hardware Composed: Independent Flip,1080882132423,NA,16.65580000000000,16.66710000000000,0.10880000000000,32.75140000000000,49.0625,1080881967226,16.6285,16.5197,0.1088,32.6937,16.5774,0.5451,16.0323,0.0453,3218.7140,NA,NA,NA
chrome.exe,24952,0x2F262AA7E40,DXGI,0,0,0,Hardware Composed: Independent Flip,1080882300813,NA,16.83900000000000,16.67030000000000,0.14340000000000,32.63750000000000,48.8938,1080882133511,16.8736,16.7302,0.1434,32.6426,16.7251,0.7197,16.0054,-0.0418,3235.3425,NA,NA,NA
chrome.exe,24952,0x2F262AA7E40,DXGI,0,0,0,Hardware Composed: Independent Flip,1080882464596,NA,16.37830000000000,16.66460000000000,0.15220000000000,32.88490000000000,49.1801,1080882302247,16.3871,16.2349,0.1522,32.4941,16.6257,0.5929,16.0328,0.2090,3252.2161,NA,NA,NA
chrome.exe,24952,0x2F262AA7E40,DXGI,0,0,0,Hardware Composed: Independent Flip,1080882631316,NA,16.67200000000000,16.66240000000000,0.11650000000000,32.85320000000000,49.1705,1080882466118,16.6363,16.5198,0.1165,32.7327,16.6403,0.5354,16.1049,-0.2753,3268.6032,NA,NA,NA
chrome.exe,24952,0x2F262AA7E40,DXGI,0,0,0,Hardware Composed: Independent Flip,1080882798716,NA,16.74000000000000,16.68390000000000,0.14520000000000,32.78210000000000,49.1144,1080882632481,16.7687,16.6235,0.1452,32.7367,16.6689,0.4848,16.1841,-0.0476,3285.2395,NA,NA,NA
chrome.exe,24952,0x2F262AA7E40,DXGI,0,0,0,Hardware Composed: Independent Flip,1080882965526,NA,16.68100000000000,16.67730000000000,0.11400000000000,32.81350000000000,49.1107,1080882800168,16.6498,16.5358,0.1140,32.6369,16.7124,0.5325,16.1799,0.0914,3302.0082,NA,NA,NA
chrome.exe,24952,0x2F262AA7E40,DXGI,0,0,0,Hardware Composed: Independent Flip,1080883130931,NA,16.54050000000000,16.61070000000000,0.10640000000000,32.98060000000000,49.1809,1080882966666,16.5329,16.4265,0.1064,32.6995,16.7076,0.5865,16.1211,0.0391,3318.6580,NA,NA,NA
chrome.exe,24952,0x2F262AA7E40,DXGI,0,0,0,Hardware Composed: Independent Flip,1080883299025,NA,16.80940000000000,16.69800000000000,0.11260000000000,32.74090000000000,49.0695,1080883131995,16.8156,16.7030,0.1126,32.8742,16.5697,0.6896,15.8801,-0.1651,3335.1909,NA,NA,NA
chrome.exe,24952,0x2F262AA7E40,DXGI,0,0,0,Hardware Composed: Independent Flip,1080883466695,NA,16.76700000000000,16.67400000000000,0.13690000000000,32.65760000000000,48.9765,1080883300151,16.7913,16.6544,0.1369,32.6283,16.6837,0.5261,16.1576,0.1416,3352.0065,NA,NA,NA
chrome.exe,24952,0x2F262AA7E40,DXGI,0,0,0,Hardware Composed: Independent Flip,1080883631056,NA,16.43610000000000,16.65910000000000,0.13960000000000,32.86420000000000,49.1995,1080883468064,16.4388,16.2992,0.1396,32.5207,16.6427,0.5115,16.1312,0.1322,3368.7978,NA,NA,NA
chrome.exe,24952,0x2F262AA7E40,DXGI,0,0,0,Hardware Composed: Independent Flip,1080883798868,NA,16.78120000000000,16.68170000000000,0.14030000000000,32.76600000000000,49.1000,1080883632452,16.7819,16.6416,0.1403,32.7246,16.6830,0.8707,15.8123,-0.2429,3385.2366,NA,NA,NA
chrome.exe,24952,0x2F262AA7E40,DXGI,0,0,0,Hardware Composed: Independent Flip,1080883965413,NA,16.65450000000000,16.64030000000000,0.16050000000000,32.82530000000000,49.0858,1080883800271,16.6747,16.5142,0.1605,32.6257,16.7138,0.5437,16.1701,0.1416,3402.0185,NA,NA,NA
chrome.exe,24952,0x2F262AA7E40,DXGI,0,0,0,Hardware Composed: Independent Flip,1080884131796,NA,16.63830000000000,16.67500000000000,0.12080000000000,32.77680000000000,49.1225,1080883967018,16.5986,16.4778,0.1208,32.6648,16.5898,0.5072,16.0826,-0.0003,3418.6932,NA,NA,NA
chrome.exe,24952,0x2F262AA7E40,DXGI,0,0,0,Hardware Composed: Independent Flip,1080884299145,NA,16.73490000000000,16.64400000000000,0.13000000000000,32.77130000000000,49.0316,1080884133004,16.7441,16.6141,0.1300,32.6560,16.7294,0.5918,16.1376,-0.0454,3435.2918,NA,NA,NA
chrome.exe,24952,0x2F262AA7E40,DXGI,0,0,0,Hardware Composed: Independent Flip,1080884464843,NA,16.56980000000000,16.65070000000000,0.14610000000000,32.79390000000000,49.1125,1080884300445,16.5859,16.4398,0.1461,32.6413,16.5924,0.5080,16.0844,0.0934,3452.0359,NA,NA,NA
chrome.exe,24952,0x2F262AA7E40,DXGI,0,0,0,Hardware Composed: Independent Flip,1080884631350,NA,16.65070000000000,16.66680000000000,0.09760000000000,32.75240000000000,49.1286,1080884466304,16.6022,16.5046,0.0976,32.6478,16.6092,0.4354,16.1738,-0.0809,3468.6218,NA,NA,NA
chrome.exe,24952,0x2F262AA7E40,DXGI,0,0,0,Hardware Composed: Independent Flip,1080884796742,NA,16.53920000000000,16.66600000000000,0.10750000000000,32.90930000000000,49.2554,1080884632326,16.5491,16.4416,0.1075,32.6548,16.6961,0.4751,16.2210,-0.0638,3485.2240,NA,NA,NA
chrome.exe,24952,0x2F262AA7E40,DXGI,0,0,0,Hardware Composed: Independent Flip,1080884961311,NA,16.45690000000000,16.72260000000000,0.07610000000000,33.08810000000000,49.5211,1080884797817,16.4255,16.3494,0.0761,32.8018,16.6357,0.4841,16.1516,-0.1735,3501.7731,NA,NA,NA
chrome.exe,24952,0x2F262AA7E40,DXGI,0,0,0,Hardware Composed: Independent Flip,1080885129739,NA,16.84280000000000,16.65250000000000,0.13580000000000,33.03580000000000,49.3308,1080884962072,16.9025,16.7667,0.1358,33.0120,16.7905,0.5797,16.2108,-0.2270,3518.1986,NA,NA,NA
chrome.exe,24952,0x2F262AA7E40,DXGI,0,0,0,Hardware Composed: Independent Flip,1080885295274,NA,16.55350000000000,16.66510000000000,0.08330000000000,33.18080000000000,49.4424,1080885131097,16.5010,16.4177,0.0833,32.9000,16.6985,0.5434,16.1551,0.2374,3535.1011,NA,NA,NA
chrome.exe,24952,0x2F262AA7E40,DXGI,0,0,0,Hardware Composed: Independent Flip,1080885463312,NA,16.80380000000000,16.63390000000000,0.11180000000000,33.00610000000000,49.2725,1080885296107,16.8323,16.7205,0.1118,33.0975,16.6291,0.5288,16.1003,-0.1329,3551.6021,NA,NA,NA
chrome.exe,24952,0x2F262AA7E40,DXGI,0,0,0,Hardware Composed: Independent Flip,1080885633340,NA,17.00280000000000,16.67520000000000,0.12680000000000,32.59520000000000,48.9449,1080885464430,17.0178,16.8910,0.1268,32.8943,16.5919,0.5404,16.0515,0.1571,3568.4344,NA,NA,NA
chrome.exe,24952,0x2F262AA7E40,DXGI,0,0,0,Hardware Composed: Independent Flip,1080885798392,NA,16.50520000000000,16.67150000000000,0.11330000000000,33.00310000000000,49.1112,1080885634608,16.4917,16.3784,0.1133,32.4684,16.9131,0.8035,16.1096,0.3463,3585.4522,NA,NA,NA
chrome.exe,24952,0x2F262AA7E40,DXGI,0,0,0,Hardware Composed: Independent Flip,1080885962341,NA,16.39490000000000,16.69510000000000,0.14050000000000,33.27260000000000,49.4114,1080885799525,16.4221,16.2816,0.1405,32.8898,16.6644,1.1403,15.5241,-0.2034,3601.9439,NA,NA,NA
chrome.exe,24952,0x2F262AA7E40,DXGI,0,0,0,Hardware Composed: Independent Flip,1080886129432,NA,16.70910000000000,16.67680000000000,0.16300000000000,33.28900000000000,49.3791,1080885963746,16.7316,16.5686,0.1630,33.1321,16.7255,0.9971,15.7284,-0.2547,3618.3660,NA,NA,NA
chrome.exe,24952,0x2F262AA7E40,DXGI,0,0,0,Hardware Composed: Independent Flip,1080886298862,NA,16.94300000000000,16.66980000000000,0.12630000000000,33.00030000000000,49.1059,1080886131062,16.9063,16.7800,0.1263,33.1260,16.6543,0.9771,15.6772,0.0618,3635.0976,NA,NA,NA
chrome.exe,24952,0x2F262AA7E40,DXGI,0,0,0,Hardware Composed: Independent Flip,1080886465076,NA,16.62140000000000,16.67610000000000,0.12070000000000,33.09160000000000,49.1606,1080886300125,16.6158,16.4951,0.1207,32.8740,16.7127,1.1180,15.5947,0.2302,3652.0039,NA,NA,NA
chrome.exe,24952,0x2F262AA7E40,DXGI,0,0,0,Hardware Composed: Independent Flip,1080886633504,NA,16.84280000000000,16.65530000000000,0.12740000000000,32.94790000000000,48.9731,1080886466283,16.8495,16.7221,0.1274,32.9709,16.6991,1.0725,15.6266,-0.0395,3668.6197,NA,NA,NA
chrome.exe,24952,0x2F262AA7E40,DXGI,0,0,0,Hardware Composed: Independent Flip,1080886798504,NA,16.50000000000000,16.69580000000000,0.11080000000000,33.10770000000000,49.1689,1080886634778,16.4834,16.3726,0.1108,32.8205,16.6598,1.2099,15.4499,0.1537,3685.4692,NA,NA,NA
chrome.exe,24952,0x2F262AA7E40,DXGI,0,0,0,Hardware Composed: Independent Flip,1080886967617,NA,16.91130000000000,16.66480000000000,0.10720000000000,32.92770000000000,48.9224,1080886799612,16.9077,16.8005,0.1072,32.9969,16.7313,1.0533,15.6780,-0.1814,3701.9526,NA,NA,NA
chrome.exe,24952,0x2F262AA7E40,DXGI,0,0,0,Hardware Composed: Independent Flip,1080887133002,NA,16.53850000000000,16.69550000000000,0.12600000000000,33.03200000000000,49.0794,1080886968689,16.5573,16.4313,0.1260,32.8205,16.6428,1.1746,15.4682,0.2122,3718.8603,NA,NA,NA
chrome.exe,24952,0x2F262AA7E40,DXGI,0,0,0,Hardware Composed: Independent Flip,1080887299143,NA,16.61410000000000,16.61320000000000,0.13610000000000,33.17500000000000,49.0785,1080887134262,16.6242,16.4881,0.1361,32.9060,16.7571,1.1380,15.6191,-0.0559,3735.4176,NA,NA,NA
chrome.exe,24952,0x2F262AA7E40,DXGI,0,0,0,Hardware Composed: Independent Flip,1080887465662,NA,16.65190000000000,16.64710000000000,0.15610000000000,33.02620000000000,49.0737,1080887300504,16.6719,16.5158,0.1561,33.0389,16.5031,1.0228,15.4803,-0.0229,3752.0418,NA,NA,NA
chrome.exe,24952,0x2F262AA7E40,DXGI,0,0,0,Hardware Composed: Independent Flip,1080887634801,NA,16.91390000000000,16.67290000000000,0.14650000000000,32.76550000000000,48.8327,1080887467223,16.9043,16.7578,0.1465,32.8701,16.6532,1.0690,15.5842,-0.0010,3768.7137,NA,NA,NA
chrome.exe,24952,0x2F262AA7E40,DXGI,0,0,0,Hardware Composed: Independent Flip,1080887799385,NA,16.45840000000000,16.71200000000000,0.15170000000000,32.97550000000000,49.0863,1080887636266,16.4636,16.3119,0.1517,32.6190,16.6684,1.8664,14.8020,0.1923,3785.6180,NA,NA,NA
chrome.exe,24952,0x2F262AA7E40,DXGI,0,0,0,Hardware Composed: Independent Flip,1080887965833,NA,16.64480000000000,16.64320000000000,0.10420000000000,33.10790000000000,49.0847,1080887800902,16.5973,16.4931,0.1042,32.8238,16.7772,1.0642,15.7130,-0.1796,3802.0816,NA,NA,NA
chrome.exe,24952,0x2F262AA7E40,DXGI,0,0,0,Hardware Composed: Independent Flip,1080888134813,NA,16.89800000000000,16.67470000000000,0.15190000000000,32.81550000000000,48.8614,1080887966875,16.9457,16.7938,0.1519,33.0037,16.6056,1.7692,14.8364,-0.0774,3818.6789,NA,NA,NA
chrome.exe,24952,0x2F262AA7E40,DXGI,0,0,0,Hardware Composed: Independent Flip,1080888300278,NA,16.54650000000000,16.65470000000000,0.13260000000000,32.92160000000001,48.9696,1080888136332,16.5272,16.3946,0.1326,32.6636,16.6526,1.0312,15.6214,0.2910,3835.6246,NA,NA,NA
chrome.exe,24952,0x2F262AA7E40,DXGI,0,0,0,Hardware Composed: Independent Flip,1080888467449,NA,16.71710000000000,16.66360000000000,0.13010000000000,32.89100000000000,48.9161,1080888301604,16.7146,16.5845,0.1301,32.7890,16.6865,4.4976,12.1889,-0.1364,3852.1518,NA,NA,NA
chrome.exe,24952,0x2F262AA7E40,DXGI,0,0,0,Hardware Composed: Independent Flip,1080888633098,NA,16.56490000000000,16.66270000000000,0.14720000000000,32.96420000000000,49.0139,1080888468750,16.5820,16.4348,0.1472,32.7609,16.6381,1.4013,15.2368,0.0519,3868.8664,NA,NA,NA
chrome.exe,24952,0x2F262AA7E40,DXGI,0,0,0,Hardware Composed: Independent Flip,1080888800039,NA,16.69410000000000,16.66690000000000,0.15240000000000,32.90560000000000,48.9867,1080888634570,16.6993,16.5469,0.1524,32.8170,16.6355,1.0218,15.6137,-0.0849,3885.4484,NA,NA,NA
chrome.exe,24952,0x2F262AA7E40,DXGI,0,0,0,Hardware Composed: Independent Flip,1080888966288,NA,16.62490000000000,16.67400000000000,0.11790000000000,32.99230000000000,49.0358,1080888801563,16.5904,16.4725,0.1179,32.7532,16.7116,4.7324,11.9792,0.0253,3902.1477,NA,NA,NA
chrome.exe,24952,0x2F262AA7E40,DXGI,0,0,0,Hardware Composed: Independent Flip,1080889132658,NA,16.63700000000000,16.70700000000000,0.14840000000000,33.02240000000000,49.1058,1080888967467,16.6675,16.5191,0.1484,32.8744,16.6671,4.6030,12.0641,-0.1166,3918.7381,NA,NA,NA
chrome.exe,24952,0x2F262AA7E40,DXGI,0,0,0,Hardware Composed: Independent Flip,1080889302444,NA,16.97860000000000,16.63820000000000,0.14010000000000,32.84020000000000,48.7654,1080889134142,16.9703,16.8302,0.1401,32.8740,16.7964,1.3180,15.4784,0.0293,3935.4056,NA,NA,NA
chrome.exe,24952,0x2F262AA7E40,DXGI,0,0,0,Hardware Composed: Independent Flip,1080889466926,NA,16.44820000000000,16.67170000000000,0.13940000000000,32.97290000000000,48.9889,1080889303845,16.4475,16.3081,0.1394,32.7001,16.5809,1.6812,14.8997,0.2986,3952.3759,NA,NA,NA
chrome.exe,24952,0x2F262AA7E40,DXGI,0,0,0,Hardware Composed: Independent Flip,1080889634024,NA,16.70980000000000,16.71240000000000,0.14850000000000,32.94880000000000,48.9915,1080889468320,16.7189,16.5704,0.1485,32.8335,16.6857,1.1287,15.5570,-0.2649,3968.8234,NA,NA,NA
chrome.exe,24952,0x2F262AA7E40,DXGI,0,0,0,Hardware Composed: Independent Flip,1080889801067,NA,16.70430000000000,16.62740000000000,0.17610000000000,33.01040000000000,48.9146,1080889635509,16.7319,16.5558,0.1761,32.8003,16.7659,4.9702,11.7957,0.0915,3985.5423,NA,NA,NA
chrome.exe,24952,0x2F262AA7E40,DXGI,0,0,0,Hardware Composed: Independent Flip,1080889967283,NA,16.62160000000000,16.65550000000000,0.15480000000000,32.98160000000000,48.9485,1080889802828,16.6003,16.4455,0.1548,32.8343,16.5928,4.7660,11.8268,0.0764,4002.2742,NA,NA,NA
chrome.exe,24952,0x2F262AA7E40,DXGI,0,0,0,Hardware Composed: Independent Flip,1080890137108,NA,16.98250000000000,16.68100000000000,0.15360000000000,32.65690000000000,48.6470,1080889968831,16.9813,16.8277,0.1536,32.8268,16.6578,4.4194,12.2384,-0.0807,4018.8745,NA,NA,NA
chrome.exe,24952,0x2F262AA7E40,DXGI,0,0,0,Hardware Composed: Independent Flip,1080890299760,NA,16.26520000000000,16.64320000000000,0.13730000000000,33.12300000000000,49.0250,1080890138644,16.2489,16.1116,0.1373,32.5033,16.7313,1.1500,15.5813,0.3381,4035.8558,NA,NA,NA
chrome.exe,24952,0x2F262AA7E40,DXGI,0,0,0,Hardware Composed: Independent Flip,1080890466910,NA,16.71500000000000,16.72020000000000,0.13920000000000,32.98850000000000,49.0302,1080890301133,16.7169,16.5777,0.1392,32.9857,16.5805,1.2097,15.3708,-0.4713,4052.1047,NA,NA,NA
chrome.exe,24952,0x2F262AA7E40,DXGI,0,0,0,Hardware Composed: Independent Flip,1080890634031,NA,16.71210000000000,16.65900000000000,0.15870000000000,33.06410000000000,48.9771,1080890468302,16.7316,16.5729,0.1587,32.8493,16.7877,4.7867,12.0010,0.0579,4068.8216,NA,NA,NA
chrome.exe,24952,0x2F262AA7E40,DXGI,0,0,0,Hardware Composed: Independent Flip,1080890800901,NA,16.68700000000000,16.63750000000000,0.12390000000000,32.97510000000000,48.9276,1080890635618,16.6522,16.5283,0.1239,32.9054,16.5980,1.1297,15.4683,0.0941,4085.5532,NA,NA,NA
chrome.exe,24952,0x2F262AA7E40,DXGI,0,0,0,Hardware Composed: Independent Flip,1080890969190,NA,16.82890000000000,16.70970000000000,0.15020000000000,33.28230000000000,48.8084,1080890802140,16.8552,16.7050,0.1502,32.8512,17.1361,5.1871,11.9490,-0.0575,4102.2054,NA,NA,NA
chrome.exe,24952,0x2F262AA7E40,DXGI,0,0,0,Hardware Composed: Independent Flip,1080891135061,NA,16.58710000000000,16.61630000000000,0.13890000000000,33.52070000000001,48.8376,1080890970692,16.5758,16.4369,0.1389,33.1321,16.8255,5.0369,11.7886,0.2389,4119.0606,NA,NA,NA
chrome.exe,24952,0x2F262AA7E40,DXGI,0,0,0,Hardware Composed: Independent Flip,1080891299626,NA,16.45650000000000,16.69780000000000,0.13310000000000,33.46140000000000,49.0789,1080891136450,16.4507,16.3176,0.1331,33.3818,16.3972,3.0142,13.3830,-0.1220,4135.6364,NA,NA,NA
chrome.exe,24952,0x2F262AA7E40,DXGI,0,0,0,Hardware Composed: Independent Flip,1080891468008,NA,16.83820000000000,16.64730000000000,0.12970000000000,33.43350000000000,48.8880,1080891300957,16.8348,16.7051,0.1297,33.3283,16.8103,3.0793,13.7310,-0.1966,4152.0871,NA,NA,NA
chrome.exe,24952,0x2F262AA7E40,DXGI,0,0,0,Hardware Composed: Independent Flip,1080891637311,NA,16.93030000000000,16.66880000000000,0.15610000000000,33.00770000000000,48.6265,1080891469305,16.9567,16.8006,0.1561,33.3038,16.5045,1.6402,14.8643,0.1660,4168.9219,NA,NA,NA
chrome.exe,24952,0x2F262AA7E40,DXGI,0,0,0,Hardware Composed: Independent Flip,1080891802699,NA,16.53880000000000,16.64490000000000,0.13230000000000,33.39240000000000,48.7326,1080891638872,16.5150,16.3827,0.1323,32.8516,16.9235,7.8296,9.0939,0.3118,4185.8786,NA,NA,NA
chrome.exe,24952,0x2F262AA7E40,DXGI,0,0,0,Hardware Composed: Independent Flip,1080891971168,NA,16.84690000000000,16.71970000000000,0.28250000000000,32.98390000000000,48.6054,1080891804022,16.9971,16.7146,0.2825,33.2601,16.4384,1.6516,14.7868,-0.2047,4202.3936,NA,NA,NA
chrome.exe,24952,0x2F262AA7E40,DXGI,0,0,0,Hardware Composed: Independent Flip,1080892132829,NA,16.16610000000000,16.67030000000000,0.15900000000000,33.67670000000000,49.1096,1080891973993,16.0426,15.8836,0.1590,32.7014,16.8589,8.1628,8.6961,0.3268,4219.3907,NA,NA,NA
chrome.exe,24952,0x2F262AA7E40,DXGI,0,0,0,Hardware Composed: Independent Flip,1080892302327,NA,16.94980000000000,16.60980000000000,0.16190000000000,33.58400000000000,48.7696,1080892134419,16.9527,16.7908,0.1619,33.5177,16.8571,2.0024,14.8547,-0.5672,4235.4333,NA,NA,NA
chrome.exe,24952,0x2F262AA7E40,DXGI,0,0,0,Hardware Composed: Independent Flip,1080892467056,NA,16.47290000000000,16.69160000000000,0.17050000000000,33.83620000000001,48.9883,1080892303946,16.4815,16.3110,0.1705,33.4221,16.7251,1.8482,14.8769,0.2611,4252.3860,NA,NA,NA
chrome.exe,24952,0x2F262AA7E40,DXGI,0,0,0,Hardware Composed: Independent Flip,1080892634846,NA,16.77900000000000,16.64010000000000,0.19170000000000,33.57020000000000,48.8494,1080892468761,16.8002,16.6085,0.1917,33.6657,16.5130,7.3795,9.1335,-0.1586,4268.8675,NA,NA,NA
chrome.exe,24952,0x2F262AA7E40,DXGI,0,0,0,Hardware Composed: Independent Flip,1080892800058,NA,16.52120000000000,16.64480000000000,0.15610000000000,33.82560000000000,48.9730,1080892636763,16.4856,16.3295,0.1561,33.3785,16.7766,6.6996,10.0770,0.1554,4285.6677,NA,NA,NA
chrome.exe,24952,0x2F262AA7E40,DXGI,0,0,0,Hardware Composed: Independent Flip,1080892966955,NA,16.68970000000000,16.68390000000000,0.16940000000000,33.74010000000000,48.9672,1080892801619,16.7030,16.5336,0.1694,33.6695,16.6042,3.6742,12.9300,-0.1983,4302.1533,NA,NA,NA
chrome.exe,24952,0x2F262AA7E40,DXGI,0,0,0,Hardware Composed: Independent Flip,1080893133818,NA,16.68630000000000,16.66080000000000,0.18230000000000,33.52280000000000,48.9417,1080892968649,16.6992,16.5169,0.1823,33.5707,16.4690,9.7187,6.7503,0.0422,4318.8563,NA,NA,NA
chrome.exe,24952,0x2F262AA7E40,DXGI,0,0,0,Hardware Composed: Independent Flip,1080893298416,NA,16.45980000000000,16.64170000000000,0.18990000000000,33.83670000000000,49.1236,1080893135641,16.4674,16.2775,0.1899,33.3405,16.7737,5.2452,11.5285,0.0575,4335.5555,NA,NA,NA
chrome.exe,24952,0x2F262AA7E40,DXGI,0,0,0,Hardware Composed: Independent Flip,1080893465398,NA,16.69820000000000,16.70770000000000,0.15770000000000,33.72190000000001,49.1331,1080893300315,16.6660,16.5083,0.1577,33.6468,16.5834,9.3549,7.2285,-0.2403,4352.0229,NA,NA,NA
chrome.exe,24952,0x2F262AA7E40,DXGI,0,0,0,Hardware Composed: Independent Flip,1080893630854,NA,16.54560000000000,16.72930000000000,0.16270000000000,34.16640000000000,49.3168,1080893466975,16.5506,16.3879,0.1627,33.5642,16.9901,8.0847,8.9054,-0.0633,4368.6889,NA,NA,NA
chrome.exe,24952,0x2F262AA7E40,DXGI,0,0,0,Hardware Composed: Independent Flip,1080893798823,NA,16.79690000000000,16.58870000000000,0.14450000000000,33.89160000000000,49.1086,1080893632481,16.7787,16.6342,0.1445,34.0037,16.5221,1.8369,14.6852,-0.0381,4385.2395,NA,NA,NA
chrome.exe,24952,0x2F262AA7E40,DXGI,0,0,0,Hardware Composed: Independent Flip,1080893966435,NA,16.76120000000000,16.63290000000000,0.27220000000000,33.68350000000000,48.9803,1080893800268,16.8889,16.6167,0.2722,33.7471,16.5531,2.5575,13.9956,0.1458,4402.0182,NA,NA,NA
chrome.exe,24952,0x2F262AA7E40,DXGI,0,0,0,Hardware Composed: Independent Flip,1080894132853,NA,16.64180000000000,16.65900000000000,0.15710000000000,33.37090000000000,48.9975,1080893969157,16.5267,16.3696,0.1571,33.4113,16.3292,3.2147,13.1145,0.2299,4418.9071,NA,NA,NA
chrome.exe,24952,0x2F262AA7E40,DXGI,0,0,0,Hardware Composed: Independent Flip,1080894297496,NA,16.46430000000000,16.67970000000000,0.10730000000000,33.92270000000000,49.2129,1080894134424,16.4145,16.3072,0.1073,33.2138,17.0161,4.6761,12.3400,-0.1530,4435.4338,NA,NA,NA
chrome.exe,24952,0x2F262AA7E40,DXGI,0,0,0,Hardware Composed: Independent Flip,1080894463912,NA,16.64160000000000,16.66660000000000,0.15670000000000,34.00320000000000,49.2379,1080894298569,16.6910,16.5343,0.1567,33.8154,16.7221,3.5214,13.2007,-0.2521,4451.8483,NA,NA,NA
chrome.exe,24952,0x2F262AA7E40,DXGI,0,0,0,Hardware Composed: Independent Flip,1080894629229,NA,16.53170000000000,16.65850000000000,0.31540000000000,33.70000000000000,49.3647,1080894465479,16.6904,16.3750,0.3154,33.8465,16.2285,4.9999,11.2286,0.0325,4468.5393,NA,NA,NA
chrome.exe,24952,0x2F262AA7E40,DXGI,0,0,0,Hardware Composed: Independent Flip,1080894795185,NA,16.59560000000000,16.68490000000000,0.38170000000000,33.89100000000000,49.4540,1080894632383,16.6619,16.2802,0.3817,33.3846,16.7866,3.8416,12.9450,0.0055,4485.2297,NA,NA,NA
chrome.exe,24952,0x2F262AA7E40,DXGI,0,0,0,Hardware Composed: Independent Flip,1080894963052,NA,16.78670000000000,16.66170000000000,0.38410000000000,34.16750000000000,49.3290,1080894799002,16.7891,16.4050,0.3841,33.5093,17.0632,4.0721,12.9911,0.0002,4501.8916,NA,NA,NA
chrome.exe,24952,0x2F262AA7E40,DXGI,0,0,0,Hardware Composed: Independent Flip,1080895130053,NA,16.70010000000000,16.65310000000000,0.14230000000000,34.01040000000000,49.2820,1080894966893,16.4583,16.3160,0.1423,33.7834,16.5430,3.4681,13.0749,0.1360,4518.6807,NA,NA,NA
chrome.exe,24952,0x2F262AA7E40,DXGI,0,0,0,Hardware Composed: Independent Flip,1080895296105,NA,16.60520000000000,16.71750000000000,0.35630000000000,34.13860000000000,49.3943,1080895131476,16.8192,16.4629,0.3563,33.8681,16.7334,2.1823,14.5511,-0.2592,4535.1390,NA,NA,NA
chrome.exe,24952,0x2F262AA7E40,DXGI,0,0,0,Hardware Composed: Independent Flip,1080895463902,NA,16.77970000000000,16.60980000000000,0.15140000000000,33.92980000000000,49.2244,1080895299668,16.5748,16.4234,0.1514,33.7823,16.5709,4.2547,12.3162,0.2094,4551.9582,NA,NA,NA
chrome.exe,24952,0x2F262AA7E40,DXGI,0,0,0,Hardware Composed: Independent Flip,1080895631218,NA,16.73160000000000,16.70080000000000,0.15970000000000,34.79360000000000,49.1936,1080895465416,16.7399,16.5802,0.1597,33.7784,17.5954,4.2768,13.3186,-0.1260,4568.5330,NA,NA,NA
chrome.exe,24952,0x2F262AA7E40,DXGI,0,0,0,Hardware Composed: Independent Flip,1080895799670,NA,16.84520000000000,16.70850000000000,0.12300000000000,33.78170000000000,49.0569,1080895632815,16.8085,16.6855,0.1230,34.6339,15.8333,1.6054,14.2279,0.0314,4585.2729,NA,NA,NA
chrome.exe,24952,0x2F262AA7E40,DXGI,0,0,0,Hardware Composed: Independent Flip,1080895962836,NA,16.31660000000000,16.65010000000000,0.14890000000000,34.33130000000000,49.3904,1080895800900,16.3425,16.1936,0.1489,33.6587,16.8662,2.5215,14.3447,0.1584,4602.0814,NA,NA,NA
chrome.exe,24952,0x2F262AA7E40,DXGI,0,0,0,Hardware Composed: Independent Flip,1080896183062,NA,22.02260000000000,16.64840000000000,0.12710000000000,29.09690000000000,44.0162,1080895964325,22.0008,21.8737,0.1271,34.1824,16.7882,2.3321,14.4561,-0.3059,4618.4239,NA,NA,NA
chrome.exe,24952,0x2F262AA7E40,DXGI,0,0,0,Hardware Composed: Independent Flip,1080896307974,NA,12.49120000000000,16.65840000000000,0.15340000000000,34.28510000000000,48.1834,1080896184333,12.5175,12.3641,0.1534,28.9698,17.6794,3.4808,14.1986,5.3424,4640.4247,NA,NA,NA
chrome.exe,24952,0x2F262AA7E40,DXGI,0,0,0,Hardware Composed: Independent Flip,1080896475307,NA,16.73330000000000,16.66750000000000,0.14120000000000,32.79460000000000,48.1176,1080896309508,16.7211,16.5799,0.1412,34.1317,15.2428,1.3404,13.9024,-4.1500,4652.9422,NA,NA,NA
chrome.exe,24952,0x2F262AA7E40,DXGI,0,0,0,Hardware Composed: Independent Flip,1080896633790,NA,15.84830000000000,16.67130000000000,0.18920000000000,33.49200000000000,48.9406,1080896476719,15.8963,15.7071,0.1892,32.6534,16.5457,1.7587,14.7870,0.0498,4669.6633,NA,NA,NA
chrome.exe,24952,0x2F262AA7E40,DXGI,0,0,0,Hardware Composed: Independent Flip,1080896799457,NA,16.56670000000000,16.71900000000000,0.13000000000000,33.64870000000001,49.0929,1080896635682,16.5075,16.3775,0.1300,33.3028,16.7234,1.9237,14.7997,-0.8227,4685.5596,NA,NA,NA
chrome.exe,24952,0x2F262AA7E40,DXGI,0,0,0,Hardware Composed: Independent Flip,1080896965509,NA,16.60520000000000,16.67760000000000,0.20080000000000,33.88610000000000,49.1653,1080896800757,16.6760,16.4752,0.2008,33.5187,16.8426,2.2301,14.6125,-0.1701,4702.0671,NA,NA,NA
chrome.exe,24952,0x2F262AA7E40,DXGI,0,0,0,Hardware Composed: Independent Flip,1080897132955,NA,16.74460000000000,16.65550000000000,0.12060000000000,33.85940000000000,49.0762,1080896967517,16.6644,16.5438,0.1206,33.6853,16.7179,2.0935,14.6244,0.0205,4718.7431,NA,NA,NA
chrome.exe,24952,0x2F262AA7E40,DXGI,0,0,0,Hardware Composed: Independent Flip,1080897300605,NA,16.76500000000000,16.62310000000000,0.09960000000000,33.79060000000000,48.9343,1080897134161,16.7440,16.6444,0.0996,33.7388,16.6962,2.2937,14.4025,0.0413,4735.4075,NA,NA,NA
chrome.exe,24952,0x2F262AA7E40,DXGI,0,0,0,Hardware Composed: Independent Flip,1080897469313,NA,16.87080000000000,16.63920000000000,0.17520000000000,33.44990000000000,48.7027,1080897301601,16.9464,16.7712,0.1752,33.6910,16.5301,2.0929,14.4372,0.1048,4752.1515,NA,NA,NA
chrome.exe,24952,0x2F262AA7E40,DXGI,0,0,0,Hardware Composed: Independent Flip,1080897635655,NA,16.63420000000000,16.66060000000000,0.18750000000000,33.47300000000000,48.7291,1080897471065,16.6465,16.4590,0.1875,33.2747,16.6573,1.8332,14.8241,0.2858,4769.0979,NA,NA,NA
chrome.exe,24952,0x2F262AA7E40,DXGI,0,0,0,Hardware Composed: Independent Flip,1080897800681,NA,16.50260000000000,16.66480000000000,0.19550000000000,33.44310000000000,48.8913,1080897637530,16.5106,16.3151,0.1955,33.2855,16.4727,2.1010,14.3717,-0.0183,4785.7444,NA,NA,NA
chrome.exe,24952,0x2F262AA7E40,DXGI,0,0,0,Hardware Composed: Independent Flip,1080897966311,NA,16.56300000000000,16.66290000000000,0.16540000000000,33.51430000000000,48.9912,1080897802636,16.5329,16.3675,0.1654,33.2476,16.6342,2.2539,14.3803,-0.1523,4802.2550,NA,NA,NA
chrome.exe,24952,0x2F262AA7E40,DXGI,0,0,0,Hardware Composed: Independent Flip,1080898132485,NA,16.61740000000000,16.66800000000000,0.14710000000000,33.60600000000000,49.0418,1080897967965,16.5991,16.4520,0.1471,33.3489,16.7091,2.6671,14.0420,-0.1351,4818.7879,NA,NA,NA
chrome.exe,24952,0x2F262AA7E40,DXGI,0,0,0,Hardware Composed: Independent Flip,1080898297789,NA,16.53040000000000,16.66040000000000,0.09850000000000,33.60630000000000,49.1718,1080898133956,16.4818,16.3833,0.0985,33.4589,16.5307,2.2285,14.3022,-0.0613,4835.3870,NA,NA,NA
chrome.exe,24952,0x2F262AA7E40,DXGI,0,0,0,Hardware Composed: Independent Flip,1080898465052,NA,16.72630000000000,16.66660000000000,0.17530000000000,33.90670000000000,49.1121,1080898298774,16.8031,16.6278,0.1753,33.5078,17.0267,2.3100,14.7167,-0.1848,4851.8688,NA,NA,NA
chrome.exe,24952,0x2F262AA7E40,DXGI,0,0,0,Hardware Composed: Independent Flip,1080898631891,NA,16.68390000000000,16.67080000000000,0.17070000000000,33.60030000000000,49.0990,1080898466805,16.6793,16.5086,0.1707,33.7314,16.3775,1.7839,14.5936,0.1323,4868.6719,NA,NA,NA
chrome.exe,24952,0x2F262AA7E40,DXGI,0,0,0,Hardware Composed: Independent Flip,1080898798247,NA,16.63560000000000,16.74850000000000,0.16140000000000,33.58490000000000,49.2119,1080898633598,16.6263,16.4649,0.1614,33.4296,16.6202,8.9974,7.6228,-0.0692,4885.3512,NA,NA,NA
chrome.exe,24952,0x2F262AA7E40,DXGI,0,0,0,Hardware Composed: Independent Flip,1080898971828,NA,17.35810000000000,16.59690000000000,0.56200000000000,32.76890000000000,48.4507,1080898799861,17.7587,17.1967,0.5620,33.4235,16.5421,1.4365,15.1056,0.0294,4901.9775,NA,NA,NA
chrome.exe,24952,0x2F262AA7E40,DXGI,0,0,0,Hardware Composed: Independent Flip,1080899132404,NA,16.05760000000000,16.67980000000000,0.18290000000000,33.20820000000001,49.0729,1080898977448,15.6785,15.4956,0.1829,32.2069,16.4969,1.3346,15.1623,1.0789,4919.7362,NA,NA,NA
chrome.exe,24952,0x2F262AA7E40,DXGI,0,0,0,Hardware Composed: Independent Flip,1080899300543,NA,16.81390000000000,16.63610000000000,0.11780000000000,33.01330000000000,48.8951,1080899134233,16.7488,16.6310,0.1178,33.0253,16.6190,1.1140,15.5050,-0.9576,4935.4147,NA,NA,NA
chrome.exe,24952,0x2F262AA7E40,DXGI,0,0,0,Hardware Composed: Independent Flip,1080899466082,NA,16.55390000000000,16.67990000000000,0.12700000000000,33.12860000000000,49.0211,1080899301721,16.5631,16.4361,0.1270,32.8955,16.6692,1.4341,15.2351,0.0689,4952.1635,NA,NA,NA
chrome.exe,24952,0x2F262AA7E40,DXGI,0,0,0,Hardware Composed: Independent Flip,1080899633031,NA,16.69490000000000,16.66320000000000,0.21850000000000,32.96770000000000,48.9894,1080899467352,16.7864,16.5679,0.2185,33.0016,16.5340,3.0073,13.5267,-0.1001,4968.7266,NA,NA,NA
chrome.exe,24952,0x2F262AA7E40,DXGI,0,0,0,Hardware Composed: Independent Flip,1080899798700,NA,16.56690000000000,16.67720000000000,0.14490000000000,33.06800000000000,49.0997,1080899635216,16.4933,16.3484,0.1449,32.7492,16.6672,3.0405,13.6267,0.1092,4985.5130,NA,NA,NA
chrome.exe,24952,0x2F262AA7E40,DXGI,0,0,0,Hardware Composed: Independent Flip,1080899965221,NA,16.65210000000000,16.64050000000000,0.16710000000000,33.14430000000000,49.0881,1080899800149,16.6743,16.5072,0.1671,32.9231,16.7284,3.0414,13.6870,-0.1472,5002.0063,NA,NA,NA
chrome.exe,24952,0x2F262AA7E40,DXGI,0,0,0,Hardware Composed: Independent Flip,1080900131172,NA,16.59510000000000,16.69880000000000,0.16230000000000,33.13520000000000,49.1918,1080899966892,16.5903,16.4280,0.1623,32.9772,16.5860,3.1170,13.4690,-0.0245,5018.6806,NA,NA,NA
chrome.exe,24952,0x2F262AA7E40,DXGI,0,0,0,Hardware Composed: Independent Flip,1080900300251,NA,16.90790000000000,16.63120000000000,0.18480000000000,33.10600000000000,48.9151,1080900132795,16.9304,16.7456,0.1848,32.9729,16.8787,3.1075,13.7712,-0.0409,5035.2709,NA,NA,NA
chrome.exe,24952,0x2F262AA7E40,DXGI,0,0,0,Hardware Composed: Independent Flip,1080900467996,NA,16.77450000000000,16.67990000000000,0.16600000000000,32.78450000000000,48.8205,1080900302099,16.7557,16.5897,0.1660,32.9212,16.4530,2.8189,13.6341,0.2505,5052.2013,NA,NA,NA
chrome.exe,24952,0x2F262AA7E40,DXGI,0,0,0,Hardware Composed: Independent Flip,1080900634927,NA,16.69310000000000,16.68250000000000,0.12940000000000,32.78780000000000,48.8099,1080900469656,16.6565,16.5271,0.1294,32.6185,16.6964,3.0093,13.6871,0.0732,5068.9570,NA,NA,NA
chrome.exe,24952,0x2F262AA7E40,DXGI,0,0,0,Hardware Composed: Independent Flip,1080900798934,NA,16.40070000000000,16.67560000000000,0.19290000000000,33.11250000000000,49.0848,1080900636221,16.4642,16.2713,0.1929,32.6584,16.7254,1.2737,15.4517,-0.0191,5085.6135,NA,NA,NA
chrome.exe,24952,0x2F262AA7E40,DXGI,0,0,0,Hardware Composed: Independent Flip,1080900966040,NA,16.71060000000000,16.66250000000000,0.10670000000000,33.20480000000000,49.0367,1080900800863,16.6244,16.5177,0.1067,32.9196,16.8029,3.4063,13.3966,-0.1983,5102.0777,NA,NA,NA
chrome.exe,24952,0x2F262AA7E40,DXGI,0,0,0,Hardware Composed: Independent Flip,1080901132902,NA,16.68620000000000,16.65030000000000,0.16420000000000,33.01150000000000,49.0008,1080900967107,16.7437,16.5795,0.1642,33.0981,16.4929,2.7319,13.7610,-0.0259,5118.7021,NA,NA,NA
chrome.exe,24952,0x2F262AA7E40,DXGI,0,0,0,Hardware Composed: Independent Flip,1080901302017,NA,16.91150000000000,16.67860000000000,0.64210000000000,32.88380000000000,48.7679,1080901134544,17.3894,16.7473,0.6421,32.8473,16.7838,1.1950,15.5888,0.0651,5135.4458,NA,NA,NA
chrome.exe,24952,0x2F262AA7E40,DXGI,0,0,0,Hardware Composed: Independent Flip,1080901466140,NA,16.41230000000000,16.66010000000000,0.14310000000000,33.08770000000000,49.0157,1080901308438,15.9133,15.7702,0.1431,32.2417,16.6162,3.2233,13.3929,0.7293,5152.8352,NA,NA,NA
chrome.exe,24952,0x2F262AA7E40,DXGI,0,0,0,Hardware Composed: Independent Flip,1080901631949,NA,16.58090000000000,16.67080000000000,0.11380000000000,33.08150000000000,49.1056,1080901467571,16.5516,16.4378,0.1138,32.9446,16.5747,2.8344,13.7403,-0.7575,5168.7485,NA,NA,NA
chrome.exe,24952,0x2F262AA7E40,DXGI,0,0,0,Hardware Composed: Independent Flip,1080901798146,NA,16.61970000000000,16.66830000000000,0.12710000000000,33.14310000000000,49.1542,1080901633087,16.6330,16.5059,0.1271,32.9677,16.6813,2.9343,13.7470,-0.1167,5185.3001,NA,NA,NA
chrome.exe,24952,0x2F262AA7E40,DXGI,0,0,0,Hardware Composed: Independent Flip,1080901965220,NA,16.70740000000000,16.67180000000000,0.12990000000000,33.25680000000000,49.1186,1080901799417,16.7102,16.5803,0.1299,33.0160,16.8211,2.8421,13.9790,-0.0388,5201.9331,NA,NA,NA
chrome.exe,24952,0x2F262AA7E40,DXGI,0,0,0,Hardware Composed: Independent Flip,1080902132607,NA,16.73870000000000,16.64700000000000,0.16120000000000,33.01240000000000,49.0269,1080901966519,16.7700,16.6088,0.1612,33.1269,16.4943,2.8400,13.6543,0.0632,5218.6433,NA,NA,NA
chrome.exe,24952,0x2F262AA7E40,DXGI,0,0,0,Hardware Composed: Independent Flip,1080902302176,NA,16.95690000000000,16.65570000000000,0.12550000000000,32.85480000000000,48.7257,1080902134219,16.9212,16.7957,0.1255,32.8512,16.7993,3.0184,13.7809,0.1143,5235.4133,NA,NA,NA
chrome.exe,24952,0x2F262AA7E40,DXGI,0,0,0,Hardware Composed: Independent Flip,1080902468202,NA,16.60260000000000,16.65830000000000,0.11700000000000,32.77710000000000,48.7814,1080902303431,16.5941,16.4771,0.1170,32.7293,16.5249,3.1361,13.3888,0.2629,5252.3345,NA,NA,NA
chrome.exe,24952,0x2F262AA7E40,DXGI,0,0,0,Hardware Composed: Independent Flip,1080902632518,NA,16.43160000000000,16.69310000000000,0.18560000000000,32.98850000000000,49.0429,1080902469372,16.5002,16.3146,0.1856,32.6601,16.6430,2.7292,13.9138,-0.0990,5268.9286,NA,NA,NA
chrome.exe,24952,0x2F262AA7E40,DXGI,0,0,0,Hardware Composed: Independent Flip,1080902802020,NA,16.95020000000000,16.66360000000000,0.16100000000000,32.69840000000000,48.7563,1080902634374,16.9256,16.7646,0.1610,32.8029,16.6601,3.0815,13.5786,-0.1634,5285.4288,NA,NA,NA
chrome.exe,24952,0x2F262AA7E40,DXGI,0,0,0,Hardware Composed: Independent Flip,1080902964973,NA,16.29530000000000,16.65080000000000,0.18910000000000,33.33310000000000,49.1118,1080902803630,16.3234,16.1343,0.1891,32.5374,16.9300,3.2033,13.7267,0.2748,5302.3544,NA,NA,NA
chrome.exe,24952,0x2F262AA7E40,DXGI,0,0,0,Hardware Composed: Independent Flip,1080903132606,NA,16.76330000000000,16.67720000000000,0.12670000000000,32.96940000000000,49.0257,1080902966864,16.7009,16.5742,0.1267,33.1440,16.3996,1.1925,15.2071,-0.3538,5318.6778,NA,NA,NA
chrome.exe,24952,0x2F262AA7E40,DXGI,0,0,0,Hardware Composed: Independent Flip,1080903299124,NA,16.65180000000000,16.66130000000000,0.09370000000000,33.18980000000000,49.0352,1080903133873,16.6188,16.5251,0.0937,32.8427,16.8722,1.1633,15.7089,0.0396,5335.3787,NA,NA,NA
chrome.exe,24952,0x2F262AA7E40,DXGI,0,0,0,Hardware Composed: Independent Flip,1080903465561,NA,16.64370000000000,16.65650000000000,0.10290000000000,33.11990000000000,49.0480,1080903300061,16.6529,16.5500,0.1029,33.0961,16.5738,2.9879,13.5859,-0.0377,5351.9975,NA,NA,NA
chrome.exe,24952,0x2F262AA7E40,DXGI,0,0,0,Hardware Composed: Independent Flip,1080903633239,NA,16.76780000000000,16.68380000000000,0.12730000000000,32.90760000000000,48.9640,1080903466590,16.7922,16.6649,0.1273,33.0170,16.5555,2.9488,13.6067,-0.0309,5368.6504,NA,NA,NA
chrome.exe,24952,0x2F262AA7E40,DXGI,0,0,0,Hardware Composed: Independent Flip,1080903799311,NA,16.60720000000000,16.67880000000000,0.16310000000000,32.97430000000000,49.0356,1080903634512,16.6430,16.4799,0.1631,32.7803,16.6739,3.0922,13.5817,0.1134,5385.4426,NA,NA,NA
chrome.exe,24952,0x2F262AA7E40,DXGI,0,0,0,Hardware Composed: Independent Flip,1080903965212,NA,16.59010000000000,16.63860000000000,0.12100000000000,33.26230000000000,49.0841,1080903800942,16.5480,16.4270,0.1210,32.8112,16.8781,3.1442,13.7339,0.0044,5402.0856,NA,NA,NA
chrome.exe,24952,0x2F262AA7E40,DXGI,0,0,0,Hardware Composed: Independent Flip,1080904131660,NA,16.64480000000000,16.69690000000000,0.16510000000000,33.06280000000000,49.1362,1080903966422,16.6889,16.5238,0.1651,33.1413,16.4453,3.0152,13.4301,-0.1489,5418.6336,NA,NA,NA
chrome.exe,24952,0x2F262AA7E40,DXGI,0,0,0,Hardware Composed: Independent Flip,1080904299928,NA,16.82680000000000,16.66470000000000,0.10860000000000,33.16070000000000,48.9741,1080904133311,16.7703,16.6617,0.1086,32.8977,16.9247,3.1489,13.7758,0.0242,5435.3225,NA,NA,NA
chrome.exe,24952,0x2F262AA7E40,DXGI,0,0,0,Hardware Composed: Independent Flip,1080904465557,NA,16.56290000000000,16.64130000000000,0.18090000000000,33.06310000000000,49.0525,1080904301014,16.6352,16.4543,0.1809,33.0521,16.4653,2.9396,13.5257,0.1290,5452.0928,NA,NA,NA
chrome.exe,24952,0x2F262AA7E40,DXGI,0,0,0,Hardware Composed: Independent Flip,1080904633149,NA,16.75920000000000,16.66030000000000,0.11050000000000,32.90130000000000,48.9536,1080904467366,16.6888,16.5783,0.1105,32.8822,16.5974,1.6665,14.9309,-0.0251,5468.7280,NA,NA,NA
chrome.exe,24952,0x2F262AA7E40,DXGI,0,0,0,Hardware Composed: Independent Flip,1080904802318,NA,16.91690000000000,16.66670000000000,0.64960000000000,32.67750000000000,48.7034,1080904634254,17.4560,16.8064,0.6496,32.7908,16.6931,3.1599,13.5332,0.0221,5485.4168,NA,NA,NA
chrome.exe,24952,0x2F262AA7E40,DXGI,0,0,0,Hardware Composed: Independent Flip,1080904965737,NA,16.34190000000000,16.67610000000000,0.11530000000000,33.53310000000000,49.0376,1080904808814,15.8076,15.6923,0.1153,32.0279,17.1975,2.4028,14.7947,0.7799,5502.8728,NA,NA,NA
chrome.exe,24952,0x2F262AA7E40,DXGI,0,0,0,Hardware Composed: Independent Flip,1080905142518,NA,17.67810000000000,16.65480000000000,0.19260000000000,31.98730000000000,48.0143,1080904966890,17.7554,17.5628,0.1926,33.4178,16.1323,3.0787,13.0536,-0.8472,5518.6804,NA,NA,NA
chrome.exe,24952,0x2F262AA7E40,DXGI,0,0,0,Hardware Composed: Independent Flip,1080905302259,NA,15.97410000000000,16.68400000000000,0.18420000000000,32.81400000000000,48.7242,1080905144444,15.9657,15.7815,0.1842,31.7947,16.8008,3.1213,13.6795,1.0714,5536.4358,NA,NA,NA
chrome.exe,24952,0x2F262AA7E40,DXGI,0,0,0,Hardware Composed: Independent Flip,1080905466527,NA,16.42680000000000,16.65650000000000,0.12260000000000,32.92510000000000,48.9539,1080905304101,16.3652,16.2426,0.1226,32.6298,16.5379,2.9740,13.5639,-0.6908,5552.4015,NA,NA,NA
chrome.exe,24952,0x2F262AA7E40,DXGI,0,0,0,Hardware Composed: Independent Flip,1080905634378,NA,16.78510000000000,16.67560000000000,0.10470000000000,32.67280000000000,48.8444,1080905467753,16.7672,16.6625,0.1047,32.8025,16.5328,2.8800,13.6528,-0.3104,5568.7667,NA,NA,NA
chrome.exe,24952,0x2F262AA7E40,DXGI,0,0,0,Hardware Composed: Independent Flip,1080905800103,NA,16.57250000000000,16.67110000000000,0.11730000000000,33.02140000000000,48.9430,1080905635425,16.5851,16.4678,0.1173,32.5681,16.9211,3.3797,13.5414,0.0961,5585.5339,NA,NA,NA
chrome.exe,24952,0x2F262AA7E40,DXGI,0,0,0,Hardware Composed: Independent Flip,1080905966397,NA,16.62940000000000,16.66850000000000,0.18600000000000,32.96800000000000,48.9821,1080905801276,16.6981,16.5121,0.1860,32.9041,16.5760,3.2057,13.3703,-0.0834,5602.1190,NA,NA,NA
chrome.exe,24952,0x2F262AA7E40,DXGI,0,0,0,Hardware Composed: Independent Flip,1080906134506,NA,16.81090000000000,16.66200000000000,0.17870000000000,32.82970000000000,48.8332,1080905968257,16.8036,16.6249,0.1787,32.7820,16.6726,2.5339,14.1387,0.0361,5618.8171,NA,NA,NA
chrome.exe,24952,0x2F262AA7E40,DXGI,0,0,0,Hardware Composed: Independent Flip,1080906298868,NA,16.43620000000000,16.65530000000000,0.29770000000000,33.17330000000000,49.0523,1080906136293,16.5552,16.2575,0.2977,32.6510,16.7798,3.1657,13.6141,0.1483,5635.6207,NA,NA,NA
chrome.exe,24952,0x2F262AA7E40,DXGI,0,0,0,Hardware Composed: Independent Flip,1080906466874,NA,16.80060000000000,16.66480000000000,0.12630000000000,32.87930000000000,48.9165,1080906301845,16.6292,16.5029,0.1263,32.8756,16.5066,1.0572,15.4494,-0.1096,5652.1759,NA,NA,NA
chrome.exe,24952,0x2F262AA7E40,DXGI,0,0,0,Hardware Composed: Independent Flip,1080906631563,NA,16.46890000000000,16.68840000000000,0.16200000000000,33.08330000000000,49.1360,1080906468137,16.5046,16.3426,0.1620,32.7530,16.6729,2.9124,13.7605,-0.0592,5668.8051,NA,NA,NA
chrome.exe,24952,0x2F262AA7E40,DXGI,0,0,0,Hardware Composed: Independent Flip,1080906801508,NA,16.99450000000000,16.68170000000000,0.12330000000000,32.91500000000000,48.8232,1080906633183,16.9558,16.8325,0.1233,32.9213,16.8262,3.1167,13.7095,-0.1771,5685.3097,NA,NA,NA
chrome.exe,24952,0x2F262AA7E40,DXGI,0,0,0,Hardware Composed: Independent Flip,1080906965039,NA,16.35310000000000,16.65690000000000,0.13350000000000,33.17860000000000,49.1270,1080906802741,16.3633,16.2298,0.1335,32.7917,16.6167,3.1143,13.5024,0.2989,5702.2655,NA,NA,NA
chrome.exe,24952,0x2F262AA7E40,DXGI,0,0,0,Hardware Composed: Independent Flip,1080907131701,NA,16.66620000000000,16.67360000000000,0.15540000000000,33.18440000000000,49.1344,1080906966374,16.6881,16.5327,0.1554,33.0451,16.6720,3.0713,13.6007,-0.3103,5718.6288,NA,NA,NA
chrome.exe,24952,0x2F262AA7E40,DXGI,0,0,0,Hardware Composed: Independent Flip,1080907299264,NA,16.75630000000000,16.68810000000000,0.17300000000000,33.26590000000000,49.0662,1080907133255,16.7739,16.6009,0.1730,33.0290,16.8378,3.4524,13.3854,0.0000,5735.3169,NA,NA,NA
chrome.exe,24952,0x2F262AA7E40,DXGI,0,0,0,Hardware Composed: Independent Flip,1080907466972,NA,16.77080000000000,16.66480000000000,0.22080000000000,33.04030000000000,48.9602,1080907300994,16.8186,16.5978,0.2208,33.0929,16.5452,1.3896,15.1556,0.1091,5752.0908,NA,NA,NA
chrome.exe,24952,0x2F262AA7E40,DXGI,0,0,0,Hardware Composed: Independent Flip,1080907634050,NA,16.70780000000000,16.69050000000000,0.12360000000000,33.08890000000000,48.9429,1080907469180,16.6106,16.4870,0.1236,32.8195,16.7564,2.9545,13.8019,0.1281,5768.9094,NA,NA,NA
chrome.exe,24952,0x2F262AA7E40,DXGI,0,0,0,Hardware Composed: Independent Flip,1080907803493,NA,16.94430000000000,16.63700000000000,0.68130000000000,32.93910000000000,48.6356,1080907635286,17.5020,16.8207,0.6813,32.9653,16.7945,3.9853,12.8092,-0.0264,5785.5200,NA,NA,NA
chrome.exe,24952,0x2F262AA7E40,DXGI,0,0,0,Hardware Composed: Independent Flip,1080907969310,NA,16.58170000000000,16.67360000000000,0.14530000000000,32.79790000000000,48.7275,1080907810306,16.0457,15.9004,0.1453,32.2578,16.4405,3.8519,12.5886,0.8284,5803.0220,NA,NA,NA
chrome.exe,24952,0x2F262AA7E40,DXGI,0,0,0,Hardware Composed: Independent Flip,1080908137551,NA,16.82410000000000,16.68450000000000,0.18580000000000,32.83840000000000,48.5879,1080907970763,16.8646,16.6788,0.1858,32.6526,16.8646,3.7898,13.0748,-0.6388,5819.0677,NA,NA,NA
chrome.exe,24952,0x2F262AA7E40,DXGI,0,0,0,Hardware Composed: Independent Flip,1080908302217,NA,16.46660000000000,16.67010000000000,0.13960000000000,32.90000000000000,48.7914,1080908139409,16.4204,16.2808,0.1396,32.6526,16.5282,3.5761,12.9521,0.1945,5835.9323,NA,NA,NA
chrome.exe,24952,0x2F262AA7E40,DXGI,0,0,0,Hardware Composed: Independent Flip,1080908471842,NA,16.96250000000000,16.66260000000000,0.18680000000000,32.55610000000000,48.4915,1080908303613,17.0097,16.8229,0.1868,32.7604,16.6186,3.0666,13.5520,-0.2422,5852.3527,NA,NA,NA
chrome.exe,24952,0x2F262AA7E40,DXGI,0,0,0,Hardware Composed: Independent Flip,1080908647860,NA,17.60180000000000,16.64310000000000,0.12650000000000,31.69260000000000,47.5328,1080908473710,17.5415,17.4150,0.1265,32.3693,16.7383,3.1262,13.6121,0.3666,5869.3624,NA,NA,NA
chrome.exe,24952,0x2F262AA7E40,DXGI,0,0,0,Hardware Composed: Independent Flip,1080908803158,NA,15.52980000000000,16.67860000000000,0.17780000000000,32.85820000000000,48.6816,1080908649125,15.5811,15.4033,0.1778,31.5661,16.6954,1.2029,15.4925,0.8629,5886.9039,NA,NA,NA
chrome.exe,24952,0x2F262AA7E40,DXGI,0,0,0,Hardware Composed: Independent Flip,1080908969501,NA,16.63430000000000,16.65460000000000,0.13890000000000,32.91060000000000,48.7019,1080908804936,16.5954,16.4565,0.1389,32.6804,16.6867,3.2523,13.4344,-1.0735,5902.4850,NA,NA,NA
chrome.exe,24952,0x2F262AA7E40,DXGI,0,0,0,Hardware Composed: Independent Flip,1080909135082,NA,16.55810000000000,16.68790000000000,0.16270000000000,32.84290000000000,48.8317,1080908970890,16.5819,16.4192,0.1627,32.7717,16.4904,3.6708,12.8196,-0.0925,5919.0804,NA,NA,NA
chrome.exe,24952,0x2F262AA7E40,DXGI,0,0,0,Hardware Composed: Independent Flip,1080909301598,NA,16.65160000000000,16.66080000000000,0.18770000000000,33.08070000000000,48.8409,1080909136709,16.6766,16.4889,0.1877,32.6802,16.8894,2.4521,14.4373,-0.0789,5935.6623,NA,NA,NA
chrome.exe,24952,0x2F262AA7E40,DXGI,0,0,0,Hardware Composed: Independent Flip,1080909469090,NA,16.74920000000000,16.64610000000000,0.13250000000000,32.95790000000000,48.7378,1080909303475,16.6940,16.5615,0.1325,32.8930,16.6264,1.7447,14.8817,0.0305,5952.3389,NA,NA,NA
chrome.exe,24952,0x2F262AA7E40,DXGI,0,0,0,Hardware Composed: Independent Flip,1080909634595,NA,16.55050000000000,16.82580000000000,0.18340000000000,32.93620000000000,49.0131,1080909470415,16.6014,16.4180,0.1834,32.8254,16.5288,1.6942,14.8346,-0.1318,5969.0329,NA,NA,NA
chrome.exe,24952,0x2F262AA7E40,DXGI,0,0,0,Hardware Composed: Independent Flip,1080909800243,NA,16.56480000000000,16.58380000000000,0.16870000000000,33.26520000000000,49.0321,1080909636429,16.5501,16.3814,0.1687,32.7528,16.8938,1.1624,15.7314,0.0176,5985.6343,NA,NA,NA
chrome.exe,24952,0x2F262AA7E40,DXGI,0,0,0,Hardware Composed: Independent Flip,1080909972128,NA,17.18850000000000,16.61260000000000,0.30240000000000,32.59790000000000,48.4562,1080909801930,17.3222,17.0198,0.3024,33.0965,16.5212,1.5676,14.9536,-0.0625,6002.1844,NA,NA,NA
chrome.exe,24952,0x2F262AA7E40,DXGI,0,0,0,Hardware Composed: Independent Flip,1080910136381,NA,16.42530000000000,16.69280000000000,0.17440000000000,32.71600000000000,48.7237,1080909975152,16.2973,16.1229,0.1744,32.2955,16.5434,1.0943,15.4491,0.6294,6019.5066,NA,NA,NA
chrome.exe,24952,0x2F262AA7E40,DXGI,0,0,0,Hardware Composed: Independent Flip,1080910304470,NA,16.80890000000000,16.64160000000000,0.23980000000000,32.62460000000000,48.5564,1080910138125,16.8743,16.6345,0.2398,32.5416,16.7175,1.0359,15.6816,-0.3443,6035.8039,NA,NA,NA
chrome.exe,24952,0x2F262AA7E40,DXGI,0,0,0,Hardware Composed: Independent Flip,1080910467736,NA,16.32660000000000,16.68760000000000,0.22890000000000,32.95160000000000,48.9174,1080910306868,16.3157,16.0868,0.2289,32.3848,16.6536,1.2060,15.4476,0.1867,6052.6782,NA,NA,NA
chrome.exe,24952,0x2F262AA7E40,DXGI,0,0,0,Hardware Composed: Independent Flip,1080910633716,NA,16.59800000000000,16.63340000000000,0.16840000000000,33.20910000000000,48.9528,1080910470025,16.5375,16.3691,0.1684,32.7227,16.8555,1.2773,15.5782,-0.3177,6068.9939,NA,NA,NA
chrome.exe,24952,0x2F262AA7E40,DXGI,0,0,0,Hardware Composed: Independent Flip,1080910801300,NA,16.75840000000000,16.62630000000000,0.17070000000000,32.88830000000000,48.8207,1080910635400,16.7607,16.5900,0.1707,33.0407,16.4376,1.2915,15.1461,-0.0888,6085.5314,NA,NA,NA
chrome.exe,24952,0x2F262AA7E40,DXGI,0,0,0,Hardware Composed: Independent Flip,1080910966905,NA,16.56050000000000,16.72910000000000,0.15740000000000,33.05450000000000,48.9893,1080910803007,16.5472,16.3898,0.1574,32.7176,16.7267,1.1540,15.5727,0.0316,6102.2921,NA,NA,NA
chrome.exe,24952,0x2F262AA7E40,DXGI,0,0,0,Hardware Composed: Independent Flip,1080911133749,NA,16.68440000000000,16.64000000000000,0.14780000000000,33.01200000000000,48.9449,1080910968479,16.6748,16.5270,0.1478,32.8971,16.6419,1.2293,15.4126,-0.0928,6118.8393,NA,NA,NA
chrome.exe,24952,0x2F262AA7E40,DXGI,0,0,0,Hardware Composed: Independent Flip,1080911299311,NA,16.55620000000000,16.66820000000000,0.17350000000000,33.08840000000000,49.0569,1080911135227,16.5819,16.4084,0.1735,32.8642,16.6326,1.0665,15.5661,0.0066,6135.5141,NA,NA,NA
chrome.exe,24952,0x2F262AA7E40,DXGI,0,0,0,Hardware Composed: Independent Flip,1080911467469,NA,16.81580000000000,16.68070000000000,0.15890000000000,32.94830000000000,48.9218,1080911301046,16.8012,16.6423,0.1589,32.9149,16.6757,1.5105,15.1652,-0.0988,6152.0960,NA,NA,NA
chrome.exe,24952,0x2F262AA7E40,DXGI,0,0,0,Hardware Composed: Independent Flip,1080911631497,NA,16.40280000000000,16.66020000000000,0.13050000000000,33.41760000000000,49.1792,1080911469058,16.3744,16.2439,0.1305,32.7894,16.8721,1.2575,15.6146,0.1410,6168.8972,NA,NA,NA
chrome.exe,24952,0x2F262AA7E40,DXGI,0,0,0,Hardware Composed: Independent Flip,1080911800137,NA,16.86400000000000,16.68620000000000,0.15490000000000,33.02080000000000,49.0014,1080911632802,16.8884,16.7335,0.1549,33.2871,16.4672,1.1388,15.3284,-0.3118,6185.2716,NA,NA,NA
chrome.exe,24952,0x2F262AA7E40,DXGI,0,0,0,Hardware Composed: Independent Flip,1080911967449,NA,16.73120000000000,16.61800000000000,0.18440000000000,32.96930000000000,48.8882,1080911801686,16.7607,16.5763,0.1844,32.8659,16.6797,1.4098,15.2699,0.2704,6202.1600,NA,NA,NA
chrome.exe,24952,0x2F262AA7E40,DXGI,0,0,0,Hardware Composed: Independent Flip,1080912134049,NA,16.66000000000000,16.69230000000000,0.17280000000000,32.93490000000000,48.9205,1080911969293,16.6484,16.4756,0.1728,32.7849,16.6256,1.4937,15.1319,0.0684,6218.9207,NA,NA,NA
chrome.exe,24952,0x2F262AA7E40,DXGI,0,0,0,Hardware Composed: Independent Flip,1080912307162,NA,17.31130000000000,16.67480000000000,0.13070000000000,32.29820000000000,48.2840,1080912135777,17.2692,17.1385,0.1307,32.7621,16.6746,1.5116,15.1630,-0.0264,6235.5691,NA,NA,NA
chrome.exe,24952,0x2F262AA7E40,DXGI,0,0,0,Hardware Composed: Independent Flip,1080912466778,NA,15.96160000000000,16.62900000000000,0.16550000000000,32.98580000000000,48.9514,1080912308469,15.9964,15.8309,0.1655,32.1675,16.6492,1.4821,15.1671,0.6402,6252.8383,NA,NA,NA
chrome.exe,24952,0x2F262AA7E40,DXGI,0,0,0,Hardware Composed: Independent Flip,1080912634235,NA,16.74570000000000,16.72370000000000,0.18130000000000,32.92560000000000,48.9294,1080912468433,16.7615,16.5802,0.1813,32.8203,16.6855,2.0931,14.5924,-0.7273,6268.8347,NA,NA,NA
chrome.exe,24952,0x2F262AA7E40,DXGI,0,0,0,Hardware Composed: Independent Flip,1080912800328,NA,16.60930000000000,16.65130000000000,0.15180000000000,33.07720000000000,48.9714,1080912636048,16.5798,16.4280,0.1518,32.7443,16.7609,1.1272,15.6337,0.1102,6285.5962,NA,NA,NA
chrome.exe,24952,0x2F262AA7E40,DXGI,0,0,0,Hardware Composed: Independent Flip,1080912969644,NA,16.93160000000000,16.65430000000000,0.12390000000000,32.73380000000000,48.6941,1080912801846,16.9037,16.7798,0.1239,32.9254,16.5882,1.5386,15.0496,-0.0745,6302.1760,NA,NA,NA
chrome.exe,24952,0x2F262AA7E40,DXGI,0,0,0,Hardware Composed: Independent Flip,1080913134414,NA,16.47700000000000,16.75950000000000,0.15780000000000,32.96630000000000,48.9766,1080912970883,16.5109,16.3531,0.1578,32.6099,16.7095,2.1841,14.5254,0.1442,6319.0797,NA,NA,NA
chrome.exe,24952,0x2F262AA7E40,DXGI,0,0,0,Hardware Composed: Independent Flip,1080913301985,NA,16.75710000000000,16.55140000000000,0.20310000000000,33.18290000000000,48.7709,1080913135992,16.8024,16.5993,0.2031,32.8085,16.9737,1.7738,15.1999,-0.0405,6335.5906,NA,NA,NA
chrome.exe,24952,0x2F262AA7E40,DXGI,0,0,0,Hardware Composed: Independent Flip,1080913467816,NA,16.58310000000000,16.67610000000000,0.17760000000000,33.06020000000000,48.8639,1080913304016,16.5576,16.3800,0.1776,32.9798,16.4604,1.2162,15.2442,0.1263,6352.3930,NA,NA,NA
chrome.exe,24952,0x2F262AA7E40,DXGI,0,0,0,Hardware Composed: Independent Flip,1080913638803,NA,17.09870000000000,16.70730000000000,0.20700000000000,32.44280000000000,48.4725,1080913469592,17.1281,16.9211,0.2070,32.8826,16.4813,1.7570,14.7243,-0.1497,6368.9506,NA,NA,NA
chrome.exe,24952,0x2F262AA7E40,DXGI,0,0,0,Hardware Composed: Independent Flip,1080913799470,NA,16.06670000000000,16.65700000000000,0.17210000000000,33.24960000000000,49.0628,1080913640873,16.0318,15.8597,0.1721,32.2358,16.8735,1.9570,14.9165,0.4711,6386.0787,NA,NA,NA
chrome.exe,24952,0x2F262AA7E40,DXGI,0,0,0,Hardware Composed: Independent Flip,1080913964048,NA,16.45780000000000,16.62950000000000,0.15870000000000,33.30600000000000,49.2345,1080913801191,16.4444,16.2857,0.1587,33.0775,16.5142,1.5511,14.9631,-0.5977,6402.1105,NA,NA,NA
chrome.exe,24952,0x2F262AA7E40,DXGI,0,0,0,Hardware Composed: Independent Flip,1080914137004,NA,17.29560000000000,16.67680000000000,0.13870000000000,32.58010000000000,48.6157,1080913965635,17.2756,17.1369,0.1387,33.1473,16.5697,1.0152,15.5545,-0.2324,6418.5549,NA,NA,NA
chrome.exe,24952,0x2F262AA7E40,DXGI,0,0,0,Hardware Composed: Independent Flip,1080914299231,NA,16.22270000000000,16.66070000000000,0.20080000000000,33.06730000000000,49.0537,1080914138391,16.2848,16.0840,0.2008,32.4414,16.7099,1.4265,15.2834,0.6149,6435.8305,NA,NA,NA
chrome.exe,24952,0x2F262AA7E40,DXGI,0,0,0,Hardware Composed: Independent Flip,1080914466182,NA,16.69510000000000,16.88930000000000,0.15470000000000,33.13070000000000,49.2479,1080914301239,16.6490,16.4943,0.1547,32.8665,16.7585,2.0713,14.6872,-0.6045,6452.1153,NA,NA,NA
chrome.exe,24952,0x2F262AA7E40,DXGI,0,0,0,Hardware Composed: Independent Flip,1080914631901,NA,16.57190000000000,16.47510000000000,0.14380000000000,33.58890000000000,49.1511,1080914467729,16.5610,16.4172,0.1438,32.9760,17.0301,1.2098,15.8203,0.1739,6468.7643,NA,NA,NA
chrome.exe,24952,0x2F262AA7E40,DXGI,0,0,0,Hardware Composed: Independent Flip,1080914800418,NA,16.85170000000000,16.66160000000000,0.15700000000000,33.00850000000001,48.9610,1080914633339,16.8649,16.7079,0.1570,33.4451,16.2713,1.0607,15.2106,-0.1006,6485.3253,NA,NA,NA
chrome.exe,24952,0x2F262AA7E40,DXGI,0,0,0,Hardware Composed: Independent Flip,1080914972034,NA,17.16160000000000,16.72060000000000,0.17380000000000,32.50230000000000,48.5200,1080914801988,17.1784,17.0046,0.1738,32.8515,16.6554,4.2598,12.3956,0.1443,6502.1902,NA,NA,NA
chrome.exe,24952,0x2F262AA7E40,DXGI,0,0,0,Hardware Composed: Independent Flip,1080915143147,NA,17.11130000000000,16.61230000000000,0.23880000000000,32.34290000000000,48.0210,1080914973772,17.1763,16.9375,0.2388,32.3285,16.9519,1.5780,15.3739,0.5661,6519.3686,NA,NA,NA
chrome.exe,24952,0x2F262AA7E40,DXGI,0,0,0,Hardware Composed: Independent Flip,1080915299790,NA,15.66430000000000,16.62600000000000,0.12810000000000,33.26170000000000,48.9827,1080915145535,15.5536,15.4255,0.1281,32.1041,16.5831,1.2513,15.3318,0.5503,6536.5449,NA,NA,NA
chrome.exe,24952,0x2F262AA7E40,DXGI,0,0,0,Hardware Composed: Independent Flip,1080915468276,NA,16.84860000000000,16.66720000000000,0.10660000000000,32.97300000000000,48.8013,1080915301071,16.8271,16.7205,0.1066,33.1336,16.5599,1.3612,15.1987,-1.1136,6552.0985,NA,NA,NA
chrome.exe,24952,0x2F262AA7E40,DXGI,0,0,0,Hardware Composed: Independent Flip,1080915634277,NA,16.60010000000000,16.69440000000000,0.10500000000000,32.95290000000000,48.8956,1080915469342,16.5985,16.4935,0.1050,32.8664,16.5800,3.6507,12.9293,0.1327,6568.9256,NA,NA,NA
chrome.exe,24952,0x2F262AA7E40,DXGI,0,0,0,Hardware Composed: Independent Flip,1080915799283,NA,16.50060000000000,16.66190000000000,0.19040000000000,33.18160000000000,49.0569,1080915635327,16.5860,16.3956,0.1904,32.8479,16.7293,1.4681,15.2612,-0.0634,6585.5241,NA,NA,NA
chrome.exe,24952,0x2F262AA7E40,DXGI,0,0,0,Hardware Composed: Independent Flip,1080915966380,NA,16.70970000000000,16.81160000000000,0.16700000000000,33.01120000000000,49.1588,1080915801187,16.6863,16.5193,0.1670,32.9912,16.5393,1.0721,15.4672,-0.2256,6602.1101,NA,NA,NA
chrome.exe,24952,0x2F262AA7E40,DXGI,0,0,0,Hardware Composed: Independent Flip,1080916133946,NA,16.75660000000000,16.58140000000000,0.17110000000000,33.20830000000000,48.9836,1080915968050,16.7607,16.5896,0.1711,32.8442,16.9537,1.1579,15.7958,0.1049,6618.7964,NA,NA,NA
chrome.exe,24952,0x2F262AA7E40,DXGI,0,0,0,Hardware Composed: Independent Flip,1080916299161,NA,16.52150000000000,16.61550000000000,0.11630000000000,33.27790000000000,49.0776,1080916135657,16.4667,16.3504,0.1163,33.0372,16.5911,1.1262,15.4649,0.1452,6635.5571,NA,NA,NA
chrome.exe,24952,0x2F262AA7E40,DXGI,0,0,0,Hardware Composed: Independent Flip,1080916467267,NA,16.81060000000000,16.66520000000000,0.15510000000000,33.04200000000000,48.9322,1080916300324,16.8494,16.6943,0.1551,33.1616,16.5747,1.3383,15.2364,-0.1985,6652.0238,NA,NA,NA
chrome.exe,24952,0x2F262AA7E40,DXGI,0,0,0,Hardware Composed: Independent Flip,1080916636002,NA,16.87350000000000,16.65530000000000,0.13180000000000,33.13870000000000,48.7140,1080916468818,16.8502,16.7184,0.1318,32.8869,16.9702,4.2465,12.7237,0.1941,6668.8732,NA,NA,NA
chrome.exe,24952,0x2F262AA7E40,DXGI,0,0,0,Hardware Composed: Independent Flip,1080916800079,NA,16.40770000000000,16.65550000000000,0.11740000000000,32.98380000000000,48.9618,1080916637320,16.3933,16.2759,0.1174,33.0069,16.2528,1.0399,15.2129,0.1947,6685.7234,NA,NA,NA
chrome.exe,24952,0x2F262AA7E40,DXGI,0,0,0,Hardware Composed: Independent Flip,1080916971639,NA,17.15600000000000,16.78500000000000,0.12740000000000,32.54240000000000,48.5908,1080916801253,17.1660,17.0386,0.1274,32.8664,16.7146,3.5252,13.1894,-0.3917,6702.1167,NA,NA,NA
chrome.exe,24952,0x2F262AA7E40,DXGI,0,0,0,Hardware Composed: Independent Flip,1080917134242,NA,16.26030000000000,16.54930000000000,0.16310000000000,33.38580000000000,48.8798,1080916972913,16.2960,16.1329,0.1631,32.4150,17.1037,1.5790,15.5247,0.6167,6719.2827,NA,NA,NA
chrome.exe,24952,0x2F262AA7E40,DXGI,0,0,0,Hardware Composed: Independent Flip,1080917300194,NA,16.59520000000000,16.63060000000000,0.19170000000000,33.62960000000000,48.9152,1080917135873,16.6238,16.4321,0.1917,33.2227,16.8390,1.8922,14.9468,-0.3346,6735.5787,NA,NA,NA
chrome.exe,24952,0x2F262AA7E40,DXGI,0,0,0,Hardware Composed: Independent Flip,1080917468474,NA,16.82800000000000,16.68020000000000,0.15420000000000,34.33330000000000,48.7674,1080917302111,16.7905,16.6363,0.1542,33.4379,17.5317,2.9495,14.5822,-0.0564,6752.2025,NA,NA,NA
chrome.exe,24952,0x2F262AA7E40,DXGI,0,0,0,Hardware Composed: Independent Flip,1080917633150,NA,16.46760000000000,16.67030000000000,0.14630000000000,34.54400000000000,48.9701,1080917470016,16.4597,16.3134,0.1463,34.1791,16.6783,2.8099,13.8684,0.1202,6768.9930,NA,NA,NA
chrome.exe,24952,0x2F262AA7E40,DXGI,0,0,0,Hardware Composed: Independent Flip,1080917798962,NA,16.58120000000000,16.65580000000000,0.15310000000000,33.75380000000000,49.0447,1080917634613,16.5880,16.4349,0.1531,34.3977,15.7910,1.6127,14.1783,-0.1961,6785.4527,NA,NA,NA
chrome.exe,24952,0x2F262AA7E40,DXGI,0,0,0,Hardware Composed: Independent Flip,1080917965947,NA,16.69850000000000,16.71080000000000,0.14690000000000,33.52420000000000,49.0570,1080917800493,16.6923,16.5454,0.1469,33.6007,16.4689,2.1132,14.3557,-0.1228,6802.0407,NA,NA,NA
chrome.exe,24952,0x2F262AA7E40,DXGI,0,0,0,Hardware Composed: Independent Flip,1080918131866,NA,16.59190000000000,16.63750000000000,0.11080000000000,33.87810000000000,49.1026,1080917967416,16.5558,16.4450,0.1108,33.3773,16.9458,2.1519,14.7939,0.0548,6818.7330,NA,NA,NA
chrome.exe,24952,0x2F262AA7E40,DXGI,0,0,0,Hardware Composed: Independent Flip,1080918297837,NA,16.59710000000000,16.63840000000000,0.15030000000000,33.87980000000000,49.1439,1080918132974,16.6366,16.4863,0.1503,33.7673,16.5988,2.3103,14.2885,-0.0826,6835.2888,NA,NA,NA
chrome.exe,24952,0x2F262AA7E40,DXGI,0,0,0,Hardware Composed: Independent Flip,1080918467415,NA,16.95780000000000,16.68410000000000,0.12340000000000,33.63930000000000,48.8702,1080918299340,16.9309,16.8075,0.1234,33.7295,16.7173,2.1332,14.5841,-0.0475,6851.9254,NA,NA,NA
chrome.exe,24952,0x2F262AA7E40,DXGI,0,0,0,Hardware Composed: Independent Flip,1080918632399,NA,16.49840000000000,16.66290000000000,0.14520000000000,33.64380000000000,49.0347,1080918468649,16.5202,16.3750,0.1452,33.5159,16.5029,1.8969,14.6060,0.2680,6868.8563,NA,NA,NA
chrome.exe,24952,0x2F262AA7E40,DXGI,0,0,0,Hardware Composed: Independent Flip,1080918799360,NA,16.69610000000000,16.71720000000000,0.10630000000000,33.61800000000000,49.0558,1080918633851,16.6572,16.5509,0.1063,33.4986,16.6703,2.0813,14.5890,-0.1970,6885.3765,NA,NA,NA
chrome.exe,24952,0x2F262AA7E40,DXGI,0,0,0,Hardware Composed: Independent Flip,1080918966788,NA,16.74280000000000,16.61130000000000,0.16910000000000,33.69040000000000,48.9243,1080918800423,16.8056,16.6365,0.1691,33.5117,16.8152,1.9825,14.8327,0.0459,6902.0337,NA,NA,NA
chrome.exe,24952,0x2F262AA7E40,DXGI,0,0,0,Hardware Composed: Independent Flip,1080919131748,NA,16.49600000000000,16.68190000000000,0.18180000000000,33.08590000000000,49.1102,1080918968479,16.5087,16.3269,0.1818,33.5213,15.8915,5.8064,10.0851,0.1237,6918.8393,NA,NA,NA
chrome.exe,24952,0x2F262AA7E40,DXGI,0,0,0,Hardware Composed: Independent Flip,1080919299643,NA,16.78950000000000,16.64940000000000,0.14330000000000,33.75410000000000,48.9701,1080919133566,16.7510,16.6077,0.1433,32.9041,17.4577,2.0481,15.4096,-0.1407,6935.3480,NA,NA,NA
chrome.exe,24952,0x2F262AA7E40,DXGI,0,0,0,Hardware Composed: Independent Flip,1080919466510,NA,16.68670000000000,16.72240000000000,0.18800000000000,33.74460000000000,49.0058,1080919301076,16.7314,16.5434,0.1880,33.6108,16.6772,2.2251,14.4521,0.0286,6952.0990,NA,NA,NA
chrome.exe,24952,0x2F262AA7E40,DXGI,0,0,0,Hardware Composed: Independent Flip,1080919631418,NA,16.49080000000000,16.67900000000000,0.11730000000000,33.94800000000000,49.1940,1080919468390,16.4201,16.3028,0.1173,33.5566,16.6942,1.9634,14.7308,0.0524,6968.8304,NA,NA,NA
chrome.exe,24952,0x2F262AA7E40,DXGI,0,0,0,Hardware Composed: Independent Flip,1080919800482,NA,16.90640000000000,16.59010000000000,0.15480000000000,33.71190000000000,48.8777,1080919632591,16.9439,16.7891,0.1548,33.8307,16.6703,2.4833,14.1870,-0.1700,6985.2505,NA,NA,NA
chrome.exe,24952,0x2F262AA7E40,DXGI,0,0,0,Hardware Composed: Independent Flip,1080919967905,NA,16.74230000000000,16.66810000000000,0.16660000000000,33.19810000000000,48.8035,1080919802030,16.7541,16.5875,0.1666,33.5571,16.2285,1.6423,14.5862,0.2758,7002.1944,NA,NA,NA
chrome.exe,24952,0x2F262AA7E40,DXGI,0,0,0,Hardware Composed: Independent Flip,1080920134851,NA,16.69460000000000,16.66100000000000,0.18570000000000,33.23300000000000,48.7699,1080919969571,16.7137,16.5280,0.1857,33.0315,16.7295,6.0700,10.6595,0.0931,7018.9485,NA,NA,NA
chrome.exe,24952,0x2F262AA7E40,DXGI,0,0,0,Hardware Composed: Independent Flip,1080920297399,NA,16.25480000000000,16.66740000000000,0.16550000000000,33.72020000000000,49.1825,1080920136708,16.2346,16.0691,0.1655,33.0473,16.7420,5.3894,11.3526,0.0463,7035.6622,NA,NA,NA
chrome.exe,24952,0x2F262AA7E40,DXGI,0,0,0,Hardware Composed: Independent Flip,1080920464978,NA,16.75790000000000,16.66810000000000,0.14180000000000,33.88190000000000,49.0927,1080920299054,16.7342,16.5924,0.1418,33.5547,16.9196,5.9423,10.9773,-0.4335,7051.8968,NA,NA,NA
chrome.exe,24952,0x2F262AA7E40,DXGI,0,0,0,Hardware Composed: Independent Flip,1080920630972,NA,16.59940000000000,16.77860000000000,0.17920000000000,33.58500000000000,49.2719,1080920466396,16.6368,16.4576,0.1792,33.7401,16.3025,5.3776,10.9249,-0.0444,7068.6310,NA,NA,NA
chrome.exe,24952,0x2F262AA7E40,DXGI,0,0,0,Hardware Composed: Independent Flip,1080920798563,NA,16.75910000000000,16.54900000000000,0.21620000000000,33.87530000000000,49.0618,1080920632764,16.7961,16.5799,0.2162,33.4058,17.0494,5.5886,11.4608,0.0878,7085.2678,NA,NA,NA
chrome.exe,24952,0x2F262AA7E40,DXGI,0,0,0,Hardware Composed: Independent Flip,1080920964686,NA,16.61230000000000,16.66560000000000,0.16220000000000,33.54150000000000,49.1151,1080920800725,16.5583,16.3961,0.1622,33.6591,16.2785,5.2019,11.0766,0.1305,7102.0639,NA,NA,NA
chrome.exe,24952,0x2F262AA7E40,DXGI,0,0,0,Hardware Composed: Independent Flip,1080921133405,NA,16.87190000000000,16.69670000000000,0.16240000000000,33.74220000000000,48.9399,1080920966308,16.8721,16.7097,0.1624,33.3793,17.0726,5.9643,11.1083,-0.1384,7118.6222,NA,NA,NA
chrome.exe,24952,0x2F262AA7E40,DXGI,0,0,0,Hardware Composed: Independent Flip,1080921297307,NA,16.39020000000000,16.65720000000000,0.16890000000000,33.78820000000000,49.2069,1080921135029,16.3967,16.2278,0.1689,33.5798,16.4362,1.9827,14.4535,0.2149,7135.4943,NA,NA,NA
chrome.exe,24952,0x2F262AA7E40,DXGI,0,0,0,Hardware Composed: Independent Flip,1080921463835,NA,16.65280000000000,16.65590000000000,0.24620000000000,34.06760000000000,49.2100,1080921298996,16.7301,16.4839,0.2462,33.6193,16.9322,6.5997,10.3325,-0.2592,7151.8910,NA,NA,NA
chrome.exe,24952,0x2F262AA7E40,DXGI,0,0,0,Hardware Composed: Independent Flip,1080921632079,NA,16.82440000000000,16.66580000000000,0.09870000000000,33.51430000000000,49.0514,1080921466297,16.6769,16.5782,0.0987,33.8214,16.2711,1.8240,14.4471,0.0643,7168.6211,NA,NA,NA
chrome.exe,24952,0x2F262AA7E40,DXGI,0,0,0,Hardware Composed: Independent Flip,1080921798407,NA,16.63280000000000,16.66620000000000,0.16280000000000,33.51560000000000,49.0848,1080921633066,16.6969,16.5341,0.1628,33.4156,16.6341,4.7628,11.8713,0.0107,7185.2980,NA,NA,NA
chrome.exe,24952,0x2F262AA7E40,DXGI,0,0,0,Hardware Composed: Independent Flip,1080921964863,NA,16.64560000000000,16.66400000000000,0.83890000000000,33.87300000000000,49.1032,1080921800035,17.3217,16.4828,0.8389,33.3528,17.0030,2.1857,14.8173,0.0329,7201.9949,NA,NA,NA
chrome.exe,24952,0x2F262AA7E40,DXGI,0,0,0,Hardware Composed: Independent Flip,1080922130795,NA,16.59320000000000,16.69670000000000,0.13260000000000,33.95690000000000,49.2067,1080921973252,15.8869,15.7543,0.1326,33.0341,16.6771,5.9275,10.7496,0.6250,7219.3166,NA,NA,NA
chrome.exe,24952,0x2F262AA7E40,DXGI,0,0,0,Hardware Composed: Independent Flip,1080922297887,NA,16.70920000000000,16.63270000000000,0.16880000000000,33.76760000000000,49.1302,1080922132121,16.7454,16.5766,0.1688,33.8243,16.5199,1.8586,14.6613,-0.7458,7235.2035,NA,NA,NA
chrome.exe,24952,0x2F262AA7E40,DXGI,0,0,0,Hardware Composed: Independent Flip,1080922464888,NA,16.70010000000000,16.66740000000000,0.14870000000000,38.24430000000000,49.0975,1080922299575,16.6800,16.5313,0.1487,33.5988,21.1768,10.1260,11.0508,0.0780,7251.9489,NA,NA,NA
chrome.exe,24952,0x2F262AA7E40,DXGI,0,0,0,Hardware Composed: Independent Flip,1080922631467,NA,16.65790000000000,16.65910000000000,0.16330000000000,34.64390000000000,49.0987,1080922466375,16.6725,16.5092,0.1633,38.0956,13.0575,2.7725,10.2850,0.0209,7268.6289,NA,NA,NA
chrome.exe,24952,0x2F262AA7E40,DXGI,0,0,0,Hardware Composed: Independent Flip,1080922799454,NA,16.79870000000000,16.68980000000000,0.15850000000000,33.52500000000000,48.9898,1080922633100,16.7939,16.6354,0.1585,34.4806,15.6798,5.1098,10.5700,-0.0173,7285.3014,NA,NA,NA
chrome.exe,24952,0x2F262AA7E40,DXGI,0,0,0,Hardware Composed: Independent Flip,1080922965103,NA,16.56490000000000,16.65230000000000,0.10070000000000,33.60640000000000,49.0772,1080922801039,16.5071,16.4064,0.1007,33.3665,16.6463,1.9874,14.6589,0.1416,7302.0953,NA,NA,NA
chrome.exe,24952,0x2F262AA7E40,DXGI,0,0,0,Hardware Composed: Independent Flip,1080923131015,NA,16.59120000000000,16.67140000000000,0.09690000000000,33.95040000000000,49.1574,1080922966110,16.5874,16.4905,0.0969,33.5057,16.9352,5.6702,11.2650,-0.1643,7318.6024,NA,NA,NA
chrome.exe,24952,0x2F262AA7E40,DXGI,0,0,0,Hardware Composed: Independent Flip,1080923298683,NA,16.76680000000000,16.65910000000000,0.13250000000000,33.51230000000000,49.0497,1080923131984,16.8024,16.6699,0.1325,33.8535,16.3287,1.8364,14.4923,-0.0717,7335.1898,NA,NA,NA
chrome.exe,24952,0x2F262AA7E40,DXGI,0,0,0,Hardware Composed: Independent Flip,1080923463183,NA,16.45000000000000,16.66960000000000,0.37120000000000,34.05430000000000,49.2693,1080923300008,16.6887,16.3175,0.3712,33.3798,16.9920,5.7099,11.2821,0.1328,7351.9922,NA,NA,NA
chrome.exe,24952,0x2F262AA7E40,DXGI,0,0,0,Hardware Composed: Independent Flip,1080923630916,NA,16.77330000000000,16.67790000000000,0.16230000000000,38.34940000000000,49.1739,1080923466895,16.5644,16.4021,0.1623,33.6831,21.0684,6.4765,14.5919,0.0108,7368.6809,NA,NA,NA
chrome.exe,24952,0x2F262AA7E40,DXGI,0,0,0,Hardware Composed: Independent Flip,1080923798150,NA,16.72340000000000,16.65710000000000,0.18980000000000,34.55900000000000,49.1076,1080923632539,16.7509,16.5611,0.1898,38.1871,12.9330,2.6722,10.2608,-0.0927,7385.2453,NA,NA,NA
chrome.exe,24952,0x2F262AA7E40,DXGI,0,0,0,Hardware Composed: Independent Flip,1080923961687,NA,16.35370000000000,16.66500000000000,0.29570000000000,34.03740000000000,49.4189,1080923800048,16.4596,16.1639,0.2957,34.3692,15.8321,1.6283,14.2038,0.0859,7401.9962,NA,NA,NA
chrome.exe,24952,0x2F262AA7E40,DXGI,0,0,0,Hardware Composed: Independent Flip,1080924130881,NA,16.91940000000000,16.69340000000000,0.14230000000000,34.65430000000000,49.1929,1080923964644,16.7660,16.6237,0.1423,33.7417,17.5363,6.5931,10.9432,-0.2338,7418.4558,NA,NA,NA
chrome.exe,24952,0x2F262AA7E40,DXGI,0,0,0,Hardware Composed: Independent Flip,1080924297395,NA,16.65140000000000,16.62810000000000,0.15360000000000,33.98710000000000,49.1696,1080924132304,16.6627,16.5091,0.1536,34.5120,15.9842,1.7664,14.2178,0.1379,7435.2218,NA,NA,NA
chrome.exe,24952,0x2F262AA7E40,DXGI,0,0,0,Hardware Composed: Independent Flip,1080924464381,NA,16.69860000000000,16.71410000000000,0.10620000000000,34.67630000000000,49.1851,1080924298931,16.6512,16.5450,0.1062,33.8335,17.3878,6.4804,10.9074,-0.0514,7451.8845,NA,NA,NA
chrome.exe,24952,0x2F262AA7E40,DXGI,0,0,0,Hardware Composed: Independent Flip,1080924630962,NA,16.65810000000000,16.71040000000000,0.16200000000000,33.92740000000000,49.2374,1080924465443,16.7139,16.5519,0.1620,34.5701,15.9092,1.6892,14.2200,-0.0592,7468.5357,NA,NA,NA
chrome.exe,24952,0x2F262AA7E40,DXGI,0,0,0,Hardware Composed: Independent Flip,1080924797460,NA,16.64980000000000,16.59700000000000,0.12900000000000,33.93050000000000,49.1846,1080924632582,16.6168,16.4878,0.1290,33.7654,16.6529,5.2707,11.3822,0.1169,7485.2496,NA,NA,NA
chrome.exe,24952,0x2F262AA7E40,DXGI,0,0,0,Hardware Composed: Independent Flip,1080924965608,NA,16.81480000000000,16.65980000000000,0.16360000000000,33.51130000000000,49.0296,1080924798750,16.8494,16.6858,0.1636,33.8015,16.3956,1.9318,14.4638,-0.0430,7501.8664,NA,NA,NA
chrome.exe,24952,0x2F262AA7E40,DXGI,0,0,0,Hardware Composed: Independent Flip,1080925131517,NA,16.59090000000000,16.69680000000000,0.14990000000000,34.97150000000000,49.1355,1080924967244,16.5772,16.4273,0.1499,33.3477,18.0511,7.0417,11.0094,0.1526,7518.7158,NA,NA,NA
chrome.exe,24952,0x2F262AA7E40,DXGI,0,0,0,Hardware Composed: Independent Flip,1080925297404,NA,16.58870000000000,16.66680000000000,0.11070000000000,33.96710000000000,49.2136,1080925133016,16.5495,16.4388,0.1107,34.8216,15.5843,1.7261,13.8582,-0.0896,7535.2930,NA,NA,NA
chrome.exe,24952,0x2F262AA7E40,DXGI,0,0,0,Hardware Composed: Independent Flip,1080925462499,NA,16.50950000000000,16.62870000000000,0.20620000000000,34.09450000000000,49.3328,1080925298511,16.6050,16.3988,0.2062,33.8564,16.6369,5.4860,11.1509,-0.0792,7551.8425,NA,NA,NA
chrome.exe,24952,0x2F262AA7E40,DXGI,0,0,0,Hardware Composed: Independent Flip,1080925632760,NA,17.02610000000000,16.70820000000000,0.13940000000000,33.36570000000000,49.0149,1080925464561,16.9593,16.8199,0.1394,33.8883,16.2973,1.8083,14.4890,-0.1032,7568.4475,NA,NA,NA
chrome.exe,24952,0x2F262AA7E40,DXGI,0,0,0,Hardware Composed: Independent Flip,1080925799298,NA,16.65380000000000,16.63230000000000,0.17600000000000,33.45390000000000,48.9934,1080925634154,16.6904,16.5144,0.1760,33.2263,16.7420,5.3680,11.3740,0.3270,7585.4068,NA,NA,NA
chrome.exe,24952,0x2F262AA7E40,DXGI,0,0,0,Hardware Composed: Independent Flip,1080925965041,NA,16.57430000000000,16.66450000000000,0.11770000000000,33.81870000000000,49.0836,1080925801058,16.5160,16.3983,0.1177,33.2779,16.9391,2.1494,14.7897,0.0259,7602.0972,NA,NA,NA
chrome.exe,24952,0x2F262AA7E40,DXGI,0,0,0,Hardware Composed: Independent Flip,1080926131746,NA,16.67050000000000,16.66330000000000,0.21950000000000,34.63370000000000,49.0764,1080925966218,16.7723,16.5528,0.2195,33.7010,17.4855,6.5703,10.9152,-0.1473,7618.6132,NA,NA,NA
chrome.exe,24952,0x2F262AA7E40,DXGI,0,0,0,Hardware Composed: Independent Flip,1080926298124,NA,16.63780000000000,16.66060000000000,0.16080000000000,38.24500000000000,49.0992,1080926133941,16.5791,16.4183,0.1608,34.4142,20.2491,6.1317,14.1174,0.1117,7635.3855,NA,NA,NA
chrome.exe,24952,0x2F262AA7E40,DXGI,0,0,0,Hardware Composed: Independent Flip,1080926464630,NA,16.65060000000000,16.70460000000000,0.10630000000000,33.51040000000000,49.1532,1080926299732,16.5961,16.4898,0.1063,38.0842,11.9160,1.4674,10.4486,-0.1255,7651.9646,NA,NA,NA
chrome.exe,24952,0x2F262AA7E40,DXGI,0,0,0,Hardware Composed: Independent Flip,1080926630146,NA,16.55160000000000,16.62900000000000,0.14480000000000,34.02690000000000,49.2306,1080926465693,16.5901,16.4453,0.1448,33.4041,17.0681,2.1843,14.8838,-0.0329,7668.5607,NA,NA,NA
chrome.exe,24952,0x2F262AA7E40,DXGI,0,0,0,Hardware Composed: Independent Flip,1080926795998,NA,16.58520000000000,16.69800000000000,0.16200000000000,33.84800000000000,49.3434,1080926631594,16.6024,16.4404,0.1620,33.8821,16.4063,5.4814,10.9249,-0.1079,7685.1508,NA,NA,NA
chrome.exe,24952,0x2F262AA7E40,DXGI,0,0,0,Hardware Composed: Independent Flip,1080926966205,NA,17.02070000000000,16.64480000000000,0.15940000000000,33.50330000000000,48.9675,1080926797618,17.0181,16.8587,0.1594,33.6860,16.6760,1.7212,14.9548,-0.0424,7701.7532,NA,NA,NA
chrome.exe,24952,0x2F262AA7E40,DXGI,0,0,0,Hardware Composed: Independent Flip,1080927130209,NA,16.40040000000000,16.66220000000000,0.53430000000000,34.03230000000000,49.2293,1080926967799,16.7753,16.2410,0.5343,33.3439,16.9294,5.9406,10.9888,0.3559,7718.7713,NA,NA,NA
chrome.exe,24952,0x2F262AA7E40,DXGI,0,0,0,Hardware Composed: Independent Flip,1080927296134,NA,16.59250000000000,16.67910000000000,0.10370000000000,33.48440000000000,49.3159,1080927135552,16.1619,16.0582,0.1037,33.4980,16.0446,1.4062,14.6384,0.0962,7735.5466,NA,NA,NA
chrome.exe,24952,0x2F262AA7E40,DXGI,0,0,0,Hardware Composed: Independent Flip,1080927464263,NA,16.81290000000000,16.67470000000000,0.14220000000000,33.72330000000000,49.1777,1080927297171,16.8514,16.7092,0.1422,33.3807,17.0518,6.6344,10.4174,-0.5128,7751.7085,NA,NA,NA
chrome.exe,24952,0x2F262AA7E40,DXGI,0,0,0,Hardware Composed: Independent Flip,1080927632039,NA,16.77760000000000,16.65330000000000,0.15160000000000,33.58320000000001,49.0534,1080927465685,16.7870,16.6354,0.1516,33.5811,16.6375,2.5910,14.0465,0.1981,7768.5599,NA,NA,NA
chrome.exe,24952,0x2F262AA7E40,DXGI,0,0,0,Hardware Composed: Independent Flip,1080927798854,NA,16.68150000000000,16.66640000000000,0.44170000000000,33.57720000000000,49.0383,1080927633555,16.9716,16.5299,0.4417,33.4316,16.6755,6.3902,10.2853,0.1206,7785.3469,NA,NA,NA
chrome.exe,24952,0x2F262AA7E40,DXGI,0,0,0,Hardware Composed: Independent Flip,1080927965260,NA,16.64060000000000,16.69290000000000,0.16000000000000,33.48450000000000,49.0906,1080927803271,16.3589,16.1989,0.1600,33.1355,16.5479,4.0258,12.5221,0.2787,7802.3185,NA,NA,NA
chrome.exe,24952,0x2F262AA7E40,DXGI,0,0,0,Hardware Composed: Independent Flip,1080928131898,NA,16.66380000000000,16.64830000000000,0.20720000000000,34.93660000000000,49.0751,1080927966860,16.7110,16.5038,0.2072,33.3245,18.1159,9.4099,8.7060,-0.2894,7818.6774,NA,NA,NA
chrome.exe,24952,0x2F262AA7E40,DXGI,0,0,0,Hardware Composed: Independent Flip,1080928300469,NA,16.85710000000000,16.64840000000000,0.13800000000000,33.42010000000001,48.8664,1080928133970,16.7879,16.6499,0.1380,34.7294,15.3406,2.8624,12.4782,0.0626,7835.3884,NA,NA,NA
chrome.exe,24952,0x2F262AA7E40,DXGI,0,0,0,Hardware Composed: Independent Flip,1080928466159,NA,16.56900000000000,16.67380000000000,0.11360000000000,33.40900000000000,48.9712,1080928301849,16.5446,16.4310,0.1136,33.2821,16.5579,5.8254,10.7325,0.1141,7852.1763,NA,NA,NA
chrome.exe,24952,0x2F262AA7E40,DXGI,0,0,0,Hardware Composed: Independent Flip,1080928631687,NA,16.55280000000000,16.67320000000000,0.81070000000000,33.54360000000000,49.0916,1080928467295,17.2499,16.4392,0.8107,33.2954,16.6874,3.8158,12.8716,-0.1286,7868.7209,NA,NA,NA
chrome.exe,24952,0x2F262AA7E40,DXGI,0,0,0,Hardware Composed: Independent Flip,1080928796198,NA,16.45110000000000,16.66850000000000,0.14920000000000,33.91660000000000,49.3090,1080928639794,15.7896,15.6404,0.1492,32.7329,16.8241,8.5929,8.2312,0.5814,7885.9708,NA,NA,NA
chrome.exe,24952,0x2F262AA7E40,DXGI,0,0,0,Hardware Composed: Independent Flip,1080928965864,NA,16.96660000000000,16.65270000000000,0.16000000000000,33.48070000000000,48.9951,1080928797690,16.9774,16.8174,0.1600,33.7674,16.5307,4.0066,12.5241,-0.8631,7901.7604,NA,NA,NA
chrome.exe,24952,0x2F262AA7E40,DXGI,0,0,0,Hardware Composed: Independent Flip,1080929136123,NA,17.02590000000000,16.67880000000000,0.15360000000000,33.37780000000000,48.6480,1080928967464,17.0195,16.8659,0.1536,33.3207,16.9230,8.0679,8.8551,0.2986,7918.7378,NA,NA,NA
chrome.exe,24952,0x2F262AA7E40,DXGI,0,0,0,Hardware Composed: Independent Flip,1080929298007,NA,16.18840000000000,16.66110000000000,0.74860000000000,33.93860000000000,49.1207,1080929137659,16.7834,16.0348,0.7486,33.2242,16.7492,3.6558,13.0934,0.3584,7935.7573,NA,NA,NA
chrome.exe,24952,0x2F262AA7E40,DXGI,0,0,0,Hardware Composed: Independent Flip,1080929464394,NA,16.63870000000000,16.67740000000000,0.15020000000000,33.61440000000000,49.1594,1080929305493,16.0403,15.8901,0.1502,33.1900,16.3145,6.6974,9.6171,0.1060,7952.5407,NA,NA,NA
chrome.exe,24952,0x2F262AA7E40,DXGI,0,0,0,Hardware Composed: Independent Flip,1080929631310,NA,16.69160000000000,16.66060000000000,0.16050000000000,33.73800000000000,49.1284,1080929465896,16.7019,16.5414,0.1605,33.4642,16.8152,4.5347,12.2805,-0.6203,7968.5810,NA,NA,NA
chrome.exe,24952,0x2F262AA7E40,DXGI,0,0,0,Hardware Composed: Independent Flip,1080929798066,NA,16.67560000000000,16.69350000000000,0.14740000000000,33.63090000000000,49.1463,1080929632915,16.6625,16.5151,0.1474,33.5775,16.5685,3.1093,13.4592,0.0084,7985.2829,NA,NA,NA
chrome.exe,24952,0x2F262AA7E40,DXGI,0,0,0,Hardware Composed: Independent Flip,1080929965962,NA,16.78960000000000,16.63730000000000,0.16530000000000,33.75980000000000,48.9940,1080929799540,16.8075,16.6422,0.1653,33.4835,16.9185,2.3084,14.6101,0.0252,8001.9454,NA,NA,NA
chrome.exe,24952,0x2F262AA7E40,DXGI,0,0,0,Hardware Composed: Independent Flip,1080930132208,NA,16.62460000000000,16.66270000000000,0.18110000000000,33.77740000000000,49.0321,1080929967615,16.6404,16.4593,0.1811,33.5945,16.6422,8.0335,8.6087,0.1448,8018.7529,NA,NA,NA
chrome.exe,24952,0x2F262AA7E40,DXGI,0,0,0,Hardware Composed: Independent Flip,1080930298869,NA,16.66610000000000,16.71100000000000,0.14360000000000,33.49500000000000,49.0770,1080930134019,16.6286,16.4850,0.1436,33.5963,16.3837,5.0854,11.2983,-0.0706,8035.3933,NA,NA,NA
chrome.exe,24952,0x2F262AA7E40,DXGI,0,0,0,Hardware Composed: Independent Flip,1080930464003,NA,16.51340000000000,16.61960000000000,0.23060000000000,33.89950000000000,49.1832,1080930300305,16.6004,16.3698,0.2306,33.3514,16.9179,2.7811,14.1368,0.0090,8052.0219,NA,NA,NA
chrome.exe,24952,0x2F262AA7E40,DXGI,0,0,0,Hardware Composed: Independent Flip,1080930629966,NA,16.59630000000000,16.67170000000000,0.16090000000000,33.86750000000000,49.2586,1080930466309,16.5266,16.3657,0.1609,33.6689,16.5643,4.5033,12.0610,-0.0713,8068.6223,NA,NA,NA
chrome.exe,24952,0x2F262AA7E40,DXGI,0,0,0,Hardware Composed: Independent Flip,1080930798371,NA,16.84050000000000,16.65500000000000,0.14120000000000,33.86670000000000,49.0731,1080930631575,16.8208,16.6796,0.1412,33.7066,16.8397,7.2336,9.6061,-0.1284,8085.1489,NA,NA,NA
chrome.exe,24952,0x2F262AA7E40,DXGI,0,0,0,Hardware Composed: Independent Flip,1080930966072,NA,16.77010000000000,16.67170000000000,0.10620000000000,33.43660000000000,48.9747,1080930799783,16.7351,16.6289,0.1062,33.7255,16.3400,3.4113,12.9287,0.1491,8101.9697,NA,NA,NA
chrome.exe,24952,0x2F262AA7E40,DXGI,0,0,0,Hardware Composed: Independent Flip,1080931130613,NA,16.45410000000000,16.67670000000000,0.23020000000000,33.71650000000000,49.1973,1080930967134,16.5781,16.3479,0.2302,33.3304,16.7340,7.9812,8.7528,0.0584,8118.7048,NA,NA,NA
chrome.exe,24952,0x2F262AA7E40,DXGI,0,0,0,Hardware Composed: Independent Flip,1080931297096,NA,16.64830000000000,16.66510000000000,0.17280000000000,33.98100000000000,49.2141,1080931132915,16.5909,16.4181,0.1728,33.4863,16.9128,4.0886,12.8242,-0.0870,8135.2829,NA,NA,NA
chrome.exe,24952,0x2F262AA7E40,DXGI,0,0,0,Hardware Composed: Independent Flip,1080931464106,NA,16.70100000000000,16.66200000000000,0.17030000000000,33.67040000000000,49.1751,1080931298824,16.6985,16.5282,0.1703,33.8082,16.3904,7.2012,9.1892,-0.0711,8151.8738,NA,NA,NA
chrome.exe,24952,0x2F262AA7E40,DXGI,0,0,0,Hardware Composed: Independent Flip,1080931630362,NA,16.62560000000000,16.65500000000000,0.30290000000000,33.99670000000000,49.2045,1080931465809,16.7582,16.4553,0.3029,33.5001,16.9519,4.1634,12.7885,0.0435,8168.5723,NA,NA,NA
chrome.exe,24952,0x2F262AA7E40,DXGI,0,0,0,Hardware Composed: Independent Flip,1080931797764,NA,16.74020000000000,16.67840000000000,0.13320000000000,33.86760000000000,49.1427,1080931633391,16.5705,16.4373,0.1332,33.6938,16.6111,6.7799,9.8312,0.0798,8185.3305,NA,NA,NA
chrome.exe,24952,0x2F262AA7E40,DXGI,0,0,0,Hardware Composed: Independent Flip,1080931965378,NA,16.76140000000000,16.68200000000000,0.14740000000000,33.50050000000000,49.0633,1080931799096,16.7756,16.6282,0.1474,33.7344,16.3943,5.1598,11.2345,-0.1115,8201.9010,NA,NA,NA
chrome.exe,24952,0x2F262AA7E40,DXGI,0,0,0,Hardware Composed: Independent Flip,1080932131284,NA,16.59060000000000,16.65210000000000,0.18000000000000,33.91420000000000,49.1248,1080931966852,16.6232,16.4432,0.1800,33.3531,17.0043,2.0027,15.0016,0.1235,8218.6766,NA,NA,NA
chrome.exe,24952,0x2F262AA7E40,DXGI,0,0,0,Hardware Composed: Independent Flip,1080932297941,NA,16.66570000000000,16.67540000000000,0.17340000000000,33.61970000000000,49.1345,1080932133084,16.6591,16.4857,0.1734,33.7342,16.3712,4.4853,11.8859,-0.0522,8235.2998,NA,NA,NA
chrome.exe,24952,0x2F262AA7E40,DXGI,0,0,0,Hardware Composed: Independent Flip,1080932465989,NA,16.80480000000000,16.65000000000000,0.18150000000000,33.64840000000000,48.9797,1080932299675,16.8129,16.6314,0.1815,33.4463,16.8335,6.0098,10.8237,0.0091,8251.9589,NA,NA,NA
chrome.exe,24952,0x2F262AA7E40,DXGI,0,0,0,Hardware Composed: Independent Flip,1080932630797,NA,16.48080000000000,16.66610000000000,0.73860000000000,33.72140000000000,49.1650,1080932467804,17.0379,16.2993,0.7386,33.4669,16.5538,1.7666,14.7872,0.1468,8268.7718,NA,NA,NA
chrome.exe,24952,0x2F262AA7E40,DXGI,0,0,0,Hardware Composed: Independent Flip,1080932798545,NA,16.77480000000000,16.68150000000000,0.15860000000000,33.44200000000000,49.0717,1080932638183,16.1948,16.0362,0.1586,32.9828,16.4954,6.4656,10.0298,0.3564,8285.8097,NA,NA,NA
chrome.exe,24952,0x2F262AA7E40,DXGI,0,0,0,Hardware Composed: Independent Flip,1080932964936,NA,16.63910000000000,16.79020000000000,0.17730000000000,33.83620000000001,49.2228,1080932800131,16.6578,16.4805,0.1773,33.2834,17.0333,2.2601,14.7732,-0.5954,8302.0045,NA,NA,NA
chrome.exe,24952,0x2F262AA7E40,DXGI,0,0,0,Hardware Composed: Independent Flip,1080933130759,NA,16.58230000000000,16.52830000000000,0.15300000000000,34.03710000000000,49.1688,1080932966709,16.5580,16.4050,0.1530,33.6589,16.7832,5.8909,10.8923,0.1295,8318.6623,NA,NA,NA
chrome.exe,24952,0x2F262AA7E40,DXGI,0,0,0,Hardware Composed: Independent Flip,1080933297040,NA,16.62810000000000,16.67380000000000,0.17220000000000,33.86970000000000,49.2145,1080933132289,16.6473,16.4751,0.1722,33.8841,16.4607,5.4286,11.0321,-0.1158,8335.2203,NA,NA,NA
chrome.exe,24952,0x2F262AA7E40,DXGI,0,0,0,Hardware Composed: Independent Flip,1080933466884,NA,16.98440000000000,16.67780000000000,0.48130000000000,33.36690000000000,48.9079,1080933298762,17.2935,16.8122,0.4813,33.6975,16.4816,5.4899,10.9917,-0.0305,8351.8676,NA,NA,NA
chrome.exe,24952,0x2F262AA7E40,DXGI,0,0,0,Hardware Composed: Independent Flip,1080933631699,NA,16.48150000000000,16.67170000000000,0.14480000000000,33.78690000000000,49.0981,1080933471697,16.1450,16.0002,0.1448,32.8856,16.9015,1.8986,15.0029,0.6218,8369.1611,NA,NA,NA
chrome.exe,24952,0x2F262AA7E40,DXGI,0,0,0,Hardware Composed: Independent Flip,1080933796828,NA,16.51290000000000,16.64840000000000,0.15020000000000,33.94650000000000,49.2336,1080933633147,16.5183,16.3681,0.1502,33.6421,16.6725,5.9143,10.7582,-0.5034,8385.3061,NA,NA,NA
chrome.exe,24952,0x2F262AA7E40,DXGI,0,0,0,Hardware Composed: Independent Flip,1080933964190,NA,16.73620000000000,16.66310000000000,0.14070000000000,33.89030000000000,49.1605,1080933798330,16.7267,16.5860,0.1407,33.7963,16.6800,2.0341,14.6459,-0.1448,8401.8244,NA,NA,NA
chrome.exe,24952,0x2F262AA7E40,DXGI,0,0,0,Hardware Composed: Independent Flip,1080934131735,NA,16.75450000000000,16.66070000000000,0.15470000000000,34.56930000000000,49.0667,1080933965597,16.7685,16.6138,0.1547,33.7496,17.4335,6.5097,10.9238,0.0660,8418.5511,NA,NA,NA
chrome.exe,24952,0x2F262AA7E40,DXGI,0,0,0,Hardware Composed: Independent Flip,1080934298158,NA,16.64230000000000,16.70060000000000,0.13750000000000,33.85670000000000,49.1250,1080934133282,16.6251,16.4876,0.1375,34.4146,15.9297,1.7599,14.1698,0.0679,8435.3196,NA,NA,NA
chrome.exe,24952,0x2F262AA7E40,DXGI,0,0,0,Hardware Composed: Independent Flip,1080934463411,NA,16.52530000000000,16.64880000000000,0.10800000000000,33.84440000000000,49.2485,1080934299533,16.4958,16.3878,0.1080,33.7192,16.5130,5.8208,10.6922,-0.0237,8451.9447,NA,NA,NA
chrome.exe,24952,0x2F262AA7E40,DXGI,0,0,0,Hardware Composed: Independent Flip,1080934630311,NA,16.69000000000000,16.65530000000000,0.18240000000000,33.91650000000000,49.2138,1080934464491,16.7644,16.5820,0.1824,33.7364,16.7621,2.1947,14.5674,-0.1595,8468.4405,NA,NA,NA
chrome.exe,24952,0x2F262AA7E40,DXGI,0,0,0,Hardware Composed: Independent Flip,1080934798544,NA,16.82330000000000,16.68930000000000,0.10560000000000,33.50350000000000,49.0798,1080934632135,16.7465,16.6409,0.1056,33.7341,16.4103,5.3405,11.0698,0.0751,8485.2049,NA,NA,NA
chrome.exe,24952,0x2F262AA7E40,DXGI,0,0,0,Hardware Composed: Independent Flip,1080934964775,NA,16.62310000000000,16.64030000000000,0.12860000000000,33.93300000000000,49.0970,1080934799600,16.6461,16.5175,0.1286,33.3979,17.0526,2.1057,14.9469,0.1062,8501.9514,NA,NA,NA
chrome.exe,24952,0x2F262AA7E40,DXGI,0,0,0,Hardware Composed: Independent Flip,1080935131851,NA,16.70760000000000,16.68920000000000,0.10690000000000,33.52500000000000,49.0786,1080934966061,16.6859,16.5790,0.1069,33.8044,16.2996,5.4192,10.8804,-0.0431,8518.5975,NA,NA,NA
chrome.exe,24952,0x2F262AA7E40,DXGI,0,0,0,Hardware Composed: Independent Flip,1080935298160,NA,16.63090000000000,16.63540000000000,0.10730000000000,33.89940000000000,49.0831,1080935132920,16.6313,16.5240,0.1073,33.4181,17.0053,2.3243,14.6810,0.0505,8535.2834,NA,NA,NA
chrome.exe,24952,0x2F262AA7E40,DXGI,0,0,0,Hardware Composed: Independent Flip,1080935463438,NA,16.52780000000000,16.67920000000000,0.15350000000000,33.85930000000000,49.2345,1080935299233,16.5740,16.4205,0.1535,33.7921,16.4877,5.7569,10.7308,-0.0479,8551.9147,NA,NA,NA
chrome.exe,24952,0x2F262AA7E40,DXGI,0,0,0,Hardware Composed: Independent Flip,1080935630446,NA,16.70080000000000,16.66890000000000,0.31660000000000,33.82090000000000,49.2026,1080935464973,16.8639,16.5473,0.3166,33.7058,16.6624,2.2353,14.4271,-0.0949,8568.4887,NA,NA,NA
chrome.exe,24952,0x2F262AA7E40,DXGI,0,0,0,Hardware Composed: Independent Flip,1080935797363,NA,16.69170000000000,16.66090000000000,0.14130000000000,33.76110000000000,49.1718,1080935633612,16.5164,16.3751,0.1413,33.5043,16.6319,5.6637,10.9682,0.2030,8585.3526,NA,NA,NA
chrome.exe,24952,0x2F262AA7E40,DXGI,0,0,0,Hardware Composed: Independent Flip,1080935963101,NA,16.57380000000000,16.67300000000000,0.18360000000000,34.00410000000000,49.2710,1080935798776,16.6161,16.4325,0.1836,33.6198,16.8168,2.2501,14.5667,-0.1566,8601.8690,NA,NA,NA
chrome.exe,24952,0x2F262AA7E40,DXGI,0,0,0,Hardware Composed: Independent Flip,1080936132411,NA,16.93100000000000,16.68090000000000,0.16790000000000,33.61810000000000,49.0209,1080935964937,16.9153,16.7474,0.1679,33.8205,16.5450,5.5922,10.9528,-0.0648,8618.4851,NA,NA,NA
chrome.exe,24952,0x2F262AA7E40,DXGI,0,0,0,Hardware Composed: Independent Flip,1080936296883,NA,16.44720000000000,16.64890000000000,0.14060000000000,34.05170000000000,49.2226,1080936134090,16.4199,16.2793,0.1406,33.4502,16.8808,2.1930,14.6878,0.2664,8635.4004,NA,NA,NA
chrome.exe,24952,0x2F262AA7E40,DXGI,0,0,0,Hardware Composed: Independent Flip,1080936463751,NA,16.68680000000000,16.69920000000000,0.19820000000000,33.99240000000000,49.2350,1080936298289,16.7444,16.5462,0.1982,33.9111,16.6275,5.5715,11.0560,-0.2793,8651.8203,NA,NA,NA
chrome.exe,24952,0x2F262AA7E40,DXGI,0,0,0,Hardware Composed: Independent Flip,1080936631196,NA,16.74450000000000,16.63210000000000,0.24670000000000,33.86400000000000,49.1226,1080936465733,16.7930,16.5463,0.2467,33.7942,16.6161,5.4802,11.1359,0.1123,8668.5647,NA,NA,NA
chrome.exe,24952,0x2F262AA7E40,DXGI,0,0,0,Hardware Composed: Independent Flip,1080936799438,NA,16.82420000000000,16.66730000000000,0.16010000000000,33.46930000000000,48.9657,1080936633663,16.7376,16.5775,0.1601,33.6173,16.4295,5.3608,11.0687,0.1257,8685.3577,NA,NA,NA
chrome.exe,24952,0x2F262AA7E40,DXGI,0,0,0,Hardware Composed: Independent Flip,1080936965138,NA,16.57000000000000,16.68560000000000,0.11420000000000,33.51260000000000,49.0813,1080936801039,16.5241,16.4099,0.1142,33.3092,16.6133,5.5109,11.1024,0.0520,8702.0953,NA,NA,NA
chrome.exe,24952,0x2F262AA7E40,DXGI,0,0,0,Hardware Composed: Independent Flip,1080937132131,NA,16.69930000000000,16.65350000000000,0.10650000000000,33.65060000000000,49.0355,1080936966280,16.6916,16.5851,0.1065,33.3984,16.8373,5.7638,11.0735,-0.1294,8718.6194,NA,NA,NA
chrome.exe,24952,0x2F262AA7E40,DXGI,0,0,0,Hardware Composed: Independent Flip,1080937296559,NA,16.44280000000000,16.68730000000000,0.16540000000000,33.56530000000000,49.2800,1080937133196,16.5017,16.3363,0.1654,33.5441,16.3575,5.1224,11.2351,0.0043,8735.3110,NA,NA,NA
chrome.exe,24952,0x2F262AA7E40,DXGI,0,0,0,Hardware Composed: Independent Flip,1080937464437,NA,16.78780000000000,16.64580000000000,0.10930000000000,34.01730000000000,49.1380,1080937298213,16.7317,16.6224,0.1093,33.3999,17.2398,6.8382,10.4016,-0.1441,8751.8127,NA,NA,NA
chrome.exe,24952,0x2F262AA7E40,DXGI,0,0,0,Hardware Composed: Independent Flip,1080937633467,NA,16.90300000000000,16.65850000000000,0.16260000000000,33.59950000000000,48.8935,1080937465530,16.9563,16.7937,0.1626,33.9080,16.4852,1.9659,14.5193,0.0732,8768.5444,NA,NA,NA
chrome.exe,24952,0x2F262AA7E40,DXGI,0,0,0,Hardware Composed: Independent Flip,1080937801950,NA,16.84830000000000,16.66640000000000,0.13580000000000,37.82930000000000,48.7116,1080937635093,16.8215,16.6857,0.1358,33.4369,21.0781,10.6911,10.3870,0.2899,8785.5007,NA,NA,NA
chrome.exe,24952,0x2F262AA7E40,DXGI,0,0,0,Hardware Composed: Independent Flip,1080937964627,NA,16.26770000000000,16.66290000000000,0.09100000000000,33.50000000000000,49.1068,1080937803308,16.2229,16.1319,0.0910,37.6935,11.9384,1.6457,10.2927,0.1586,8802.3222,NA,NA,NA
chrome.exe,24952,0x2F262AA7E40,DXGI,0,0,0,Hardware Composed: Independent Flip,1080938130703,NA,16.60760000000000,16.72410000000000,0.09690000000000,33.67400000000000,49.2233,1080937965537,16.6135,16.5166,0.0969,33.4090,16.7816,5.2554,11.5262,-0.5012,8818.5451,NA,NA,NA
chrome.exe,24952,0x2F262AA7E40,DXGI,0,0,0,Hardware Composed: Independent Flip,1080938300295,NA,16.95920000000000,16.62290000000000,0.10580000000000,33.65210000000000,48.8870,1080938131672,16.9681,16.8623,0.1058,33.5771,16.9373,6.1246,10.8127,-0.0094,8835.1586,NA,NA,NA
chrome.exe,24952,0x2F262AA7E40,DXGI,0,0,0,Hardware Composed: Independent Flip,1080938465648,NA,16.53530000000000,16.70260000000000,0.20220000000000,33.59240000000000,49.0543,1080938301353,16.6317,16.4295,0.2022,33.5463,16.4756,2.1001,14.3755,0.2655,8852.1267,NA,NA,NA
chrome.exe,24952,0x2F262AA7E40,DXGI,0,0,0,Hardware Composed: Independent Flip,1080938632104,NA,16.64560000000000,16.62130000000000,0.13230000000000,33.86080000000000,49.0300,1080938467670,16.5757,16.4434,0.1323,33.3902,16.9140,6.3637,10.5503,0.0104,8868.7584,NA,NA,NA
chrome.exe,24952,0x2F262AA7E40,DXGI,0,0,0,Hardware Composed: Independent Flip,1080938798832,NA,16.67280000000000,16.67510000000000,0.13680000000000,33.47190000000001,49.0323,1080938633427,16.6773,16.5405,0.1368,33.7285,16.2839,1.7118,14.5721,-0.0994,8885.3341,NA,NA,NA
chrome.exe,24952,0x2F262AA7E40,DXGI,0,0,0,Hardware Composed: Independent Flip,1080938965423,NA,16.65910000000000,16.66010000000000,0.13400000000000,33.47910000000000,49.0333,1080938800200,16.6563,16.5223,0.1340,33.3351,16.6663,2.2362,14.4301,0.0172,8902.0114,NA,NA,NA
chrome.exe,24952,0x2F262AA7E40,DXGI,0,0,0,Hardware Composed: Independent Flip,1080939131821,NA,16.63980000000000,16.68360000000000,0.10440000000000,33.55270000000000,49.0771,1080938966763,16.6102,16.5058,0.1044,33.3451,16.7134,2.0417,14.6717,-0.0273,8918.6677,NA,NA,NA
chrome.exe,24952,0x2F262AA7E40,DXGI,0,0,0,Hardware Composed: Independent Flip,1080939299163,NA,16.73420000000000,16.64500000000000,0.21720000000000,33.81060000000000,48.9879,1080939132865,16.8470,16.6298,0.2172,33.4483,16.9921,2.0974,14.8947,-0.0348,8935.2779,NA,NA,NA
chrome.exe,24952,0x2F262AA7E40,DXGI,0,0,0,Hardware Composed: Independent Flip,1080939465302,NA,16.61390000000000,16.67110000000000,0.12710000000000,33.48560000000001,49.0451,1080939301335,16.5238,16.3967,0.1271,33.5934,16.2889,5.4493,10.8396,0.1759,8952.1249,NA,NA,NA
chrome.exe,24952,0x2F262AA7E40,DXGI,0,0,0,Hardware Composed: Independent Flip,1080939632799,NA,16.74970000000000,16.66580000000000,0.13430000000000,33.64870000000001,48.9612,1080939466573,16.7569,16.6226,0.1343,33.3585,16.9128,5.5572,11.3556,-0.1420,8968.6487,NA,NA,NA
chrome.exe,24952,0x2F262AA7E40,DXGI,0,0,0,Hardware Composed: Independent Flip,1080939798964,NA,16.61650000000000,16.67430000000000,0.20030000000000,34.58450000000000,49.0190,1080939634142,16.6825,16.4822,0.2003,33.5144,17.5523,6.4792,11.0731,0.0826,8985.4056,NA,NA,NA
chrome.exe,24952,0x2F262AA7E40,DXGI,0,0,0,Hardware Composed: Independent Flip,1080939965309,NA,16.63450000000000,16.66200000000000,0.13800000000000,33.58490000000000,49.0465,1080939800967,16.5722,16.4342,0.1380,34.3842,15.6349,5.0787,10.5562,0.0205,9002.0881,NA,NA,NA
chrome.exe,24952,0x2F262AA7E40,DXGI,0,0,0,Hardware Composed: Independent Flip,1080940131342,NA,16.60330000000000,16.65810000000000,0.14040000000000,38.18960000000000,49.1013,1080939966689,16.6057,16.4653,0.1404,33.4469,21.2080,10.2350,10.9730,-0.0859,9018.6603,NA,NA,NA
chrome.exe,24952,0x2F262AA7E40,DXGI,0,0,0,Hardware Composed: Independent Flip,1080940298068,NA,16.67260000000000,16.68460000000000,0.09790000000000,33.84990000000000,49.1133,1080940132746,16.6301,16.5322,0.0979,38.0492,12.3329,1.8332,10.4997,-0.0789,9035.2660,NA,NA,NA
chrome.exe,24952,0x2F262AA7E40,DXGI,0,0,0,Hardware Composed: Independent Flip,1080940465283,NA,16.72150000000000,16.67210000000000,0.14270000000000,33.68070000000000,49.0639,1080940299047,16.7663,16.6236,0.1427,33.7520,16.5523,5.8977,10.6546,-0.0420,9051.8961,NA,NA,NA
chrome.exe,24952,0x2F262AA7E40,DXGI,0,0,0,Hardware Composed: Independent Flip,1080940630580,NA,16.52970000000000,16.64370000000000,0.16880000000000,33.93430000000000,49.1779,1080940466710,16.5558,16.3870,0.1688,33.5380,16.7833,5.9112,10.8721,0.1226,9068.6624,NA,NA,NA
chrome.exe,24952,0x2F262AA7E40,DXGI,0,0,0,Hardware Composed: Independent Flip,1080940798045,NA,16.74650000000000,16.66780000000000,0.46470000000000,33.64070000000000,49.0992,1080940632268,17.0424,16.5777,0.4647,33.7655,16.4529,1.7995,14.6534,-0.1120,9085.2182,NA,NA,NA
chrome.exe,24952,0x2F262AA7E40,DXGI,0,0,0,Hardware Composed: Independent Flip,1080940965633,NA,16.75880000000000,16.67730000000000,0.14800000000000,33.41920000000000,49.0177,1080940802692,16.4421,16.2941,0.1480,33.1760,16.5373,1.7014,14.8359,0.3651,9102.2606,NA,NA,NA
chrome.exe,24952,0x2F262AA7E40,DXGI,0,0,0,Hardware Composed: Independent Flip,1080941131813,NA,16.61800000000000,16.66050000000000,0.17320000000000,33.57030000000000,49.0602,1080940967113,16.6432,16.4700,0.1732,33.2712,16.7691,2.0658,14.7033,-0.2184,9118.7027,NA,NA,NA
chrome.exe,24952,0x2F262AA7E40,DXGI,0,0,0,Hardware Composed: Independent Flip,1080941298694,NA,16.68810000000000,16.77270000000000,0.10130000000000,34.58350000000000,49.1448,1080941133545,16.6162,16.5149,0.1013,33.3971,17.7013,2.8229,14.8784,-0.1295,9135.3459,NA,NA,NA
chrome.exe,24952,0x2F262AA7E40,DXGI,0,0,0,Hardware Composed: Independent Flip,1080941464231,NA,16.55370000000000,16.66930000000000,0.18960000000000,34.03370000000000,49.2604,1080941299707,16.6420,16.4524,0.1896,34.4822,16.0039,1.7353,14.2686,-0.0531,9151.9621,NA,NA,NA
chrome.exe,24952,0x2F262AA7E40,DXGI,0,0,0,Hardware Composed: Independent Flip,1080941631688,NA,16.74570000000000,16.56370000000000,0.10900000000000,33.96530000000000,49.0784,1080941466127,16.6651,16.5561,0.1090,33.8441,16.6773,2.2202,14.4571,0.0783,9168.6041,NA,NA,NA
chrome.exe,24952,0x2F262AA7E40,DXGI,0,0,0,Hardware Composed: Independent Flip,1080941802285,NA,17.05970000000000,16.66080000000000,0.12590000000000,33.27060000000000,48.6795,1080941632778,17.0766,16.9507,0.1259,33.8563,16.3650,2.0328,14.3322,0.0043,9185.2692,NA,NA,NA
chrome.exe,24952,0x2F262AA7E40,DXGI,0,0,0,Hardware Composed: Independent Flip,1080941968539,NA,16.62540000000000,16.66870000000000,0.15230000000000,33.16760000000000,48.7228,1080941803544,16.6518,16.4995,0.1523,33.1447,16.5224,2.1229,14.3995,0.4079,9202.3458,NA,NA,NA
chrome.exe,24952,0x2F262AA7E40,DXGI,0,0,0,Hardware Composed: Independent Flip,1080942132255,NA,16.37160000000000,16.66610000000000,0.12030000000000,34.70000000000000,49.0173,1080941970062,16.3396,16.2193,0.1203,33.0153,17.9040,2.8949,15.0091,-0.0143,9218.9976,NA,NA,NA
chrome.exe,24952,0x2F262AA7E40,DXGI,0,0,0,Hardware Composed: Independent Flip,1080942301378,NA,16.91230000000000,16.67210000000000,0.10030000000000,33.34500000000000,48.7771,1080942133458,16.8923,16.7920,0.1003,34.5797,15.5573,1.3747,14.1826,-0.3325,9235.3372,NA,NA,NA
chrome.exe,24952,0x2F262AA7E40,DXGI,0,0,0,Hardware Composed: Independent Flip,1080942464120,NA,16.27420000000000,16.66660000000000,0.09890000000000,33.67570000000000,49.1695,1080942302381,16.2728,16.1739,0.0989,33.2447,16.6049,1.9225,14.6824,0.2257,9252.2295,NA,NA,NA
chrome.exe,24952,0x2F262AA7E40,DXGI,0,0,0,Hardware Composed: Independent Flip,1080942632279,NA,16.81590000000000,16.65430000000000,0.15850000000000,33.71240000000000,49.0079,1080942465109,16.8755,16.7170,0.1585,33.5768,16.8526,2.1259,14.7267,-0.3815,9268.5023,NA,NA,NA
chrome.exe,24952,0x2F262AA7E40,DXGI,0,0,0,Hardware Composed: Independent Flip,1080942796527,NA,16.42480000000000,16.70440000000000,0.17950000000000,34.78200000000000,49.2875,1080942633864,16.4458,16.2663,0.1795,33.5539,17.4944,2.8915,14.6029,0.1711,9285.3778,NA,NA,NA
chrome.exe,24952,0x2F262AA7E40,DXGI,0,0,0,Hardware Composed: Independent Flip,1080942963938,NA,16.74110000000000,16.63210000000000,0.13800000000000,33.84940000000000,49.1785,1080942798322,16.6996,16.5616,0.1380,34.6025,15.8085,1.6007,14.2078,-0.1863,9301.8236,NA,NA,NA
chrome.exe,24952,0x2F262AA7E40,DXGI,0,0,0,Hardware Composed: Independent Flip,1080943131423,NA,16.74850000000000,16.67620000000000,0.15200000000000,33.66070000000000,49.1062,1080942965318,16.7625,16.6105,0.1520,33.7114,16.5598,2.0685,14.4913,0.0234,9318.5232,NA,NA,NA
chrome.exe,24952,0x2F262AA7E40,DXGI,0,0,0,Hardware Composed: Independent Flip,1080943297929,NA,16.65060000000000,16.67280000000000,0.12360000000000,33.92070000000000,49.1284,1080943132943,16.6222,16.4986,0.1236,33.5087,16.9106,2.3838,14.5268,0.0897,9335.2857,NA,NA,NA
chrome.exe,24952,0x2F262AA7E40,DXGI,0,0,0,Hardware Composed: Independent Flip,1080943464532,NA,16.66030000000000,16.65420000000000,0.15160000000000,33.89520000000000,49.1223,1080943299165,16.6883,16.5367,0.1516,33.7971,16.6348,8.4802,8.1546,-0.0320,9351.9079,NA,NA,NA
chrome.exe,24952,0x2F262AA7E40,DXGI,0,0,0,Hardware Composed: Independent Flip,1080943632532,NA,16.80000000000000,16.66350000000000,0.12450000000000,33.46300000000000,48.9858,1080943466048,16.7729,16.6484,0.1245,33.7436,16.3678,2.3111,14.0567,0.0248,9368.5962,NA,NA,NA
chrome.exe,24952,0x2F262AA7E40,DXGI,0,0,0,Hardware Composed: Independent Flip,1080943798335,NA,16.58030000000000,16.66540000000000,0.14830000000000,33.61840000000000,49.0709,1080943633777,16.6041,16.4558,0.1483,33.3385,16.7357,2.5407,14.1950,0.1075,9385.3691,NA,NA,NA
chrome.exe,24952,0x2F262AA7E40,DXGI,0,0,0,Hardware Composed: Independent Flip,1080943964812,NA,16.64770000000000,16.68460000000000,0.13380000000000,33.49310000000000,49.1078,1080943799818,16.6332,16.4994,0.1338,33.4701,16.5224,1.8291,14.6933,-0.0805,9401.9732,NA,NA,NA
chrome.exe,24952,0x2F262AA7E40,DXGI,0,0,0,Hardware Composed: Independent Flip,1080944130441,NA,16.56290000000000,16.65370000000000,0.12750000000000,33.65670000000000,49.1986,1080943966150,16.5566,16.4291,0.1275,33.3593,16.7265,1.8221,14.9044,-0.0205,9418.6064,NA,NA,NA
chrome.exe,24952,0x2F262AA7E40,DXGI,0,0,0,Hardware Composed: Independent Flip,1080944297330,NA,16.68890000000000,16.67910000000000,0.15000000000000,33.63040000000000,49.1888,1080944131716,16.7114,16.5614,0.1500,33.5292,16.6626,1.9653,14.6973,-0.1225,9435.1630,NA,NA,NA
chrome.exe,24952,0x2F262AA7E40,DXGI,0,0,0,Hardware Composed: Independent Flip,1080944464973,NA,16.76430000000000,16.68460000000000,0.09370000000000,33.81940000000000,49.1091,1080944298830,16.7080,16.6143,0.0937,33.4804,16.9533,2.7236,14.2297,0.0268,9451.8744,NA,NA,NA
chrome.exe,24952,0x2F262AA7E40,DXGI,0,0,0,Hardware Composed: Independent Flip,1080944630416,NA,16.54430000000000,16.63380000000000,0.12960000000000,33.97720000000000,49.1986,1080944465910,16.5802,16.4506,0.1296,33.7257,16.7021,2.1476,14.5545,0.0742,9468.5824,NA,NA,NA
chrome.exe,24952,0x2F262AA7E40,DXGI,0,0,0,Hardware Composed: Independent Flip,1080944797505,NA,16.70890000000000,16.67090000000000,0.15000000000000,33.59120000000000,49.1606,1080944631712,16.7293,16.5793,0.1500,33.8476,16.3229,1.8097,14.5132,-0.0907,9485.1626,NA,NA,NA
chrome.exe,24952,0x2F262AA7E40,DXGI,0,0,0,Hardware Composed: Independent Flip,1080944965227,NA,16.77220000000000,16.67020000000000,0.09710000000000,33.72800000000000,49.0586,1080944799005,16.7193,16.6222,0.0971,33.4412,16.9090,1.8760,15.0330,0.0591,9501.8919,NA,NA,NA
chrome.exe,24952,0x2F262AA7E40,DXGI,0,0,0,Hardware Composed: Independent Flip,1080945133845,NA,16.86180000000000,16.66340000000000,0.10090000000000,33.28780000000000,48.8602,1080944966198,16.8656,16.7647,0.1009,33.6309,16.4216,3.0727,13.3489,0.0559,9518.6112,NA,NA,NA
chrome.exe,24952,0x2F262AA7E40,DXGI,0,0,0,Hardware Composed: Independent Flip,1080945297525,NA,16.36800000000000,16.66090000000000,0.10160000000000,33.74410000000000,49.1531,1080945134854,16.3687,16.2671,0.1016,33.1869,16.8243,1.9356,14.8887,0.2047,9535.4768,NA,NA,NA
chrome.exe,24952,0x2F262AA7E40,DXGI,0,0,0,Hardware Composed: Independent Flip,1080945465332,NA,16.78070000000000,16.66730000000000,0.09360000000000,33.76050000000000,49.0397,1080945298541,16.7727,16.6791,0.0936,33.6425,16.7971,3.6115,13.1856,-0.2986,9551.8455,NA,NA,NA
chrome.exe,24952,0x2F262AA7E40,DXGI,0,0,0,Hardware Composed: Independent Flip,1080945631010,NA,16.56780000000000,16.66520000000000,0.10600000000000,33.84130000000000,49.1371,1080945466268,16.5802,16.4742,0.1060,33.6669,16.6486,3.1762,13.4724,0.1075,9568.6182,NA,NA,NA
chrome.exe,24952,0x2F262AA7E40,DXGI,0,0,0,Hardware Composed: Independent Flip,1080945796126,NA,16.51160000000000,16.67000000000000,0.27650000000000,34.03630000000000,49.2955,1080945632070,16.6821,16.4056,0.2765,33.7353,16.7066,3.1997,13.5069,-0.0898,9585.1984,NA,NA,NA
chrome.exe,24952,0x2F262AA7E40,DXGI,0,0,0,Hardware Composed: Independent Flip,1080945963191,NA,16.70650000000000,16.68680000000000,0.16430000000000,34.04750000000000,49.2758,1080945798891,16.5943,16.4300,0.1643,33.7598,16.7177,2.0254,14.6923,-0.0047,9601.8805,NA,NA,NA
chrome.exe,24952,0x2F262AA7E40,DXGI,0,0,0,Hardware Composed: Independent Flip,1080946130550,NA,16.73590000000000,16.63500000000000,0.20540000000000,33.65970000000000,49.1749,1080945964834,16.7770,16.5716,0.2054,33.8832,16.3481,5.1924,11.1557,-0.0407,9618.4748,NA,NA,NA
chrome.exe,24952,0x2F262AA7E40,DXGI,0,0,0,Hardware Composed: Independent Flip,1080946297739,NA,16.71890000000000,16.67240000000000,0.22220000000000,34.01930000000000,49.1284,1080946132604,16.7357,16.5135,0.2222,33.4543,17.0785,3.1632,13.9153,0.1046,9635.2518,NA,NA,NA
chrome.exe,24952,0x2F262AA7E40,DXGI,0,0,0,Hardware Composed: Independent Flip,1080946464941,NA,16.72020000000000,16.68150000000000,0.56710000000000,34.57650000000000,49.0897,1080946299961,17.0651,16.4980,0.5671,33.7971,17.2774,3.6836,13.5938,0.0542,9651.9875,NA,NA,NA
chrome.exe,24952,0x2F262AA7E40,DXGI,0,0,0,Hardware Composed: Independent Flip,1080946631158,NA,16.62170000000000,16.65020000000000,0.12360000000000,33.85600000000000,49.1182,1080946470612,16.1782,16.0546,0.1236,34.0094,15.9012,2.7309,13.1703,0.4149,9669.0526,NA,NA,NA
chrome.exe,24952,0x2F262AA7E40,DXGI,0,0,0,Hardware Composed: Independent Flip,1080946797314,NA,16.61560000000000,16.66470000000000,0.10660000000000,33.52690000000000,49.1673,1080946632394,16.5986,16.4920,0.1066,33.7324,16.2865,2.0462,14.2403,-0.4865,9685.2308,NA,NA,NA
chrome.exe,24952,0x2F262AA7E40,DXGI,0,0,0,Composed: Flip,1080946963810,NA,16.64960000000000,33.32920000000000,0.17260000000000,33.85590000000000,65.8469,1080946798380,16.7156,16.5430,0.1726,33.4203,16.9786,1.9288,15.0498,-16.7306,9701.8294,NA,NA,NA
chrome.exe,24952,0x2F262AA7E40,DXGI,0,0,0,Composed: Flip,1080947130339,NA,16.65290000000000,NA,0.11050000000000,33.44480000000000,NA,1080946965536,16.5908,16.4803,0.1105,33.7156,16.2095,16.2053,0.0042,NA,NA,NA,NA,NA
chrome.exe,24952,0x2F262AA7E40,DXGI,0,0,0,Composed: Flip,1080947298127,NA,16.77880000000000,NA,0.22640000000000,20.39440000000000,NA,1080947131444,16.8947,16.6683,0.2264,33.6961,3.3666,3.3666,0.0000,NA,NA,NA,NA,NA
chrome.exe,24952,0x2F262AA7E40,DXGI,0,0,0,Composed: Flip,1080947463088,NA,16.49610000000000,16.64920000000000,0.10490000000000,4.83210000000000,32.5683,1080947300391,16.3746,16.2697,0.1049,20.1680,0.9338,0.9304,0.0034,33.5519,9752.0305,NA,NA,NA
chrome.exe,24952,0x2F262AA7E40,DXGI,0,0,0,Composed: Flip,1080947631201,NA,16.81130000000000,16.66860000000000,0.12970000000000,0.66700000000000,32.4256,1080947464137,16.8361,16.7064,0.1297,16.4696,0.9038,0.9038,0.0000,-0.2940,9768.4051,NA,NA,NA
chrome.exe,24952,0x2F262AA7E40,DXGI,0,0,0,Composed: Flip,1080947798883,NA,16.76820000000000,16.73740000000000,0.13440000000000,1.29280000000000,32.3948,1080947632498,16.7729,16.6385,0.1344,0.5373,17.3940,5.5621,11.8319,0.0987,9785.2412,NA,NA,NA
chrome.exe,24952,0x2F262AA7E40,DXGI,0,0,0,Composed: Flip,1080947965131,NA,16.62480000000000,16.58920000000000,0.19120000000000,0.56240000000000,32.3592,1080947800227,16.6816,16.4904,0.1912,1.1584,15.8944,1.2843,14.6101,0.1837,9802.0141,NA,NA,NA
chrome.exe,24952,0x2F262AA7E40,DXGI,0,0,0,Composed: Flip,1080948136022,NA,17.08910000000000,16.67790000000000,0.10490000000000,1.28100000000000,31.9480,1080947967043,17.0028,16.8979,0.1049,0.5515,17.6274,2.7812,14.8462,0.0037,9818.6957,NA,NA,NA
chrome.exe,24952,0x2F262AA7E40,DXGI,0,0,0,Composed: Flip,1080948299348,NA,16.33260000000000,16.70460000000000,0.14800000000000,0.59680000000000,32.3200,1080948137071,16.3757,16.2277,0.1480,1.1761,15.6484,9.2104,6.4380,0.2982,9835.6985,NA,NA,NA
chrome.exe,24952,0x2F262AA7E40,DXGI,0,0,0,Composed: Flip,1080948464086,NA,16.47380000000000,16.66320000000000,0.15240000000000,0.67460000000000,32.5094,1080948300828,16.4782,16.3258,0.1524,0.6133,16.3871,1.9655,14.4216,-0.2875,9852.0742,NA,NA,NA
chrome.exe,24952,0x2F262AA7E40,DXGI,0,0,0,Composed: Flip,1080948629203,NA,16.51170000000000,16.67260000000000,0.13560000000000,1.70070000000000,32.6703,1080948465610,16.4949,16.3593,0.1356,0.5289,17.5311,3.1351,14.3960,-0.1944,9868.5524,NA,NA,NA
chrome.exe,24952,0x2F262AA7E40,DXGI,0,0,0,Composed: Flip,1080948798435,NA,16.92320000000000,16.64650000000000,0.12100000000000,0.86160000000000,32.3936,1080948630559,16.9086,16.7876,0.1210,1.5651,16.0841,1.7801,14.3040,-0.1516,9885.0473,NA,NA,NA
chrome.exe,24952,0x2F262AA7E40,DXGI,0,0,0,Composed: Flip,1080948966163,NA,16.77280000000000,16.70830000000000,0.14190000000000,0.50260000000000,32.3291,1080948799645,16.7937,16.6518,0.1419,0.7406,16.4138,1.2321,15.1817,0.2003,9901.9559,NA,NA,NA
chrome.exe,24952,0x2F262AA7E40,DXGI,0,0,0,Composed: Flip,1080949130717,NA,16.45540000000000,16.59460000000000,0.12400000000000,0.45090000000000,32.4683,1080948967582,16.4375,16.3135,0.1240,0.4588,16.3056,1.6994,14.6062,0.1991,9918.7496,NA,NA,NA
chrome.exe,24952,0x2F262AA7E40,DXGI,0,0,0,Composed: Flip,1080949299286,NA,16.85690000000000,16.66560000000000,0.11910000000000,0.35910000000000,32.2770,1080949131957,16.8520,16.7329,0.1191,0.3269,16.7651,1.5662,15.1989,-0.2281,9935.1871,NA,NA,NA
chrome.exe,24952,0x2F262AA7E40,DXGI,0,0,0,Composed: Flip,1080949464863,NA,16.55770000000000,16.66680000000000,0.09690000000000,2.73040000000000,32.3861,1080949300477,16.5355,16.4386,0.0969,0.4395,18.7295,3.8366,14.8929,0.1852,9952.0391,NA,NA,NA
chrome.exe,24952,0x2F262AA7E40,DXGI,0,0,0,Composed: Flip,1080949629890,NA,16.50270000000000,16.67390000000000,0.13610000000000,0.76830000000000,32.5573,1080949465832,16.5419,16.4058,0.1361,2.6335,14.5406,7.2692,7.2714,-0.1384,9968.5746,NA,NA,NA
chrome.exe,24952,0x2F262AA7E40,DXGI,0,0,0,Composed: Flip,1080949795378,NA,16.54880000000000,16.70450000000000,0.14060000000000,0.59930000000000,32.7130,1080949631251,16.5533,16.4127,0.1406,0.6322,16.3798,1.4432,14.9366,-0.1626,9985.1165,NA,NA,NA
chrome.exe,24952,0x2F262AA7E40,DXGI,0,0,0,Composed: Flip,1080949964599,NA,16.92210000000000,16.64510000000000,0.10150000000000,0.42810000000000,32.4360,1080949796784,16.8830,16.7815,0.1015,0.4587,16.7509,1.8022,14.9487,-0.0918,10001.6698,NA,NA,NA
chrome.exe,24952,0x2F262AA7E40,DXGI,0,0,0,Composed: Flip,1080950131514,NA,16.69150000000000,16.71130000000000,0.14800000000000,0.89100000000000,32.4558,1080949965614,16.7380,16.5900,0.1480,0.4173,17.0637,2.0735,14.9902,0.1717,10018.5528,NA,NA,NA
chrome.exe,24952,0x2F262AA7E40,DXGI,0,0,0,Composed: Flip,1080950298270,NA,16.67560000000000,16.61430000000000,0.09790000000000,0.43340000000000,32.3945,1080950132994,16.6255,16.5276,0.0979,0.7430,16.2180,1.1328,15.0852,0.1237,10035.2908,NA,NA,NA
chrome.exe,24952,0x2F262AA7E40,DXGI,0,0,0,Composed: Flip,1080950465971,NA,16.77010000000000,16.66080000000000,0.10480000000000,0.41800000000000,32.2852,1080950299249,16.7770,16.6722,0.1048,0.4616,16.6286,1.4935,15.1351,-0.0353,10051.9163,NA,NA,NA
chrome.exe,24952,0x2F262AA7E40,DXGI,0,0,0,Composed: Flip,1080950633418,NA,16.74470000000000,16.65730000000000,0.15500000000000,0.39910000000000,32.1978,1080950467019,16.7949,16.6399,0.1550,0.4990,16.5400,1.3056,15.2344,0.1197,10068.6933,NA,NA,NA
chrome.exe,24952,0x2F262AA7E40,DXGI,0,0,0,Composed: Flip,1080950796837,NA,16.34190000000000,16.66310000000000,0.11920000000000,0.71400000000000,32.5190,1080950634968,16.3061,16.1869,0.1192,0.2441,16.6568,1.5466,15.1102,0.1318,10085.4882,NA,NA,NA
chrome.exe,24952,0x2F262AA7E40,DXGI,0,0,0,Composed: Flip,1080950963557,NA,16.67200000000000,16.66470000000000,0.08070000000000,0.55670000000000,32.5117,1080950798029,16.6335,16.5528,0.0807,0.5948,16.5147,1.6101,14.9046,-0.3586,10101.7943,NA,NA,NA
chrome.exe,24952,0x2F262AA7E40,DXGI,0,0,0,Composed: Flip,1080951130943,NA,16.73860000000000,NA,0.10290000000000,0.59040000000000,NA,1080950964364,16.7608,16.6579,0.1029,0.4760,16.7723,1.6307,15.1416,NA,NA,NA,NA,NA
chrome.exe,24952,0x2F262AA7E40,DXGI,0,0,0,Composed: Flip,1080951297045,NA,16.61020000000000,NA,0.07910000000000,0.45950000000000,NA,1080951131972,16.5864,16.5073,0.0791,0.4875,16.4793,1.7068,14.7725,NA,NA,NA,NA,NA
chrome.exe,24952,0x2F262AA7E40,DXGI,0,0,0,Composed: Flip,1080951464743,NA,16.76980000000000,50.04750000000000,0.11140000000000,0.53300000000000,32.4406,1080951297836,16.8021,16.6907,0.1114,0.3804,16.8433,1.6190,15.2243,-0.0668,10151.7750,NA,NA,NA
chrome.exe,24952,0x2F262AA7E40,DXGI,0,0,0,Composed: Flip,1080951634822,NA,17.00790000000000,16.62810000000000,0.13000000000000,0.32130000000000,32.0608,1080951465857,17.0265,16.8965,0.1300,0.4365,16.7813,1.7055,15.0758,0.1740,10168.5771,NA,NA,NA
chrome.exe,24952,0x2F262AA7E40,DXGI,0,0,0,Composed: Flip,1080951798067,NA,16.32450000000000,16.65840000000000,0.12810000000000,0.67590000000000,32.3947,1080951636122,16.3226,16.1945,0.1281,0.4500,16.4204,3.4616,12.9588,0.3681,10185.6036,NA,NA,NA
chrome.exe,24952,0x2F262AA7E40,DXGI,0,0,0,Composed: Flip,1080951963221,NA,16.51540000000000,NA,0.14600000000000,0.56440000000000,NA,1080951799348,16.5333,16.3873,0.1460,0.5478,16.4039,2.9169,13.4870,NA,NA,NA,NA,NA
chrome.exe,24952,0x2F262AA7E40,DXGI,0,0,0,Composed: Flip,1080952130007,NA,16.67860000000000,NA,0.11570000000000,0.48530000000000,NA,1080951964681,16.6483,16.5326,0.1157,0.4315,16.5864,2.7921,13.7943,NA,NA,NA,NA,NA
chrome.exe,24952,0x2F262AA7E40,DXGI,0,0,0,Composed: Flip,1080952297136,NA,16.71290000000000,NA,0.13800000000000,0.51620000000000,NA,1080952131164,16.7352,16.5972,0.1380,0.5021,16.6113,1.4256,15.1857,NA,NA,NA,NA,NA
chrome.exe,24952,0x2F262AA7E40,DXGI,0,0,0,Composed: Flip,1080952465288,NA,16.81520000000000,66.67250000000000,0.10900000000000,0.54130000000000,32.3451,1080952298516,16.7862,16.6772,0.1090,0.4521,16.7664,1.5453,15.2211,-0.4331,10251.8430,NA,NA,NA
chrome.exe,24952,0x2F262AA7E40,DXGI,0,0,0,Composed: Flip,1080952630911,NA,16.56230000000000,NA,0.17800000000000,0.40610000000000,NA,1080952466378,16.6313,16.4533,0.1780,0.4342,16.4252,1.5378,14.8874,NA,NA,NA,NA,NA
chrome.exe,24952,0x2F262AA7E40,DXGI,0,0,0,Composed: Flip,1080952796851,NA,16.59400000000000,33.32920000000000,0.14020000000000,1.16640000000000,32.5180,1080952632691,16.5562,16.4160,0.1402,1.0070,16.5754,2.4365,14.1389,0.0883,10285.2605,NA,NA,NA
chrome.exe,24952,0x2F262AA7E40,DXGI,0,0,0,Composed: Flip,1080952963644,NA,16.67930000000000,NA,0.10820000000000,0.45970000000000,NA,1080952798253,16.6473,16.5391,0.1082,1.0262,15.9726,1.1507,14.8219,NA,NA,NA,NA,NA
chrome.exe,24952,0x2F262AA7E40,DXGI,0,0,0,Composed: Flip,1080953130216,NA,16.65720000000000,NA,0.10920000000000,0.56550000000000,NA,1080952964726,16.6582,16.5490,0.1092,0.4131,16.7014,2.5574,14.1440,NA,NA,NA,NA,NA
chrome.exe,24952,0x2F262AA7E40,DXGI,0,0,0,Composed: Flip,1080953298708,NA,16.84920000000000,50.02890000000000,0.11800000000000,0.92760000000000,32.3612,1080953131308,16.8580,16.7400,0.1180,0.4563,17.2113,2.0543,15.1570,-0.1672,10335.1222,NA,NA,NA
chrome.exe,24952,0x2F262AA7E40,DXGI,0,0,0,Composed: Flip,1080953466418,NA,16.77100000000000,16.59140000000000,0.11330000000000,0.36410000000000,32.1816,1080953299888,16.7663,16.6530,0.1133,0.8096,16.2075,1.1760,15.0315,0.2666,10351.9802,NA,NA,NA
chrome.exe,24952,0x2F262AA7E40,DXGI,0,0,0,Composed: Flip,1080953627938,NA,16.15200000000000,16.71470000000000,0.14980000000000,1.20170000000000,32.7443,1080953467551,16.1885,16.0387,0.1498,0.5853,16.6551,2.8473,13.8078,0.0516,10368.7465,NA,NA,NA
chrome.exe,24952,0x2F262AA7E40,DXGI,0,0,0,Composed: Flip,1080953793722,NA,16.57840000000000,16.69610000000000,0.12630000000000,1.04630000000000,32.8620,1080953629436,16.5549,16.4286,0.1263,1.0519,16.4230,2.8126,13.6104,-0.5076,10384.9350,NA,NA,NA
chrome.exe,24952,0x2F262AA7E40,DXGI,0,0,0,Composed: Flip,1080953965326,NA,17.16040000000000,16.64410000000000,0.14580000000000,0.51320000000000,32.3457,1080953794985,17.1799,17.0341,0.1458,0.9200,16.6273,3.3144,13.3129,-0.0892,10401.4899,NA,NA,NA
chrome.exe,24952,0x2F262AA7E40,DXGI,0,0,0,Composed: Flip,1080954129062,NA,16.37360000000000,16.69990000000000,0.12100000000000,0.89950000000000,32.6720,1080953966784,16.3488,16.2278,0.1210,0.4183,16.7090,2.0155,14.6935,0.4800,10418.6698,NA,NA,NA
chrome.exe,24952,0x2F262AA7E40,DXGI,0,0,0,Composed: Flip,1080954296116,NA,16.70540000000000,16.64900000000000,0.14090000000000,0.59020000000000,32.6156,1080954130272,16.7253,16.5844,0.1409,0.7785,16.3961,1.5975,14.7986,-0.3002,10435.0186,NA,NA,NA
chrome.exe,24952,0x2F262AA7E40,DXGI,0,0,0,Composed: Flip,1080954462362,NA,16.62460000000000,16.65840000000000,0.11250000000000,1.05910000000000,32.6494,1080954297525,16.5962,16.4837,0.1125,0.4493,17.0935,2.9188,14.1747,0.0669,10451.7439,NA,NA,NA
chrome.exe,24952,0x2F262AA7E40,DXGI,0,0,0,Composed: Flip,1080954631923,NA,16.95610000000000,16.66760000000000,0.09700000000000,0.77860000000000,32.3609,1080954463487,16.9406,16.8436,0.0970,0.9466,16.6756,2.2234,14.4522,-0.0714,10468.3401,NA,NA,NA
chrome.exe,24952,0x2F262AA7E40,DXGI,0,0,0,Composed: Flip,1080954797196,NA,16.52730000000000,16.66680000000000,0.10490000000000,0.47680000000000,32.5004,1080954632893,16.5352,16.4303,0.1049,0.6816,16.2255,2.2827,13.9428,0.2738,10485.2807,NA,NA,NA
chrome.exe,24952,0x2F262AA7E40,DXGI,0,0,0,Composed: Flip,1080954963777,NA,16.65810000000000,16.65020000000000,0.11430000000000,0.50070000000000,32.4925,1080954798245,16.6675,16.5532,0.1143,0.4998,16.5541,1.6845,14.8696,-0.1150,10501.8159,NA,NA,NA
chrome.exe,24952,0x2F262AA7E40,DXGI,0,0,0,Composed: Flip,1080955128967,NA,16.51900000000000,16.69290000000000,0.13520000000000,0.57010000000000,32.6664,1080954964920,16.5399,16.4047,0.1352,0.4628,16.5120,1.5565,14.9555,-0.0254,10518.4834,NA,NA,NA
chrome.exe,24952,0x2F262AA7E40,DXGI,0,0,0,Composed: Flip,1080955297029,NA,16.80620000000000,16.65450000000000,0.10230000000000,0.42350000000000,32.5147,1080955130319,16.7733,16.6710,0.1023,0.4365,16.6580,1.4978,15.1602,-0.1146,10535.0233,NA,NA,NA
chrome.exe,24952,0x2F262AA7E40,DXGI,0,0,0,Composed: Flip,1080955463553,NA,16.65240000000000,16.64950000000000,0.09320000000000,0.46850000000000,32.5118,1080955298052,16.6433,16.5501,0.0932,0.3354,16.6832,2.4732,14.2100,0.1238,10551.7966,NA,NA,NA
chrome.exe,24952,0x2F262AA7E40,DXGI,0,0,0,Composed: Flip,1080955631861,NA,16.83080000000000,NA,0.08800000000000,0.40330000000000,NA,1080955464485,16.8256,16.7376,0.0880,0.3753,16.7656,1.5029,15.2627,NA,NA,NA,NA,NA
chrome.exe,24952,0x2F262AA7E40,DXGI,0,0,0,Composed: Flip,1080955795267,NA,16.34060000000000,33.32750000000000,0.08890000000000,1.35280000000000,32.6679,1080955632741,16.3415,16.2526,0.0889,0.3562,17.2492,3.7326,13.5166,0.1414,10585.2655,NA,NA,NA
chrome.exe,24952,0x2F262AA7E40,DXGI,0,0,0,Composed: Flip,1080955962521,NA,16.72540000000000,NA,0.09280000000000,0.80240000000000,NA,1080955796156,16.7293,16.6365,0.0928,1.2639,16.1750,1.4425,14.7325,NA,NA,NA,NA,NA
chrome.exe,24952,0x2F262AA7E40,DXGI,0,0,0,Composed: Flip,1080956129074,NA,16.65530000000000,NA,0.17910000000000,0.54820000000000,NA,1080955963449,16.7416,16.5625,0.1791,0.7096,16.4011,2.5625,13.8386,NA,NA,NA,NA,NA
chrome.exe,24952,0x2F262AA7E40,DXGI,0,0,0,Composed: Flip,1080956296156,NA,16.70820000000000,NA,0.20270000000000,0.52490000000000,NA,1080956130865,16.7318,16.5291,0.2027,0.4381,16.6159,1.4958,15.1201,NA,NA,NA,NA,NA
chrome.exe,24952,0x2F262AA7E40,DXGI,0,0,0,Composed: Flip,1080956465071,NA,16.89150000000000,NA,0.14780000000000,0.41460000000000,NA,1080956298183,16.8366,16.6888,0.1478,0.4600,16.6434,1.3480,15.2954,NA,NA,NA,NA,NA
chrome.exe,24952,0x2F262AA7E40,DXGI,0,0,0,Composed: Flip,1080956629443,NA,16.43720000000000,NA,0.11550000000000,0.56800000000000,NA,1080956466549,16.4049,16.2894,0.1155,0.4935,16.3639,1.4227,14.9412,NA,NA,NA,NA,NA
chrome.exe,24952,0x2F262AA7E40,DXGI,0,0,0,Composed: Flip,1080956796200,NA,16.67570000000000,NA,0.14010000000000,0.51850000000000,NA,1080956630598,16.7003,16.5602,0.1401,0.4525,16.6262,1.6720,14.9542,NA,NA,NA,NA,NA
chrome.exe,24952,0x2F262AA7E40,DXGI,0,0,0,Composed: Flip,1080956963324,NA,16.71240000000000,116.66760000000001,0.11610000000000,0.48460000000000,32.5298,1080956797601,16.6884,16.5723,0.1161,0.3784,16.6785,1.5785,15.1000,-0.1816,10701.7515,NA,NA,NA
chrome.exe,24952,0x2F262AA7E40,DXGI,0,0,0,Composed: Flip,1080957130179,NA,16.68550000000000,16.68220000000000,0.17770000000000,0.45610000000000,32.5265,1080956964485,16.7471,16.5694,0.1777,0.3685,16.6570,1.5816,15.0754,0.0062,10718.4399,NA,NA,NA
chrome.exe,24952,0x2F262AA7E40,DXGI,0,0,0,Composed: Flip,1080957294125,NA,16.39460000000000,16.65790000000000,0.11690000000000,0.67060000000000,32.7898,1080957131956,16.3338,16.2169,0.1169,0.4539,16.4336,1.7609,14.6727,0.0892,10735.1870,NA,NA,NA
chrome.exe,24952,0x2F262AA7E40,DXGI,0,0,0,Composed: Flip,1080957463414,NA,16.92890000000000,16.66210000000000,0.19440000000000,0.43700000000000,32.5230,1080957295294,17.0064,16.8120,0.1944,0.5537,16.6953,1.5591,15.1362,-0.3283,10751.5208,NA,NA,NA
chrome.exe,24952,0x2F262AA7E40,DXGI,0,0,0,Composed: Flip,1080957631026,NA,16.76120000000000,16.66240000000000,0.13790000000000,0.41960000000000,32.4242,1080957465358,16.7047,16.5668,0.1379,0.5141,16.4723,1.4160,15.0563,0.3440,10768.5272,NA,NA,NA
chrome.exe,24952,0x2F262AA7E40,DXGI,0,0,0,Composed: Flip,1080957795997,NA,16.49710000000000,NA,0.10340000000000,0.61270000000000,NA,1080957632405,16.4626,16.3592,0.1034,0.4400,16.5319,5.1994,11.3325,NA,NA,NA,NA,NA
chrome.exe,24952,0x2F262AA7E40,DXGI,0,0,0,Composed: Flip,1080957962418,NA,16.64210000000000,NA,0.13580000000000,0.53650000000000,NA,1080957797031,16.6745,16.5387,0.1358,0.5093,16.5659,1.5576,15.0083,NA,NA,NA,NA,NA
chrome.exe,24952,0x2F262AA7E40,DXGI,0,0,0,Composed: Flip,1080958129325,NA,16.69070000000000,NA,0.11150000000000,0.59430000000000,NA,1080957963776,16.6664,16.5549,0.1115,0.4876,16.6616,1.7438,14.9178,NA,NA,NA,NA,NA
chrome.exe,24952,0x2F262AA7E40,DXGI,0,0,0,Composed: Flip,1080958296910,NA,16.75850000000000,66.67290000000000,0.09880000000000,0.45150000000000,32.5087,1080958130440,16.7458,16.6470,0.0988,0.4850,16.6135,1.5611,15.0524,-0.1647,10835.0354,NA,NA,NA
chrome.exe,24952,0x2F262AA7E40,DXGI,0,0,0,Composed: Flip,1080958462532,NA,16.56220000000000,16.67310000000000,0.15200000000000,0.51840000000000,32.6196,1080958297898,16.6154,16.4634,0.1520,0.4120,16.5698,1.4931,15.0767,0.0727,10851.7812,NA,NA,NA
chrome.exe,24952,0x2F262AA7E40,DXGI,0,0,0,Composed: Flip,1080958630548,NA,16.80160000000000,16.66070000000000,0.14550000000000,0.46990000000000,32.4787,1080958464052,16.7951,16.6496,0.1455,0.4397,16.6798,1.4613,15.2185,-0.0453,10868.3966,NA,NA,NA
chrome.exe,24952,0x2F262AA7E40,DXGI,0,0,0,Composed: Flip,1080958798340,NA,16.77920000000000,16.67620000000000,0.13370000000000,0.77040000000000,32.3757,1080958632003,16.7674,16.6337,0.1337,0.4083,16.9958,1.9947,15.0011,0.1189,10885.1917,NA,NA,NA
chrome.exe,24952,0x2F262AA7E40,DXGI,0,0,0,Composed: Flip,1080958963568,NA,16.52280000000000,16.67220000000000,0.12230000000000,0.56750000000000,32.5251,1080958799677,16.5114,16.3891,0.1223,0.6367,16.3199,1.4612,14.8587,0.0952,10901.9591,NA,NA,NA
chrome.exe,24952,0x2F262AA7E40,DXGI,0,0,0,Composed: Flip,1080959130612,NA,16.70440000000000,NA,0.09730000000000,0.53200000000000,NA,1080958964791,16.6794,16.5821,0.0973,0.4452,16.6689,1.5858,15.0831,NA,NA,NA,NA,NA
chrome.exe,24952,0x2F262AA7E40,DXGI,0,0,0,Composed: Flip,1080959297507,NA,16.68950000000000,33.35670000000000,0.17620000000000,0.61100000000000,32.4879,1080959131585,16.7684,16.5922,0.1762,0.4347,16.7685,4.1106,12.6579,-0.1659,10935.1499,NA,NA,NA
chrome.exe,24952,0x2F262AA7E40,DXGI,0,0,0,Composed: Flip,1080959463384,NA,16.58770000000000,NA,0.11650000000000,0.50260000000000,NA,1080959299269,16.5280,16.4115,0.1165,0.4392,16.4749,1.7936,14.6813,NA,NA,NA,NA,NA
chrome.exe,24952,0x2F262AA7E40,DXGI,0,0,0,Composed: Flip,1080959630151,NA,16.67670000000000,33.29260000000000,0.14060000000000,0.69670000000000,32.5161,1080959464549,16.7008,16.5602,0.1406,0.4100,16.8469,4.0920,12.7549,0.0038,10968.4463,NA,NA,NA
chrome.exe,24952,0x2F262AA7E40,DXGI,0,0,0,Composed: Flip,1080959797764,NA,16.76130000000000,NA,0.10440000000000,0.51380000000000,NA,1080959631557,16.7251,16.6207,0.1044,0.5561,16.5784,1.3848,15.1936,NA,NA,NA,NA,NA
chrome.exe,24952,0x2F262AA7E40,DXGI,0,0,0,Composed: Flip,1080959963127,NA,16.53630000000000,33.33830000000000,0.12970000000000,0.50540000000000,32.5568,1080959798808,16.5616,16.4319,0.1297,0.4226,16.5147,2.8228,13.6919,0.0876,11001.8722,NA,NA,NA
chrome.exe,24952,0x2F262AA7E40,DXGI,0,0,0,Composed: Flip,1080960133320,NA,17.01930000000000,16.66390000000000,0.12310000000000,0.49080000000000,32.2014,1080959964424,17.0127,16.8896,0.1231,0.4223,16.9581,1.2036,15.7545,-0.1023,11018.4338,NA,NA,NA
chrome.exe,24952,0x2F262AA7E40,DXGI,0,0,0,Composed: Flip,1080960297613,NA,16.42930000000000,NA,0.10560000000000,0.36810000000000,NA,1080960134551,16.4118,16.3062,0.1056,0.4652,16.2091,2.4200,13.7891,NA,NA,NA,NA,NA
chrome.exe,24952,0x2F262AA7E40,DXGI,0,0,0,Composed: Flip,1080960460913,NA,16.33000000000000,33.33150000000000,0.15790000000000,1.54470000000000,32.7736,1080960298669,16.3823,16.2244,0.1579,0.5080,17.2611,3.6427,13.6184,0.0930,11051.8583,NA,NA,NA
chrome.exe,24952,0x2F262AA7E40,DXGI,0,0,0,Composed: Flip,1080960629765,NA,16.88520000000000,NA,0.12220000000000,0.45020000000000,NA,1080960462492,16.8495,16.7273,0.1222,1.3868,15.7907,0.9803,14.8104,NA,NA,NA,NA,NA
chrome.exe,24952,0x2F262AA7E40,DXGI,0,0,0,Composed: Flip,1080960795612,NA,16.58470000000000,NA,0.14290000000000,0.57670000000000,NA,1080960630987,16.6054,16.4625,0.1429,0.4280,16.6112,2.6287,13.9825,NA,NA,NA,NA,NA
chrome.exe,24952,0x2F262AA7E40,DXGI,0,0,0,Composed: Flip,1080960962460,NA,16.68480000000000,NA,0.10420000000000,0.54030000000000,NA,1080960797041,16.6461,16.5419,0.1042,0.4687,16.6135,1.5619,15.0516,NA,NA,NA,NA,NA
chrome.exe,24952,0x2F262AA7E40,DXGI,0,0,0,Composed: Flip,1080961129725,NA,16.72650000000000,NA,0.11290000000000,0.54640000000000,NA,1080960963502,16.7352,16.6223,0.1129,0.4361,16.7326,1.6026,15.1300,NA,NA,NA,NA,NA
chrome.exe,24952,0x2F262AA7E40,DXGI,0,0,0,Composed: Flip,1080961294474,NA,16.47490000000000,83.33730000000000,0.11860000000000,0.64840000000000,32.7548,1080961130854,16.4806,16.3620,0.1186,0.4335,16.5769,1.9546,14.6223,-0.1188,11135.0768,NA,NA,NA
chrome.exe,24952,0x2F262AA7E40,DXGI,0,0,0,Composed: Flip,1080961463599,NA,16.91250000000000,16.67520000000000,0.07480000000000,0.52190000000000,32.5175,1080961295660,16.8687,16.7939,0.0748,0.5298,16.7860,1.7449,15.0411,-0.1946,11151.5574,NA,NA,NA
chrome.exe,24952,0x2F262AA7E40,DXGI,0,0,0,Composed: Flip,1080961630793,NA,16.71940000000000,NA,0.12110000000000,0.49970000000000,NA,1080961464347,16.7657,16.6446,0.1211,0.4471,16.6972,1.8190,14.8782,NA,NA,NA,NA,NA
chrome.exe,24952,0x2F262AA7E40,DXGI,0,0,0,Composed: Flip,1080961797001,NA,16.62080000000000,NA,0.10310000000000,0.52790000000000,NA,1080961632004,16.6028,16.4997,0.1031,0.5035,16.5241,3.9123,12.6118,NA,NA,NA,NA,NA
chrome.exe,24952,0x2F262AA7E40,DXGI,0,0,0,Composed: Flip,1080961961628,NA,16.46270000000000,49.98250000000000,0.17720000000000,0.59650000000000,32.6971,1080961798032,16.5368,16.3596,0.1772,0.4666,16.4895,1.8921,14.5974,0.2547,11201.7946,NA,NA,NA
chrome.exe,24952,0x2F262AA7E40,DXGI,0,0,0,Composed: Flip,1080962130760,NA,16.91320000000000,16.67350000000000,0.16120000000000,0.40860000000000,32.4574,1080961963400,16.8972,16.7360,0.1612,0.5341,16.6105,1.4204,15.1901,-0.1367,11218.3314,NA,NA,NA
chrome.exe,24952,0x2F262AA7E40,DXGI,0,0,0,Composed: Flip,1080962295468,NA,16.47080000000000,NA,0.13330000000000,0.55840000000000,NA,1080962132372,16.4429,16.3096,0.1333,1.3365,15.5315,5.1376,10.3939,NA,NA,NA,NA,NA
chrome.exe,24952,0x2F262AA7E40,DXGI,0,0,0,Composed: Flip,1080962461320,NA,16.58520000000000,NA,0.12490000000000,0.63050000000000,NA,1080962296801,16.5768,16.4519,0.1249,0.4399,16.6425,1.8237,14.8188,NA,NA,NA,NA,NA
chrome.exe,24952,0x2F262AA7E40,DXGI,0,0,0,Composed: Flip,1080962628536,NA,16.72160000000000,NA,0.10350000000000,0.60730000000000,NA,1080962462569,16.7002,16.5967,0.1035,0.5056,16.6984,1.8440,14.8544,NA,NA,NA,NA,NA
chrome.exe,24952,0x2F262AA7E40,DXGI,0,0,0,Composed: Flip,1080962793908,NA,16.53720000000000,NA,0.09520000000000,0.70560000000000,NA,1080962629571,16.5289,16.4337,0.0952,0.5038,16.6355,1.6874,14.9481,NA,NA,NA,NA,NA
chrome.exe,24952,0x2F262AA7E40,DXGI,0,0,0,Composed: Flip,1080962961570,NA,16.76620000000000,NA,0.09420000000000,0.61930000000000,NA,1080962794860,16.7652,16.6710,0.0942,0.6104,16.6799,1.6176,15.0623,NA,NA,NA,NA,NA
chrome.exe,24952,0x2F262AA7E40,DXGI,0,0,0,Composed: Flip,1080963127924,NA,16.63540000000000,NA,0.10430000000000,0.64860000000000,NA,1080962962512,16.6455,16.5412,0.1043,0.5251,16.6647,1.6352,15.0295,NA,NA,NA,NA,NA
chrome.exe,24952,0x2F262AA7E40,DXGI,0,0,0,Composed: Flip,1080963295857,NA,16.79330000000000,NA,0.18620000000000,0.49110000000000,NA,1080963128967,16.8752,16.6890,0.1862,0.5443,16.6358,1.7708,14.8650,NA,NA,NA,NA,NA
chrome.exe,24952,0x2F262AA7E40,DXGI,0,0,0,Composed: Flip,1080963460958,NA,16.51010000000000,NA,0.12470000000000,0.63980000000000,NA,1080963297719,16.4486,16.3239,0.1247,0.4130,16.5507,1.6968,14.8539,NA,NA,NA,NA,NA
chrome.exe,24952,0x2F262AA7E40,DXGI,0,0,0,Composed: Flip,1080963631429,NA,17.04710000000000,NA,0.12200000000000,0.48560000000000,NA,1080963462205,17.0444,16.9224,0.1220,0.5151,16.8929,1.9027,14.9902,NA,NA,NA,NA,NA
chrome.exe,24952,0x2F262AA7E40,DXGI,0,0,0,Composed: Flip,1080963794739,NA,16.33100000000000,NA,0.12940000000000,0.64330000000000,NA,1080963632649,16.3384,16.2090,0.1294,0.4480,16.4043,1.5930,14.8113,NA,NA,NA,NA,NA
chrome.exe,24952,0x2F262AA7E40,DXGI,0,0,0,Composed: Flip,1080963961206,NA,16.64670000000000,NA,0.15720000000000,0.64380000000000,NA,1080963796033,16.6745,16.5173,0.1572,0.5139,16.6472,1.9173,14.7299,NA,NA,NA,NA,NA
chrome.exe,24952,0x2F262AA7E40,DXGI,0,0,0,Composed: Flip,1080964127586,NA,16.63800000000000,NA,0.14520000000000,0.64930000000000,NA,1080963962778,16.6260,16.4808,0.1452,0.4866,16.6435,1.7260,14.9175,NA,NA,NA,NA,NA
chrome.exe,24952,0x2F262AA7E40,DXGI,0,0,0,Composed: Flip,1080964295225,NA,16.76390000000000,216.66300000000001,0.14030000000000,0.57140000000000,32.6739,1080964129038,16.7590,16.6187,0.1403,0.5041,16.6860,1.6018,15.0842,-0.0992,11434.8952,NA,NA,NA
chrome.exe,24952,0x2F262AA7E40,DXGI,0,0,0,Composed: Flip,1080964463114,NA,16.78890000000000,NA,0.09980000000000,0.47710000000000,NA,1080964296628,16.7484,16.6486,0.0998,0.4328,16.6929,1.5272,15.1657,NA,NA,NA,NA,NA
chrome.exe,24952,0x2F262AA7E40,DXGI,0,0,0,Composed: Flip,1080964629473,NA,16.63590000000000,NA,0.09950000000000,0.52660000000000,NA,1080964464112,16.6356,16.5361,0.0995,0.4205,16.6422,1.5271,15.1151,NA,NA,NA,NA,NA
chrome.exe,24952,0x2F262AA7E40,DXGI,0,0,0,Composed: Flip,1080964800567,NA,17.10940000000000,50.03830000000000,0.10690000000000,0.57640000000000,32.1780,1080964630468,17.1168,17.0099,0.1069,0.4271,17.1592,1.6093,15.5499,0.1047,11485.0382,NA,NA,NA
chrome.exe,24952,0x2F262AA7E40,DXGI,0,0,0,Composed: Flip,1080964963695,NA,16.31280000000000,16.64550000000000,0.16410000000000,1.14310000000000,32.5107,1080964801636,16.3700,16.2059,0.1641,0.4695,16.8795,2.4663,14.4132,0.4713,11502.1550,NA,NA,NA
chrome.exe,24952,0x2F262AA7E40,DXGI,0,0,0,Composed: Flip,1080965130601,NA,16.69060000000000,16.66810000000000,0.09390000000000,0.64730000000000,32.4882,1080964965336,16.6204,16.5265,0.0939,0.9790,16.1948,2.4169,13.7779,-0.2981,11518.5250,NA,NA,NA
chrome.exe,24952,0x2F262AA7E40,DXGI,0,0,0,Composed: Flip,1080965295476,NA,16.48750000000000,16.69720000000000,0.16170000000000,0.55690000000000,32.6979,1080965131540,16.5553,16.3936,0.1617,0.5534,16.3971,2.5904,13.8067,-0.0768,11535.1454,NA,NA,NA
chrome.exe,24952,0x2F262AA7E40,DXGI,0,0,0,Composed: Flip,1080965464117,NA,16.86410000000000,NA,0.11690000000000,2.98540000000000,NA,1080965297093,16.8193,16.7024,0.1169,0.4868,19.2010,4.9998,14.2012,NA,NA,NA,NA,NA
chrome.exe,24952,0x2F262AA7E40,DXGI,0,0,0,Composed: Flip,1080965631616,NA,16.74990000000000,NA,0.12720000000000,0.86060000000000,NA,1080965465286,16.7602,16.6330,0.1272,2.8685,14.6251,5.1684,9.4567,NA,NA,NA,NA,NA
chrome.exe,24952,0x2F262AA7E40,DXGI,0,0,0,Composed: Flip,1080965800071,NA,16.84550000000000,NA,0.15180000000000,16.71210000000000,NA,1080965632888,16.8701,16.7183,0.1518,0.7334,32.6970,17.8205,14.8765,NA,NA,NA,NA,NA
chrome.exe,24952,0x2F262AA7E40,DXGI,0,0,0,Composed: Flip,1080965968311,NA,16.82400000000000,NA,0.13560000000000,32.95290000000000,NA,1080965801589,16.8078,16.6722,0.1356,16.5603,33.0648,25.6578,7.4070,NA,NA,NA,NA,NA
chrome.exe,24952,0x2F262AA7E40,DXGI,0,0,0,Hardware Composed: Independent Flip,1080966132662,NA,16.43510000000000,116.66930000000001,0.16910000000000,50.00550000000000,65.6486,1080965969667,16.4686,16.2995,0.1691,33.5487,32.7563,26.1450,6.6113,-32.8566,11618.9581,NA,NA,NA
chrome.exe,24952,0x2F262AA7E40,DXGI,0,0,0,Hardware Composed: Independent Flip,1080966298062,NA,16.54000000000000,16.65580000000000,0.16360000000000,50.55350000000000,65.7644,1080966134353,16.5345,16.3709,0.1636,49.8364,17.0880,2.0746,15.0134,-0.1872,11635.4267,NA,NA,NA
chrome.exe,24952,0x2F262AA7E40,DXGI,0,0,0,Hardware Composed: Independent Flip,1080966466352,NA,16.82900000000000,16.68380000000000,16.14090000000000,50.17950000000000,65.6192,1080966299698,32.8063,16.6654,16.1409,50.3899,16.4550,1.7379,14.7171,-0.1493,11651.9612,NA,NA,NA
chrome.exe,24952,0x2F262AA7E40,DXGI,0,0,0,Hardware Composed: Independent Flip,1080966643352,NA,17.70000000000000,16.65500000000000,15.49070000000000,48.43490000000000,64.5742,1080966627761,17.0498,1.5591,15.4907,34.0386,15.9554,1.2043,14.7511,16.1513,11684.7675,NA,NA,NA
chrome.exe,24952,0x2F262AA7E40,DXGI,0,0,0,Hardware Composed: Independent Flip,1080966814774,NA,17.14220000000000,16.66220000000000,14.88190000000000,47.90070000000000,64.0942,1080966798259,16.5334,1.6515,14.8819,32.9442,16.6080,0.8364,15.7716,0.3876,11701.8173,NA,NA,NA
chrome.exe,24952,0x2F262AA7E40,DXGI,0,0,0,Hardware Composed: Independent Flip,1080966977747,NA,16.29730000000000,16.68290000000000,14.81040000000000,48.29830000000000,64.4798,1080966963593,16.2258,1.4154,14.8104,33.0188,16.6949,0.5685,16.1264,-0.1495,11718.3507,NA,NA,NA
chrome.exe,24952,0x2F262AA7E40,DXGI,0,0,0,Hardware Composed: Independent Flip,1080967141706,NA,16.39590000000000,16.65120000000000,15.04530000000000,48.61710000000000,64.7351,1080967125851,16.6308,1.5855,15.0453,33.4879,16.7147,0.8541,15.8606,-0.4254,11734.5765,NA,NA,NA
chrome.exe,24952,0x2F262AA7E40,DXGI,0,0,0,Hardware Composed: Independent Flip,1080967304282,NA,16.25760000000000,16.65640000000000,15.53700000000000,48.94230000000000,65.1339,1080967292159,16.7493,1.2123,15.5370,33.5718,16.5828,0.7051,15.8777,-0.0256,11751.2073,NA,NA,NA
chrome.exe,24952,0x2F262AA7E40,DXGI,0,0,0,Hardware Composed: Independent Flip,1080967474728,NA,17.04460000000000,16.67390000000000,15.15570000000000,48.49480000000001,64.7632,1080967459652,16.6633,1.5076,15.1557,33.4053,16.5971,0.6451,15.9520,0.0754,11767.9566,NA,NA,NA
chrome.exe,24952,0x2F262AA7E40,DXGI,0,0,0,Hardware Composed: Independent Flip,1080967641458,NA,16.67300000000000,16.65360000000000,15.33670000000000,48.42260000000000,64.7438,1080967626285,16.8540,1.5173,15.3367,33.3391,16.6008,0.7923,15.8085,0.0097,11784.6199,NA,NA,NA
chrome.exe,24952,0x2F262AA7E40,DXGI,0,0,0,Hardware Composed: Independent Flip,1080967818077,NA,17.66190000000000,16.64800000000000,14.05090000000000,47.43230000000001,63.7299,1080967794825,16.3761,2.3252,14.0509,33.0859,16.6716,0.6605,16.0111,0.2060,11801.4739,NA,NA,NA
chrome.exe,24952,0x2F262AA7E40,DXGI,0,0,0,Hardware Composed: Independent Flip,1080967973496,NA,15.54190000000000,16.66470000000000,15.10060000000000,48.47340000000001,64.8527,1080967958586,16.5916,1.4910,15.1006,33.3814,16.5830,0.4844,16.0986,-0.2886,11817.8500,NA,NA,NA
chrome.exe,24952,0x2F262AA7E40,DXGI,0,0,0,Hardware Composed: Independent Flip,1080968137395,NA,16.38990000000000,16.70010000000000,15.38160000000000,48.76410000000000,65.1629,1080968124502,16.6709,1.2893,15.3816,33.3728,16.6806,0.5350,16.1456,-0.1085,11834.4416,NA,NA,NA
chrome.exe,24952,0x2F262AA7E40,DXGI,0,0,0,Hardware Composed: Independent Flip,1080968301370,NA,16.39750000000000,16.63500000000000,15.60780000000000,49.13550000000000,65.4004,1080968291211,16.6237,1.0159,15.6078,33.3825,16.7689,0.7242,16.0447,0.0359,11851.1125,NA,NA,NA
chrome.exe,24952,0x2F262AA7E40,DXGI,0,0,0,Hardware Composed: Independent Flip,1080968470800,NA,16.94300000000000,16.68740000000000,15.35120000000000,48.77670000000001,65.1448,1080968457448,16.6864,1.3352,15.3512,33.5277,16.5842,0.5901,15.9941,-0.0637,11867.7362,NA,NA,NA
chrome.exe,24952,0x2F262AA7E40,DXGI,0,0,0,Hardware Composed: Independent Flip,1080968637190,NA,16.63900000000000,16.64330000000000,15.45100000000000,48.79520000000000,65.1491,1080968624312,16.7388,1.2878,15.4510,33.4255,16.6575,0.5412,16.1163,0.0431,11884.4226,NA,NA,NA
chrome.exe,24952,0x2F262AA7E40,DXGI,0,0,0,Hardware Composed: Independent Flip,1080968809056,NA,17.18660000000000,16.66840000000000,14.86060000000000,48.26620000000000,64.6309,1080968791700,16.5962,1.7356,14.8606,33.3442,16.6576,0.5768,16.0808,0.0704,11901.1614,NA,NA,NA
chrome.exe,24952,0x2F262AA7E40,DXGI,0,0,0,Hardware Composed: Independent Flip,1080968973703,NA,16.46470000000000,16.70980000000000,15.09590000000000,48.45510000000000,64.8760,1080968957662,16.7000,1.6041,15.0959,33.4056,16.6536,0.6020,16.0516,-0.1136,11917.7576,NA,NA,NA
chrome.exe,24952,0x2F262AA7E40,DXGI,0,0,0,Hardware Composed: Independent Flip,1080969140375,NA,16.66720000000000,16.64760000000000,15.05080000000000,48.57330000000000,64.8564,1080969124662,16.6221,1.5713,15.0508,33.3592,16.7854,0.9666,15.8188,0.0524,11934.4576,NA,NA,NA
chrome.exe,24952,0x2F262AA7E40,DXGI,0,0,0,Hardware Composed: Independent Flip,1080969302833,NA,16.24580000000000,16.64330000000000,15.49530000000000,48.96580000000000,65.2539,1080969290883,16.6903,1.1950,15.4953,33.5225,16.6383,0.5945,16.0438,-0.0212,11951.0797,NA,NA,NA
chrome.exe,24952,0x2F262AA7E40,DXGI,0,0,0,Hardware Composed: Independent Flip,1080969471645,NA,16.88120000000000,16.69020000000000,15.33810000000000,48.66190000000000,65.0629,1080969457786,16.7240,1.3859,15.3381,33.4705,16.5773,0.4744,16.1029,0.0001,11967.7700,NA,NA,NA
chrome.exe,24952,0x2F262AA7E40,DXGI,0,0,0,Hardware Composed: Independent Flip,1080969641771,NA,17.01260000000000,16.64920000000000,14.95000000000000,48.39010000000000,64.6995,1080969625026,16.6245,1.6745,14.9500,33.3238,16.7408,0.5277,16.2131,0.0748,11984.4940,NA,NA,NA
chrome.exe,24952,0x2F262AA7E40,DXGI,0,0,0,Hardware Composed: Independent Flip,1080969802077,NA,16.03060000000000,16.65580000000000,15.49460000000000,48.98050000000000,65.3247,1080969791271,16.5752,1.0806,15.4946,33.4401,16.6210,0.4964,16.1246,-0.0313,12001.1185,NA,NA,NA
chrome.exe,24952,0x2F262AA7E40,DXGI,0,0,0,Hardware Composed: Independent Flip,1080969965316,NA,16.32390000000000,16.67150000000000,15.88850000000000,49.27690000000000,65.6723,1080969957023,16.7178,0.8293,15.8885,33.4859,16.6203,0.4883,16.1320,-0.0963,12017.6937,NA,NA,NA
chrome.exe,24952,0x2F262AA7E40,DXGI,0,0,0,Hardware Composed: Independent Flip,1080970133930,NA,16.86140000000000,16.66390000000000,15.69090000000000,49.09840000000001,65.4748,1080970124201,16.6638,0.9729,15.6909,33.3884,16.6829,0.5293,16.1536,0.0539,12034.4115,NA,NA,NA
chrome.exe,24952,0x2F262AA7E40,DXGI,0,0,0,Hardware Composed: Independent Flip,1080970302243,NA,16.83130000000000,16.66600000000000,15.51800000000000,48.95750000000000,65.3095,1080970290839,16.6584,1.1404,15.5180,33.4075,16.6904,0.5535,16.1369,-0.0022,12051.0753,NA,NA,NA
chrome.exe,24952,0x2F262AA7E40,DXGI,0,0,0,Hardware Composed: Independent Flip,1080970469814,NA,16.75710000000000,16.70190000000000,15.43640000000000,48.85080000000000,65.2543,1080970457423,16.6755,1.2391,15.4364,33.4395,16.6504,0.5627,16.0877,-0.0435,12067.7337,NA,NA,NA
chrome.exe,24952,0x2F262AA7E40,DXGI,0,0,0,Hardware Composed: Independent Flip,1080970636497,NA,16.66830000000000,16.63020000000000,15.41150000000000,48.91170000000000,65.2162,1080970624178,16.6434,1.2319,15.4115,33.4144,16.7292,0.5148,16.2144,0.0453,12084.4092,NA,NA,NA
chrome.exe,24952,0x2F262AA7E40,DXGI,0,0,0,Hardware Composed: Independent Flip,1080970799586,NA,16.30890000000000,16.69030000000000,15.77280000000000,49.20350000000001,65.5976,1080970790612,16.6702,0.8974,15.7728,33.5002,16.6007,0.5117,16.0890,-0.0469,12101.0526,NA,NA,NA
chrome.exe,24952,0x2F262AA7E40,DXGI,0,0,0,Hardware Composed: Independent Flip,1080970968648,NA,16.90620000000000,16.63710000000000,15.57880000000000,48.96130000000000,65.3285,1080970957314,16.7122,1.1334,15.5788,33.4307,16.6640,0.4593,16.2047,0.0331,12117.7228,NA,NA,NA
chrome.exe,24952,0x2F262AA7E40,DXGI,0,0,0,Hardware Composed: Independent Flip,1080971137210,NA,16.85620000000000,16.67490000000000,15.32720000000000,48.75220000000000,65.1472,1080971124436,16.6046,1.2774,15.3272,33.3825,16.6471,0.4529,16.1942,0.0373,12134.4350,NA,NA,NA
chrome.exe,24952,0x2F262AA7E40,DXGI,0,0,0,Hardware Composed: Independent Flip,1080971299437,NA,16.22270000000000,16.67950000000000,15.80350000000000,49.20850000000000,65.6040,1080971290482,16.6990,0.8955,15.8035,33.4250,16.6790,0.5043,16.1747,-0.0749,12151.0396,NA,NA,NA
chrome.exe,24952,0x2F262AA7E40,DXGI,0,0,0,Hardware Composed: Independent Flip,1080971466491,NA,16.70540000000000,16.65390000000000,15.73750000000000,49.23230000000000,65.5525,1080971457472,16.6394,0.9019,15.7375,33.4050,16.7292,0.5570,16.1722,0.0451,12167.7386,NA,NA,NA
chrome.exe,24952,0x2F262AA7E40,DXGI,0,0,0,Hardware Composed: Independent Flip,1080971636900,NA,17.04090000000000,16.66560000000000,15.35790000000000,48.81090000000000,65.1772,1080971623866,16.6613,1.3034,15.3579,33.4948,16.6195,0.4932,16.1263,-0.0262,12184.3780,NA,NA,NA
chrome.exe,24952,0x2F262AA7E40,DXGI,0,0,0,Hardware Composed: Independent Flip,1080971803105,NA,16.62050000000000,16.66670000000000,15.42840000000000,48.83850000000000,65.2234,1080971790479,16.6910,1.2626,15.4284,33.4530,16.6481,0.5842,16.0639,-0.0054,12201.0393,NA,NA,NA
chrome.exe,24952,0x2F262AA7E40,DXGI,0,0,0,Hardware Composed: Independent Flip,1080971966176,NA,16.30710000000000,16.66480000000000,15.78900000000000,49.19250000000000,65.5811,1080971957389,16.6677,0.8787,15.7890,33.4101,16.6611,0.4932,16.1679,0.0262,12217.7303,NA,NA,NA
chrome.exe,24952,0x2F262AA7E40,DXGI,0,0,0,Hardware Composed: Independent Flip,1080972137582,NA,17.14060000000000,16.66030000000000,15.30970000000000,48.73940000000000,65.1008,1080972124066,16.6613,1.3516,15.3097,33.4035,16.6875,0.5165,16.1710,0.0074,12234.3980,NA,NA,NA
chrome.exe,24952,0x2F262AA7E40,DXGI,0,0,0,Hardware Composed: Independent Flip,1080972303422,NA,16.58400000000000,16.67630000000000,15.41400000000000,48.79460000000000,65.1931,1080972290679,16.6883,1.2743,15.4140,33.4297,16.6392,0.5559,16.0833,-0.0150,12251.0593,NA,NA,NA
chrome.exe,24952,0x2F262AA7E40,DXGI,0,0,0,Hardware Composed: Independent Flip,1080972469153,NA,16.57310000000000,16.67170000000000,15.49350000000000,48.91800000000000,65.2917,1080972457562,16.6526,1.1591,15.4935,33.3806,16.6965,0.4709,16.2256,0.0166,12267.7476,NA,NA,NA
chrome.exe,24952,0x2F262AA7E40,DXGI,0,0,0,Hardware Composed: Independent Flip,1080972634351,NA,16.51980000000000,16.66010000000000,15.60620000000000,49.08010000000000,65.4320,1080972624088,16.6325,1.0263,15.6062,33.4245,16.6819,0.5148,16.1671,-0.0075,12284.4002,NA,NA,NA
chrome.exe,24952,0x2F262AA7E40,DXGI,0,0,0,Hardware Composed: Independent Flip,1080972798066,NA,16.37150000000000,16.67840000000000,15.93350000000000,49.36060000000001,65.7389,1080972790413,16.6988,0.7653,15.9335,33.4739,16.6520,1.0103,15.6417,-0.0459,12301.0327,NA,NA,NA
chrome.exe,24952,0x2F262AA7E40,DXGI,0,0,0,Hardware Composed: Independent Flip,1080972969291,NA,17.12250000000000,16.65880000000000,15.47650000000000,48.91530000000000,65.2752,1080972957401,16.6655,1.1890,15.4765,33.4271,16.6772,0.7987,15.8785,0.0400,12317.7315,NA,NA,NA
chrome.exe,24952,0x2F262AA7E40,DXGI,0,0,0,Hardware Composed: Independent Flip,1080973138102,NA,16.88110000000000,16.67150000000000,15.28190000000000,48.72070000000000,65.0656,1080973124056,16.6865,1.4046,15.2819,33.4388,16.6865,0.5330,16.1535,-0.0060,12334.3970,NA,NA,NA
chrome.exe,24952,0x2F262AA7E40,DXGI,0,0,0,Hardware Composed: Independent Flip,1080973303582,NA,16.54800000000000,16.65240000000000,15.36980000000000,48.86070000000000,65.1700,1080973290921,16.6359,1.2661,15.3698,33.4388,16.6880,0.5728,16.1152,0.0341,12351.0835,NA,NA,NA
chrome.exe,24952,0x2F262AA7E40,DXGI,0,0,0,Hardware Composed: Independent Flip,1080973465363,NA,16.17810000000000,16.66680000000000,15.88550000000000,49.28180000000000,65.6587,1080973457280,16.6938,0.8083,15.8855,33.4909,16.5992,0.5456,16.0536,-0.0309,12367.7194,NA,NA,NA
chrome.exe,24952,0x2F262AA7E40,DXGI,0,0,0,Hardware Composed: Independent Flip,1080973637255,NA,17.18920000000000,16.66510000000000,15.35870000000000,48.79300000000000,65.1346,1080973624218,16.6624,1.3037,15.3587,33.3963,16.7004,0.5707,16.1297,0.0287,12384.4132,NA,NA,NA
chrome.exe,24952,0x2F262AA7E40,DXGI,0,0,0,Hardware Composed: Independent Flip,1080973803863,NA,16.66080000000000,16.67790000000000,15.32630000000000,48.77920000000000,65.1517,1080973790842,16.6284,1.3021,15.3263,33.4343,16.6470,0.7399,15.9071,-0.0155,12401.0756,NA,NA,NA
chrome.exe,24952,0x2F262AA7E40,DXGI,0,0,0,Hardware Composed: Independent Flip,1080973967739,NA,16.38760000000000,16.66100000000000,15.60350000000000,49.08440000000000,65.4251,1080973957126,16.6648,1.0613,15.6035,33.4529,16.6928,0.6534,16.0394,-0.0326,12417.7040,NA,NA,NA
chrome.exe,24952,0x2F262AA7E40,DXGI,0,0,0,Hardware Composed: Independent Flip,1080974135548,NA,16.78090000000000,16.69540000000000,15.49630000000000,48.95050000000001,65.3396,1080974123774,16.6737,1.1774,15.4963,33.4809,16.6470,0.5141,16.1329,-0.0306,12434.3688,NA,NA,NA
chrome.exe,24952,0x2F262AA7E40,DXGI,0,0,0,Hardware Composed: Independent Flip,1080974301401,NA,16.58530000000000,16.64430000000000,15.58620000000000,49.17290000000001,65.3986,1080974290511,16.6752,1.0890,15.5862,33.4542,16.8077,0.5805,16.2272,0.0294,12451.0425,NA,NA,NA
chrome.exe,24952,0x2F262AA7E40,DXGI,0,0,0,Hardware Composed: Independent Flip,1080974467710,NA,16.63090000000000,16.69470000000000,15.60060000000000,49.09900000000000,65.4624,1080974457263,16.6453,1.0447,15.6006,33.5867,16.5570,0.7533,15.8037,-0.0195,12467.7177,NA,NA,NA
chrome.exe,24952,0x2F262AA7E40,DXGI,0,0,0,Hardware Composed: Independent Flip,1080974632096,NA,16.43860000000000,16.67270000000000,15.89430000000000,49.36250000000000,65.6965,1080974623716,16.7323,0.8380,15.8943,33.4984,16.7021,0.7498,15.9523,-0.0274,12484.3630,NA,NA,NA
chrome.exe,24952,0x2F262AA7E40,DXGI,0,0,0,Hardware Composed: Independent Flip,1080974808550,NA,17.64540000000000,16.66710000000000,14.91170000000000,48.46430000000000,64.7182,1080974791039,16.6628,1.7511,14.9117,33.4682,16.7472,0.7523,15.9949,0.0652,12501.0953,NA,NA,NA
chrome.exe,24952,0x2F262AA7E40,DXGI,0,0,0,Hardware Composed: Independent Flip,1080974972475,NA,16.39250000000000,16.64250000000000,15.20780000000000,48.68830000000001,64.9682,1080974957667,16.6886,1.4808,15.2078,33.5526,16.6165,0.8726,15.7439,0.0203,12517.7581,NA,NA,NA
chrome.exe,24952,0x2F262AA7E40,DXGI,0,0,0,Hardware Composed: Independent Flip,1080975138087,NA,16.56120000000000,16.64370000000000,15.37350000000000,48.74570000000000,65.0507,1080975124553,16.7269,1.3534,15.3735,33.4805,16.6186,0.5548,16.0638,0.0449,12534.4467,NA,NA,NA
chrome.exe,24952,0x2F262AA7E40,DXGI,0,0,0,Hardware Composed: Independent Flip,1080975304638,NA,16.65510000000000,16.67550000000000,15.33750000000000,48.68630000000000,65.0711,1080975291822,16.6191,1.2816,15.3375,33.3722,16.5957,0.4805,16.1152,0.0514,12551.1736,NA,NA,NA
chrome.exe,24952,0x2F262AA7E40,DXGI,0,0,0,Hardware Composed: Independent Flip,1080975470944,NA,16.63060000000000,16.66500000000000,15.31580000000000,48.78140000000000,65.1055,1080975458013,16.6089,1.2931,15.3158,33.3488,16.7257,0.5610,16.1647,-0.0459,12567.7927,NA,NA,NA
chrome.exe,24952,0x2F262AA7E40,DXGI,0,0,0,Hardware Composed: Independent Flip,1080975631984,NA,16.10400000000000,16.66290000000000,15.83130000000000,49.31420000000000,65.6644,1080975624102,16.6195,0.7882,15.8313,33.4656,16.6368,0.7537,15.8831,-0.0540,12584.4016,NA,NA,NA
chrome.exe,24952,0x2F262AA7E40,DXGI,0,0,0,Hardware Composed: Independent Flip,1080975798200,NA,16.62160000000000,16.67780000000000,15.92350000000000,49.35310000000000,65.7206,1080975790297,16.7138,0.7903,15.9235,33.4829,16.6605,0.5805,16.0800,-0.0583,12601.0211,NA,NA,NA
chrome.exe,24952,0x2F262AA7E40,DXGI,0,0,0,Hardware Composed: Independent Flip,1080975969927,NA,17.17270000000000,16.65970000000000,15.39290000000000,48.92140000000001,65.2076,1080975957435,16.6421,1.2492,15.3929,33.4296,16.7410,0.7750,15.9660,0.0541,12617.7349,NA,NA,NA
chrome.exe,24952,0x2F262AA7E40,DXGI,0,0,0,Hardware Composed: Independent Flip,1080976135105,NA,16.51780000000000,16.66290000000000,15.54900000000000,49.05590000000000,65.3527,1080976123856,16.6739,1.1249,15.5490,33.5285,16.6523,0.8027,15.8496,-0.0208,12634.3770,NA,NA,NA
chrome.exe,24952,0x2F262AA7E40,DXGI,0,0,0,Hardware Composed: Independent Flip,1080976302746,NA,16.76410000000000,16.66940000000000,15.47510000000000,48.88050000000000,65.2580,1080976290595,16.6902,1.2151,15.4751,33.5069,16.5887,0.5226,16.0661,0.0045,12651.0509,NA,NA,NA
chrome.exe,24952,0x2F262AA7E40,DXGI,0,0,0,Hardware Composed: Independent Flip,1080976470408,NA,16.76620000000000,16.67240000000000,15.42230000000000,48.82450000000000,65.1642,1080976457497,16.7134,1.2911,15.4223,33.4054,16.7102,0.8451,15.8651,0.0178,12667.7411,NA,NA,NA
chrome.exe,24952,0x2F262AA7E40,DXGI,0,0,0,Hardware Composed: Independent Flip,1080976639197,NA,16.87890000000000,16.65960000000000,15.14960000000000,48.59530000000000,64.9449,1080976624631,16.6062,1.4566,15.1496,33.4022,16.6497,0.6382,16.0115,0.0538,12684.4545,NA,NA,NA
chrome.exe,24952,0x2F262AA7E40,DXGI,0,0,0,Hardware Composed: Independent Flip,1080976802443,NA,16.32460000000000,16.66810000000000,15.49850000000000,48.92690000000000,65.2884,1080976790693,16.6735,1.1750,15.4985,33.4457,16.6562,0.5382,16.1180,-0.0619,12701.0607,NA,NA,NA
chrome.exe,24952,0x2F262AA7E40,DXGI,0,0,0,Hardware Composed: Independent Flip,1080976969275,NA,16.68320000000000,16.65330000000000,15.49280000000000,48.92640000000000,65.2585,1080976957428,16.6775,1.1847,15.4928,33.4284,16.6827,0.6712,16.0115,0.0202,12717.7342,NA,NA,NA
chrome.exe,24952,0x2F262AA7E40,DXGI,0,0,0,Hardware Composed: Independent Flip,1080977136124,NA,16.68490000000000,16.67650000000000,15.46050000000000,48.89800000000000,65.2501,1080977124203,16.6526,1.1921,15.4605,33.4336,16.6565,0.8251,15.8314,0.0010,12734.4117,NA,NA,NA
chrome.exe,24952,0x2F262AA7E40,DXGI,0,0,0,Hardware Composed: Independent Flip,1080977303264,NA,16.71400000000000,16.66710000000000,15.39960000000000,48.87210000000000,65.2032,1080977290729,16.6531,1.2535,15.3996,33.4375,16.6881,0.6914,15.9967,-0.0145,12751.0643,NA,NA,NA
chrome.exe,24952,0x2F262AA7E40,DXGI,0,0,0,Hardware Composed: Independent Flip,1080977470071,NA,16.68070000000000,16.66920000000000,15.38620000000000,48.82390000000000,65.1917,1080977457260,16.6673,1.2811,15.3862,33.4725,16.6325,0.5269,16.1056,-0.0161,12767.7174,NA,NA,NA
chrome.exe,24952,0x2F262AA7E40,DXGI,0,0,0,Hardware Composed: Independent Flip,1080977635983,NA,16.59120000000000,16.66430000000000,15.45770000000000,48.88650000000001,65.2648,1080977623933,16.6627,1.2050,15.4577,33.4377,16.6538,0.4899,16.1639,0.0030,12784.3847,NA,NA,NA
chrome.exe,24952,0x2F262AA7E40,DXGI,0,0,0,Hardware Composed: Independent Flip,1080977799532,NA,16.35490000000000,16.67240000000000,15.76110000000000,49.24010000000001,65.5823,1080977790560,16.6583,0.8972,15.7611,33.4288,16.7085,0.7395,15.9690,-0.0097,12801.0474,NA,NA,NA
chrome.exe,24952,0x2F262AA7E40,DXGI,0,0,0,Hardware Composed: Independent Flip,1080977965925,NA,16.63930000000000,16.66390000000000,15.81500000000000,49.26610000000000,65.6069,1080977957143,16.6932,0.8782,15.8150,33.4790,16.6653,0.7442,15.9211,-0.0056,12817.7057,NA,NA,NA
chrome.exe,24952,0x2F262AA7E40,DXGI,0,0,0,Hardware Composed: Independent Flip,1080978136594,NA,17.06690000000000,16.66650000000000,15.38940000000000,48.84800000000000,65.2065,1080978124075,16.6413,1.2519,15.3894,33.4511,16.6488,0.7264,15.9224,0.0267,12834.3989,NA,NA,NA
chrome.exe,24952,0x2F262AA7E40,DXGI,0,0,0,Hardware Composed: Independent Flip,1080978302185,NA,16.55910000000000,16.65790000000000,15.50850000000000,48.96620000000000,65.3053,1080978290488,16.6782,1.1697,15.5085,33.4586,16.6773,0.5243,16.1530,-0.0166,12851.0402,NA,NA,NA
chrome.exe,24952,0x2F262AA7E40,DXGI,0,0,0,Hardware Composed: Independent Flip,1080978469937,NA,16.77520000000000,16.66300000000000,15.39450000000000,48.83210000000000,65.1931,1080978457270,16.6612,1.2667,15.3945,33.4577,16.6411,0.8930,15.7481,0.0152,12867.7184,NA,NA,NA
chrome.exe,24952,0x2F262AA7E40,DXGI,0,0,0,Hardware Composed: Independent Flip,1080978632751,NA,16.28140000000000,16.67110000000000,15.76720000000000,49.22630000000000,65.5828,1080978623882,16.6541,0.8869,15.7672,33.4376,16.6756,0.6961,15.9795,-0.0099,12884.3796,NA,NA,NA
chrome.exe,24952,0x2F262AA7E40,DXGI,0,0,0,Hardware Composed: Independent Flip,1080978800167,NA,16.74160000000000,16.66990000000000,15.69560000000000,49.13990000000000,65.5111,1080978790423,16.6700,0.9744,15.6956,33.4591,16.6552,0.5265,16.1287,-0.0158,12901.0337,NA,NA,NA
chrome.exe,24952,0x2F262AA7E40,DXGI,0,0,0,Hardware Composed: Independent Flip,1080978966962,NA,16.67950000000000,16.66520000000000,15.65310000000000,49.13820000000000,65.4968,1080978957123,16.6370,0.9839,15.6531,33.4443,16.6778,0.8045,15.8733,0.0048,12917.7037,NA,NA,NA
chrome.exe,24952,0x2F262AA7E40,DXGI,0,0,0,Hardware Composed: Independent Flip,1080979132088,NA,16.51260000000000,16.69290000000000,15.86280000000000,49.32720000000000,65.6771,1080979123493,16.7223,0.8595,15.8628,33.4851,16.7016,0.5120,16.1896,-0.0559,12934.3407,NA,NA,NA
chrome.exe,24952,0x2F262AA7E40,DXGI,0,0,0,Hardware Composed: Independent Flip,1080979302721,NA,17.06330000000000,16.65730000000000,15.43930000000000,48.95660000000000,65.2711,1080979290716,16.6398,1.2005,15.4393,33.4644,16.6927,0.5546,16.1381,0.0650,12951.0630,NA,NA,NA
chrome.exe,24952,0x2F262AA7E40,DXGI,0,0,0,Hardware Composed: Independent Flip,1080979465712,NA,16.29910000000000,16.65070000000000,15.82650000000000,49.28980000000000,65.6227,1080979457114,16.6863,0.8598,15.8265,33.5173,16.6323,0.6940,15.9383,-0.0109,12967.7028,NA,NA,NA
chrome.exe,24952,0x2F262AA7E40,DXGI,0,0,0,Hardware Composed: Independent Flip,1080979635242,NA,16.95300000000000,16.66980000000000,15.80710000000000,48.99850000000000,65.3395,1080979623977,16.9336,1.1265,15.8071,33.4633,16.6617,0.5752,16.0865,0.0165,12984.3891,NA,NA,NA
chrome.exe,24952,0x2F262AA7E40,DXGI,0,0,0,Hardware Composed: Independent Flip,1080979808890,NA,17.36480000000000,16.67070000000000,14.89690000000000,48.28140000000000,64.6454,1080979793313,16.4546,1.5577,14.8969,33.1914,16.6477,0.5422,16.1055,0.2629,13001.3227,NA,NA,NA
chrome.exe,24952,0x2F262AA7E40,DXGI,0,0,0,Hardware Composed: Independent Flip,1080979970146,NA,16.12560000000000,16.66750000000000,15.38150000000000,48.84510000000000,65.1873,1080979957859,16.6102,1.2287,15.3815,33.3845,16.6893,0.5372,16.1521,-0.2129,13017.7773,NA,NA,NA
chrome.exe,24952,0x2F262AA7E40,DXGI,0,0,0,Hardware Composed: Independent Flip,1080980131947,NA,16.18010000000000,16.66760000000000,15.84650000000000,49.36040000000001,65.6748,1080980123961,16.6451,0.7986,15.8465,33.4636,16.6954,0.8029,15.8925,-0.0574,13034.3875,NA,NA,NA
chrome.exe,24952,0x2F262AA7E40,DXGI,0,0,0,Hardware Composed: Independent Flip,1080980299400,NA,16.74530000000000,16.67880000000000,15.78560000000000,49.27100000000000,65.6083,1080980290412,16.6844,0.8988,15.7856,33.5139,16.6559,0.7954,15.8605,-0.0337,13051.0326,NA,NA,NA
chrome.exe,24952,0x2F262AA7E40,DXGI,0,0,0,Hardware Composed: Independent Flip,1080980469505,NA,17.01050000000000,16.67440000000000,15.43200000000000,48.92170000000000,65.2722,1080980457256,16.6569,1.2249,15.4320,33.4854,16.6612,0.5233,16.1379,0.0100,13067.7170,NA,NA,NA
chrome.exe,24952,0x2F262AA7E40,DXGI,0,0,0,Hardware Composed: Independent Flip,1080980633886,NA,16.43810000000000,16.65990000000000,15.67840000000000,49.16700000000000,65.4940,1080980623825,16.6845,1.0061,15.6784,33.4897,16.6834,0.5459,16.1375,-0.0030,13084.3739,NA,NA,NA
chrome.exe,24952,0x2F262AA7E40,DXGI,0,0,0,Hardware Composed: Independent Flip,1080980800427,NA,16.65410000000000,16.64010000000000,15.70620000000000,49.17950000000000,65.4800,1080980790670,16.6819,0.9757,15.7062,33.4886,16.6666,0.5972,16.0694,0.0444,13101.0584,NA,NA,NA
chrome.exe,24952,0x2F262AA7E40,DXGI,0,0,0,Hardware Composed: Independent Flip,1080980967719,NA,16.72920000000000,16.66650000000000,15.65160000000000,49.07770000000000,65.4173,1080980957489,16.6746,1.0230,15.6516,33.4733,16.6274,0.6958,15.9316,0.0154,13117.7403,NA,NA,NA
chrome.exe,24952,0x2F262AA7E40,DXGI,0,0,0,Hardware Composed: Independent Flip,1080981134701,NA,16.69820000000000,16.66450000000000,15.60970000000000,49.02650000000001,65.3836,1080981124235,16.6563,1.0466,15.6097,33.4261,16.6470,0.5055,16.1415,0.0101,13134.4149,NA,NA,NA
chrome.exe,24952,0x2F262AA7E40,DXGI,0,0,0,Hardware Composed: Independent Flip,1080981301202,NA,16.65010000000000,16.66870000000000,15.58610000000000,49.02500000000001,65.4022,1080981290798,16.6265,1.0404,15.5861,33.4168,16.6486,0.4861,16.1625,-0.0124,13151.0712,NA,NA,NA
chrome.exe,24952,0x2F262AA7E40,DXGI,0,0,0,Hardware Composed: Independent Flip,1080981465605,NA,16.44030000000000,16.67130000000000,15.81020000000000,49.27230000000000,65.6332,1080981457063,16.6644,0.8542,15.8102,33.4389,16.6876,0.5286,16.1590,-0.0448,13167.6977,NA,NA,NA
chrome.exe,24952,0x2F262AA7E40,DXGI,0,0,0,Hardware Composed: Independent Flip,1080981632851,NA,16.72460000000000,16.65740000000000,15.73640000000000,49.22050000000000,65.5660,1080981623707,16.6508,0.9144,15.7364,33.4621,16.6728,0.4894,16.1834,0.0070,13184.3621,NA,NA,NA
chrome.exe,24952,0x2F262AA7E40,DXGI,0,0,0,Hardware Composed: Independent Flip,1080981798244,NA,16.53930000000000,16.69360000000000,15.87660000000000,49.35010000000000,65.7203,1080981790215,16.6795,0.8029,15.8766,33.4841,16.6689,0.7776,15.8913,-0.0428,13201.0129,NA,NA,NA
chrome.exe,24952,0x2F262AA7E40,DXGI,0,0,0,Hardware Composed: Independent Flip,1080981965022,NA,16.67780000000000,16.64570000000000,15.89020000000000,49.41310000000000,65.6882,1080981957010,16.6914,0.8012,15.8902,33.4735,16.7408,0.7252,16.0156,0.0338,13217.6924,NA,NA,NA
chrome.exe,24952,0x2F262AA7E40,DXGI,0,0,0,Hardware Composed: Independent Flip,1080982136344,NA,17.13220000000000,16.65950000000000,15.41100000000000,48.87980000000000,65.2155,1080982123924,16.6530,1.2420,15.4110,33.5229,16.5989,0.5265,16.0724,0.0319,13234.3838,NA,NA,NA
chrome.exe,24952,0x2F262AA7E40,DXGI,0,0,0,Hardware Composed: Independent Flip,1080982300515,NA,16.41710000000000,16.67100000000000,15.69780000000000,49.08780000000000,65.4694,1080982290454,16.7039,1.0061,15.6978,33.4688,16.6251,0.4611,16.1640,-0.0180,13251.0368,NA,NA,NA
chrome.exe,24952,0x2F262AA7E40,DXGI,0,0,0,Hardware Composed: Independent Flip,1080982470084,NA,16.95690000000000,16.66340000000000,15.36650000000000,48.83460000000000,65.1759,1080982457493,16.6256,1.2591,15.3665,33.3900,16.7037,0.7397,15.9640,0.0405,13267.7407,NA,NA,NA
chrome.exe,24952,0x2F262AA7E40,DXGI,0,0,0,Hardware Composed: Independent Flip,1080982631017,NA,16.09330000000000,16.66970000000000,15.93150000000000,49.38600000000000,65.7523,1080982623749,16.6583,0.7268,15.9315,33.4681,16.6447,0.5094,16.1353,-0.0441,13284.3663,NA,NA,NA
chrome.exe,24952,0x2F262AA7E40,DXGI,0,0,0,Hardware Composed: Independent Flip,1080982801569,NA,17.05520000000000,16.66460000000000,15.54810000000000,49.00300000000000,65.3617,1080982790332,16.6718,1.1237,15.5481,33.4545,16.6722,0.5151,16.1571,-0.0063,13301.0246,NA,NA,NA
chrome.exe,24952,0x2F262AA7E40,DXGI,0,0,0,Hardware Composed: Independent Flip,1080982967165,NA,16.55960000000000,16.66900000000000,15.65100000000000,49.09000000000000,65.4711,1080982957050,16.6625,1.0115,15.6510,33.4549,16.6466,0.4745,16.1721,0.0028,13317.6964,NA,NA,NA
chrome.exe,24952,0x2F262AA7E40,DXGI,0,0,0,Hardware Composed: Independent Flip,1080983134664,NA,16.74990000000000,16.68970000000000,15.55920000000000,49.03690000000000,65.4109,1080983123675,16.6581,1.0989,15.5592,33.4390,16.6968,0.5180,16.1788,-0.0272,13334.3589,NA,NA,NA
chrome.exe,24952,0x2F262AA7E40,DXGI,0,0,0,Hardware Composed: Independent Flip,1080983297890,NA,16.32260000000000,16.64030000000000,15.90140000000000,49.48350000000000,65.7286,1080983290256,16.6648,0.7634,15.9014,33.4777,16.7692,0.5817,16.1875,0.0178,13351.0170,NA,NA,NA
chrome.exe,24952,0x2F262AA7E40,DXGI,0,0,0,Hardware Composed: Independent Flip,1080983465805,NA,16.79150000000000,16.66600000000000,15.77890000000000,49.25010000000000,65.6031,1080983456904,16.6690,0.8901,15.7789,33.5821,16.5581,0.4828,16.0753,-0.0012,13367.6818,NA,NA,NA
chrome.exe,24952,0x2F262AA7E40,DXGI,0,0,0,Hardware Composed: Independent Flip,1080983632738,NA,16.69330000000000,16.67220000000000,15.80310000000000,49.19070000000000,65.5820,1080983623594,16.7175,0.9144,15.8031,33.4712,16.6339,0.4876,16.1463,-0.0032,13384.3508,NA,NA,NA
chrome.exe,24952,0x2F262AA7E40,DXGI,0,0,0,Hardware Composed: Independent Flip,1080983800457,NA,16.77190000000000,16.66380000000000,15.64550000000000,49.14120000000000,65.4739,1080983790769,16.6143,0.9688,15.6455,33.3876,16.7224,0.5859,16.1365,0.0537,13401.0683,NA,NA,NA
chrome.exe,24952,0x2F262AA7E40,DXGI,0,0,0,Hardware Composed: Independent Flip,1080983966069,NA,16.56120000000000,16.65940000000000,15.74410000000000,49.19420000000000,65.5721,1080983956912,16.6598,0.9157,15.7441,33.4957,16.6142,0.4627,16.1515,-0.0451,13417.6826,NA,NA,NA
chrome.exe,24952,0x2F262AA7E40,DXGI,0,0,0,Hardware Composed: Independent Flip,1080984131342,NA,16.52730000000000,16.67450000000000,15.90100000000000,49.36250000000000,65.7193,1080984123510,16.6842,0.7832,15.9010,33.4501,16.6956,0.5151,16.1805,-0.0147,13434.3424,NA,NA,NA
chrome.exe,24952,0x2F262AA7E40,DXGI,0,0,0,Hardware Composed: Independent Flip,1080984298680,NA,16.73380000000000,16.67100000000000,15.84620000000000,49.28190000000000,65.6565,1080984290352,16.6790,0.8328,15.8462,33.4615,16.6532,0.7641,15.8891,0.0132,13451.0266,NA,NA,NA
chrome.exe,24952,0x2F262AA7E40,DXGI,0,0,0,Hardware Composed: Independent Flip,1080984468262,NA,16.95820000000000,16.66030000000000,15.53780000000000,48.99340000000000,65.3586,1080984457142,16.6498,1.1120,15.5378,33.4357,16.6697,0.6444,16.0253,0.0187,13467.7056,NA,NA,NA
chrome.exe,24952,0x2F262AA7E40,DXGI,0,0,0,Hardware Composed: Independent Flip,1080984634509,NA,16.62470000000000,16.67290000000000,15.60160000000000,49.03710000000000,65.4068,1080984623640,16.6885,1.0869,15.6016,33.4556,16.6684,0.6539,16.0145,-0.0231,13484.3554,NA,NA,NA
chrome.exe,24952,0x2F262AA7E40,DXGI,0,0,0,Hardware Composed: Independent Flip,1080984801698,NA,16.71890000000000,16.67520000000000,15.56290000000000,49.00660000000000,65.3631,1080984790525,16.6802,1.1173,15.5629,33.4355,16.6884,0.7744,15.9140,0.0133,13501.0439,NA,NA,NA
chrome.exe,24952,0x2F262AA7E40,DXGI,0,0,0,Hardware Composed: Independent Flip,1080984967852,NA,16.61540000000000,16.67680000000000,15.61120000000000,49.06770000000000,65.4245,1080984957327,16.6637,1.0525,15.6112,33.4437,16.6765,0.6780,15.9985,0.0034,13517.7241,NA,NA,NA
chrome.exe,24952,0x2F262AA7E40,DXGI,0,0,0,Hardware Composed: Independent Flip,1080985136255,NA,16.84030000000000,16.64110000000000,15.45330000000000,48.91620000000000,65.2253,1080985123964,16.6824,1.2291,15.4533,33.4565,16.6888,0.7414,15.9474,0.0226,13534.3878,NA,NA,NA
chrome.exe,24952,0x2F262AA7E40,DXGI,0,0,0,Hardware Composed: Independent Flip,1080985301754,NA,16.54990000000000,16.65980000000000,15.55260000000000,48.97560000000000,65.3352,1080985290788,16.6492,1.0966,15.5526,33.4629,16.6093,0.5324,16.0769,0.0226,13551.0702,NA,NA,NA
chrome.exe,24952,0x2F262AA7E40,DXGI,0,0,0,Hardware Composed: Independent Flip,1080985470194,NA,16.84400000000000,16.67120000000000,15.39800000000000,48.79060000000000,65.1624,1080985457280,16.6894,1.2914,15.3980,33.4230,16.6590,0.5662,16.0928,-0.0220,13567.7194,NA,NA,NA
chrome.exe,24952,0x2F262AA7E40,DXGI,0,0,0,Hardware Composed: Independent Flip,1080985636342,NA,16.61480000000000,16.66440000000000,15.40600000000000,48.83870000000000,65.2120,1080985624174,16.6228,1.2168,15.4060,33.3926,16.6629,0.7447,15.9182,0.0250,13584.4088,NA,NA,NA
chrome.exe,24952,0x2F262AA7E40,DXGI,0,0,0,Hardware Composed: Independent Flip,1080985799831,NA,16.34890000000000,16.69980000000000,15.69500000000000,49.17170000000000,65.5629,1080985790402,16.6379,0.9429,15.6950,33.4327,16.6819,0.5093,16.1726,-0.0770,13601.0316,NA,NA,NA
chrome.exe,24952,0x2F262AA7E40,DXGI,0,0,0,Hardware Composed: Independent Flip,1080985965399,NA,16.55680000000000,16.64410000000000,15.81290000000000,49.37190000000000,65.6502,1080985956781,16.6747,0.8618,15.8129,33.4767,16.7570,0.6795,16.0775,-0.0062,13617.6695,NA,NA,NA
chrome.exe,24952,0x2F262AA7E40,DXGI,0,0,0,Hardware Composed: Independent Flip,1080986131576,NA,16.61770000000000,16.65570000000000,15.85940000000000,49.31740000000000,65.6882,1080986123528,16.6642,0.8048,15.8594,33.5590,16.5632,0.5339,16.0293,0.0190,13634.3442,NA,NA,NA
chrome.exe,24952,0x2F262AA7E40,DXGI,0,0,0,Hardware Composed: Independent Flip,1080986304837,NA,17.32610000000000,16.66710000000000,15.28950000000000,48.67060000000000,65.0292,1080986290170,16.7562,1.4667,15.2895,33.4580,16.6793,0.7665,15.9128,-0.0029,13651.0084,NA,NA,NA
chrome.exe,24952,0x2F262AA7E40,DXGI,0,0,0,Hardware Composed: Independent Flip,1080986471232,NA,16.63950000000000,16.67030000000000,15.29230000000000,48.67480000000000,65.0600,1080986457732,16.6423,1.3500,15.2923,33.3811,16.6437,0.5793,16.0644,0.0859,13667.7646,NA,NA,NA
chrome.exe,24952,0x2F262AA7E40,DXGI,0,0,0,Hardware Composed: Independent Flip,1080986637648,NA,16.64160000000000,16.66540000000000,15.27300000000000,48.73540000000001,65.0838,1080986624155,16.6223,1.3493,15.2730,33.3825,16.7022,0.5282,16.1740,-0.0231,13684.4069,NA,NA,NA
chrome.exe,24952,0x2F262AA7E40,DXGI,0,0,0,Hardware Composed: Independent Flip,1080986799273,NA,16.16250000000000,16.67070000000000,15.76130000000000,49.20970000000001,65.5920,1080986790378,16.6508,0.8895,15.7613,33.4624,16.6368,0.4927,16.1441,-0.0484,13701.0292,NA,NA,NA
chrome.exe,24952,0x2F262AA7E40,DXGI,0,0,0,Hardware Composed: Independent Flip,1080986966772,NA,16.74990000000000,16.65800000000000,15.68390000000000,49.15260000000000,65.5001,1080986956886,16.6725,0.9886,15.6839,33.4484,16.6928,0.5407,16.1521,-0.0072,13717.6800,NA,NA,NA
chrome.exe,24952,0x2F262AA7E40,DXGI,0,0,0,Hardware Composed: Independent Flip,1080987132415,NA,16.56430000000000,16.67550000000000,15.77930000000000,49.21380000000000,65.6113,1080987123611,16.6597,0.8804,15.7793,33.4687,16.6255,0.4644,16.1611,-0.0030,13734.3525,NA,NA,NA
chrome.exe,24952,0x2F262AA7E40,DXGI,0,0,0,Hardware Composed: Independent Flip,1080987299532,NA,16.71170000000000,16.67080000000000,15.73920000000000,49.22370000000000,65.5704,1080987290208,16.6716,0.9324,15.7392,33.4345,16.7216,0.5190,16.2026,-0.0111,13751.0122,NA,NA,NA
chrome.exe,24952,0x2F262AA7E40,DXGI,0,0,0,Hardware Composed: Independent Flip,1080987465835,NA,16.63030000000000,16.67260000000000,15.76310000000000,49.24960000000000,65.6127,1080987456924,16.6542,0.8911,15.7631,33.4845,16.6562,0.5140,16.1422,-0.0010,13767.6838,NA,NA,NA
chrome.exe,24952,0x2F262AA7E40,DXGI,0,0,0,Hardware Composed: Independent Flip,1080987631281,NA,16.54460000000000,16.64870000000000,15.90180000000000,49.33920000000001,65.7168,1080987623466,16.6833,0.7815,15.9018,33.4865,16.6342,0.4766,16.1576,0.0055,13784.3380,NA,NA,NA
chrome.exe,24952,0x2F262AA7E40,DXGI,0,0,0,Hardware Composed: Independent Flip,1080987799588,NA,16.83070000000000,16.67860000000000,15.73270000000000,49.19400000000000,65.5647,1080987790299,16.6616,0.9289,15.7327,33.4374,16.6855,0.5899,16.0956,0.0047,13801.0213,NA,NA,NA
chrome.exe,24952,0x2F262AA7E40,DXGI,0,0,0,Hardware Composed: Independent Flip,1080987965490,NA,16.59020000000000,16.66540000000000,15.81880000000000,49.28740000000001,65.6399,1080987956915,16.6763,0.8575,15.8188,33.4613,16.6836,0.7121,15.9715,-0.0038,13817.6829,NA,NA,NA
chrome.exe,24952,0x2F262AA7E40,DXGI,0,0,0,Hardware Composed: Independent Flip,1080988134942,NA,16.94520000000000,16.67270000000000,15.54470000000000,49.04850000000000,65.3674,1080988123678,16.6711,1.1264,15.5447,33.4686,16.7063,0.8742,15.8321,0.0036,13834.3592,NA,NA,NA
chrome.exe,24952,0x2F262AA7E40,DXGI,0,0,0,Hardware Composed: Independent Flip,1080988302303,NA,16.73610000000000,16.65630000000000,15.51250000000000,48.93190000000000,65.2876,1080988290389,16.7039,1.1914,15.5125,33.5038,16.6195,0.6399,15.9796,0.0148,13851.0303,NA,NA,NA
chrome.exe,24952,0x2F262AA7E40,DXGI,0,0,0,Hardware Composed: Independent Flip,1080988469970,NA,16.76670000000000,16.66870000000000,15.42550000000000,48.82870000000000,65.1896,1080988457428,16.6797,1.2542,15.4255,33.4194,16.6635,0.5488,16.1147,0.0352,13867.7342,NA,NA,NA
chrome.exe,24952,0x2F262AA7E40,DXGI,0,0,0,Hardware Composed: Independent Flip,1080988636454,NA,16.64840000000000,16.66500000000000,15.41330000000000,48.84680000000000,65.2062,1080988624225,16.6362,1.2229,15.4133,33.4032,16.6665,0.5385,16.1280,0.0147,13884.4139,NA,NA,NA
chrome.exe,24952,0x2F262AA7E40,DXGI,0,0,0,Hardware Composed: Independent Flip,1080988802768,NA,16.63140000000000,16.70030000000000,15.42270000000000,48.89430000000000,65.2751,1080988790587,16.6408,1.2181,15.4227,33.4335,16.6789,0.5101,16.1688,-0.0641,13901.0501,NA,NA,NA
chrome.exe,24952,0x2F262AA7E40,DXGI,0,0,0,Hardware Composed: Independent Flip,1080988969855,NA,16.70870000000000,16.65590000000000,15.38670000000000,48.91520000000001,65.2223,1080988956995,16.6727,1.2860,15.3867,33.4716,16.7296,0.5160,16.2136,-0.0151,13917.6909,NA,NA,NA
chrome.exe,24952,0x2F262AA7E40,DXGI,0,0,0,Hardware Composed: Independent Flip,1080989134329,NA,16.44740000000000,16.63920000000000,15.59820000000000,49.13190000000000,65.4141,1080989123722,16.6589,1.0607,15.5982,33.5285,16.6641,0.6617,16.0024,0.0335,13934.3636,NA,NA,NA
chrome.exe,24952,0x2F262AA7E40,DXGI,0,0,0,Hardware Composed: Independent Flip,1080989298598,NA,16.42690000000000,16.66890000000000,15.94090000000000,49.33390000000000,65.6561,1080989290311,16.7696,0.8287,15.9409,33.5337,16.6289,0.5325,16.0964,-0.0100,13951.0225,NA,NA,NA
chrome.exe,24952,0x2F262AA7E40,DXGI,0,0,0,Hardware Composed: Independent Flip,1080989470846,NA,17.22480000000000,16.67430000000000,15.36810000000000,48.74530000000000,65.1056,1080989458007,16.6520,1.2839,15.3681,33.3930,16.6362,0.5136,16.1226,0.0953,13967.7921,NA,NA,NA
chrome.exe,24952,0x2F262AA7E40,DXGI,0,0,0,Hardware Composed: Independent Flip,1080989634994,NA,16.41480000000000,16.65740000000000,15.57730000000000,48.98520000000000,65.3482,1080989624527,16.6240,1.0467,15.5773,33.3772,16.6547,0.5576,16.0971,-0.0054,13984.4441,NA,NA,NA
chrome.exe,24952,0x2F262AA7E40,DXGI,0,0,0,Hardware Composed: Independent Flip,1080989799867,NA,16.48730000000000,16.69140000000000,15.72460000000000,49.17700000000000,65.5523,1080989790767,16.6346,0.9100,15.7246,33.4079,16.6791,0.5133,16.1658,-0.0674,14001.0681,NA,NA,NA
chrome.exe,24952,0x2F262AA7E40,DXGI,0,0,0,Hardware Composed: Independent Flip,1080989967792,NA,16.79250000000000,16.67380000000000,15.59870000000000,49.08680000000000,65.4336,1080989957113,16.6666,1.0679,15.5987,33.4524,16.7023,0.4902,16.2121,-0.0392,14017.7027,NA,NA,NA
chrome.exe,24952,0x2F262AA7E40,DXGI,0,0,0,Hardware Composed: Independent Flip,1080990132992,NA,16.52000000000000,16.63280000000000,15.72740000000000,49.23520000000000,65.5464,1080990123779,16.6487,0.9213,15.7274,33.4881,16.6684,0.5311,16.1373,0.0338,14034.3693,NA,NA,NA
chrome.exe,24952,0x2F262AA7E40,DXGI,0,0,0,Hardware Composed: Independent Flip,1080990299076,NA,16.60840000000000,16.66830000000000,15.81710000000000,49.23060000000000,65.6063,1080990290266,16.6981,0.8810,15.8171,33.5078,16.6038,0.6960,15.9078,-0.0196,14051.0180,NA,NA,NA
chrome.exe,24952,0x2F262AA7E40,DXGI,0,0,0,Hardware Composed: Independent Flip,1080990466730,NA,16.76540000000000,16.68940000000000,15.94590000000000,49.15800000000000,65.5303,1080990457247,16.8942,0.9483,15.9459,33.4135,16.6928,0.5829,16.1099,0.0087,14067.7161,NA,NA,NA
chrome.exe,24952,0x2F262AA7E40,DXGI,0,0,0,Hardware Composed: Independent Flip,1080990639525,NA,17.27950000000000,16.65260000000000,15.08730000000000,48.60140000000001,64.9034,1080990626189,16.4209,1.3336,15.0873,33.2121,16.7229,0.5430,16.1799,0.2416,14084.6103,NA,NA,NA
chrome.exe,24952,0x2F262AA7E40,DXGI,0,0,0,Hardware Composed: Independent Flip,1080990800516,NA,16.09910000000000,16.66990000000000,15.63040000000000,49.11240000000000,65.4742,1080990790398,16.6422,1.0118,15.6304,33.5141,16.6101,0.5413,16.0688,-0.2490,14101.0312,NA,NA,NA
chrome.exe,24952,0x2F262AA7E40,DXGI,0,0,0,Hardware Composed: Independent Flip,1080990965959,NA,16.54430000000000,16.66230000000000,15.82050000000000,49.25460000000000,65.5922,1080990956820,16.7344,0.9139,15.8205,33.4820,16.6865,0.5458,16.1407,-0.0201,14117.6734,NA,NA,NA
chrome.exe,24952,0x2F262AA7E40,DXGI,0,0,0,Hardware Composed: Independent Flip,1080991136260,NA,17.03010000000000,16.66090000000000,15.41110000000000,48.88270000000000,65.2230,1080991124164,16.6207,1.2096,15.4111,33.4341,16.6582,0.6660,15.9922,0.0735,14134.4078,NA,NA,NA
chrome.exe,24952,0x2F262AA7E40,DXGI,0,0,0,Hardware Composed: Independent Flip,1080991299747,NA,16.34870000000000,16.67350000000000,15.75680000000000,49.20550000000000,65.5478,1080991290371,16.6944,0.9376,15.7568,33.4716,16.6715,0.6743,15.9972,-0.0528,14151.0285,NA,NA,NA
chrome.exe,24952,0x2F262AA7E40,DXGI,0,0,0,Hardware Composed: Independent Flip,1080991469449,NA,16.97020000000000,16.66050000000000,15.45720000000000,48.89320000000000,65.2381,1080991457315,16.6706,1.2134,15.4572,33.4487,16.6579,0.6745,15.9834,0.0339,14167.7229,NA,NA,NA
chrome.exe,24952,0x2F262AA7E40,DXGI,0,0,0,Hardware Composed: Independent Flip,1080991635594,NA,16.61450000000000,16.67180000000000,15.50220000000000,48.92320000000000,65.2954,1080991624021,16.6595,1.1573,15.5022,33.4360,16.6445,0.8584,15.7861,-0.0012,14184.3935,NA,NA,NA
chrome.exe,24952,0x2F262AA7E40,DXGI,0,0,0,Hardware Composed: Independent Flip,1080991802776,NA,16.71820000000000,16.66340000000000,15.47160000000000,48.93220000000000,65.2406,1080991790616,16.6876,1.2160,15.4716,33.4210,16.7272,0.8770,15.8502,-0.0039,14201.0530,NA,NA,NA
chrome.exe,24952,0x2F262AA7E40,DXGI,0,0,0,Hardware Composed: Independent Flip,1080991969745,NA,16.69690000000000,16.66480000000000,15.42180000000000,48.88140000000000,65.2085,1080991957492,16.6471,1.2253,15.4218,33.4606,16.6461,0.8926,15.7535,0.0228,14217.7406,NA,NA,NA
chrome.exe,24952,0x2F262AA7E40,DXGI,0,0,0,Hardware Composed: Independent Flip,1080992136496,NA,16.67510000000000,16.67310000000000,15.42040000000000,48.88860000000000,65.2065,1080992123963,16.6737,1.2533,15.4204,33.4596,16.6823,0.6987,15.9836,-0.0260,14234.3877,NA,NA,NA
chrome.exe,24952,0x2F262AA7E40,DXGI,0,0,0,Hardware Composed: Independent Flip,1080992302029,NA,16.55330000000000,16.65710000000000,15.50870000000000,48.99050000000000,65.3103,1080992290700,16.6416,1.1329,15.5087,33.4682,16.6552,0.7087,15.9465,0.0166,14251.0614,NA,NA,NA
chrome.exe,24952,0x2F262AA7E40,DXGI,0,0,0,Hardware Composed: Independent Flip,1080992468533,NA,16.65040000000000,16.65930000000000,15.56910000000000,48.97800000000000,65.3192,1080992457116,16.7108,1.1417,15.5691,33.4818,16.6379,0.6358,16.0021,-0.0177,14267.7030,NA,NA,NA
chrome.exe,24952,0x2F262AA7E40,DXGI,0,0,0,Hardware Composed: Independent Flip,1080992636937,NA,16.84040000000000,16.67440000000000,15.35570000000000,48.77710000000000,65.1532,1080992624224,16.6270,1.2713,15.3557,33.4089,16.6395,0.4832,16.1563,0.0364,14284.4138,NA,NA,NA
chrome.exe,24952,0x2F262AA7E40,DXGI,0,0,0,Hardware Composed: Independent Flip,1080992800167,NA,16.32300000000000,16.66010000000000,15.67660000000000,49.15890000000000,65.4903,1080992790494,16.6439,0.9673,15.6766,33.4214,16.7048,0.6358,16.0690,-0.0331,14301.0408,NA,NA,NA
chrome.exe,24952,0x2F262AA7E40,DXGI,0,0,0,Hardware Composed: Independent Flip,1080992964852,NA,16.46850000000000,16.67290000000000,15.86810000000000,49.32760000000000,65.6947,1080992956933,16.6600,0.7919,15.8681,33.4823,16.6372,0.5236,16.1136,-0.0290,14317.6847,NA,NA,NA
chrome.exe,24952,0x2F262AA7E40,DXGI,0,0,0,Hardware Composed: Independent Flip,1080993135329,NA,17.04770000000000,16.66500000000000,15.49510000000000,48.96970000000000,65.3120,1080993123533,16.6747,1.1796,15.4951,33.4595,16.6898,0.8496,15.8402,-0.0050,14334.3447,NA,NA,NA
chrome.exe,24952,0x2F262AA7E40,DXGI,0,0,0,Hardware Composed: Independent Flip,1080993299902,NA,16.45730000000000,16.66400000000000,15.69400000000000,49.15770000000001,65.5187,1080993290280,16.6562,0.9622,15.6940,33.4746,16.6453,0.5280,16.1173,0.0107,14351.0194,NA,NA,NA
chrome.exe,24952,0x2F262AA7E40,DXGI,0,0,0,Hardware Composed: Independent Flip,1080993468621,NA,16.87190000000000,16.66510000000000,15.52080000000000,48.94160000000000,65.3119,1080993456842,16.6987,1.1779,15.5208,33.4637,16.6558,0.4957,16.1601,-0.0089,14367.6756,NA,NA,NA
chrome.exe,24952,0x2F262AA7E40,DXGI,0,0,0,Hardware Composed: Independent Flip,1080993635230,NA,16.66090000000000,16.67770000000000,15.49950000000000,48.95390000000000,65.3287,1080993623829,16.6396,1.1401,15.4995,33.4208,16.6732,0.6066,16.0666,0.0210,14384.3743,NA,NA,NA
chrome.exe,24952,0x2F262AA7E40,DXGI,0,0,0,Hardware Composed: Independent Flip,1080993798184,NA,16.29540000000000,16.67080000000000,15.89250000000000,49.36330000000000,65.7041,1080993790225,16.6884,0.7959,15.8925,33.4544,16.7048,0.6733,16.0315,-0.0312,14401.0139,NA,NA,NA
chrome.exe,24952,0x2F262AA7E40,DXGI,0,0,0,Hardware Composed: Independent Flip,1080993968439,NA,17.02550000000000,16.65280000000000,15.54170000000000,49.03190000000000,65.3314,1080993957109,16.6747,1.1330,15.5417,33.4708,16.6941,0.5293,16.1648,0.0356,14417.7023,NA,NA,NA
chrome.exe,24952,0x2F262AA7E40,DXGI,0,0,0,Hardware Composed: Independent Flip,1080994135279,NA,16.68400000000000,16.66870000000000,15.50560000000000,48.95950000000001,65.3161,1080994123856,16.6479,1.1423,15.5056,33.4902,16.6116,0.5390,16.0726,0.0060,14434.3770,NA,NA,NA
chrome.exe,24952,0x2F262AA7E40,DXGI,0,0,0,Hardware Composed: Independent Flip,1080994301279,NA,16.60000000000000,16.66920000000000,15.59310000000000,49.03730000000000,65.3853,1080994290335,16.6875,1.0944,15.5931,33.4539,16.6778,0.7815,15.8963,-0.0213,14451.0249,NA,NA,NA
chrome.exe,24952,0x2F262AA7E40,DXGI,0,0,0,Hardware Composed: Independent Flip,1080994466755,NA,16.54760000000000,16.69530000000000,15.68410000000000,49.11910000000000,65.5330,1080994457210,16.6386,0.9545,15.6841,33.4442,16.6294,0.8340,15.7954,-0.0078,14467.7124,NA,NA,NA
chrome.exe,24952,0x2F262AA7E40,DXGI,0,0,0,Hardware Composed: Independent Flip,1080994635580,NA,16.88250000000000,16.67990000000000,15.47350000000000,48.97070000000000,65.3304,1080994623596,16.6719,1.1984,15.4735,33.4350,16.7341,0.4750,16.2591,-0.0413,14484.3510,NA,NA,NA
chrome.exe,24952,0x2F262AA7E40,DXGI,0,0,0,Hardware Composed: Independent Flip,1080994802289,NA,16.67090000000000,16.62410000000000,15.46320000000000,49.04910000000000,65.2836,1080994790315,16.6606,1.1974,15.4632,33.4972,16.7493,0.5644,16.1849,0.0478,14501.0229,NA,NA,NA
chrome.exe,24952,0x2F262AA7E40,DXGI,0,0,0,Hardware Composed: Independent Flip,1080994965543,NA,16.32540000000000,16.66230000000000,15.84510000000000,49.27020000000000,65.6205,1080994956921,16.7073,0.8622,15.8451,33.5859,16.5465,0.4890,16.0575,-0.0017,14517.6835,NA,NA,NA
chrome.exe,24952,0x2F262AA7E40,DXGI,0,0,0,Hardware Composed: Independent Flip,1080995132626,NA,16.70830000000000,16.68870000000000,15.81900000000000,49.21170000000000,65.6009,1080995123994,16.6822,0.8632,15.8190,33.4251,16.6498,0.5347,16.1151,0.0186,14534.3908,NA,NA,NA
chrome.exe,24952,0x2F262AA7E40,DXGI,0,0,0,Hardware Composed: Independent Flip,1080995300261,NA,16.76350000000000,16.65220000000000,15.67150000000000,49.14260000000000,65.4896,1080995290816,16.6160,0.9445,15.6715,33.3927,16.6944,0.4771,16.2173,0.0300,14551.0730,NA,NA,NA
chrome.exe,24952,0x2F262AA7E40,DXGI,0,0,0,Hardware Composed: Independent Flip,1080995467687,NA,16.74260000000000,16.66090000000000,15.58520000000000,49.05770000000000,65.4079,1080995456976,16.6563,1.0711,15.5852,33.4711,16.6577,0.4975,16.1602,-0.0449,14567.6890,NA,NA,NA
chrome.exe,24952,0x2F262AA7E40,DXGI,0,0,0,Hardware Composed: Independent Flip,1080995631254,NA,16.35670000000000,16.66440000000000,15.92340000000000,49.37530000000000,65.7156,1080995623539,16.6949,0.7715,15.9234,33.4725,16.6743,0.5427,16.1316,-0.0081,14584.3453,NA,NA,NA
chrome.exe,24952,0x2F262AA7E40,DXGI,0,0,0,Hardware Composed: Independent Flip,1080995798267,NA,16.70130000000000,16.67610000000000,15.86370000000000,49.30790000000000,65.6904,1080995790488,16.6416,0.7779,15.8637,33.4519,16.6339,0.6438,15.9901,0.0188,14601.0402,NA,NA,NA
chrome.exe,24952,0x2F262AA7E40,DXGI,0,0,0,Hardware Composed: Independent Flip,1080995966373,NA,16.81060000000000,16.68940000000000,15.71880000000000,49.20490000000000,65.5692,1080995956904,16.6657,0.9469,15.7188,33.4442,16.7076,0.7778,15.9298,-0.0478,14617.6818,NA,NA,NA
chrome.exe,24952,0x2F262AA7E40,DXGI,0,0,0,Hardware Composed: Independent Flip,1080996132391,NA,16.60180000000000,16.67830000000000,15.78160000000000,49.35430000000000,65.6457,1080996123561,16.6646,0.8830,15.7816,33.4861,16.7512,0.6092,16.1420,-0.0126,14634.3475,NA,NA,NA
chrome.exe,24952,0x2F262AA7E40,DXGI,0,0,0,Hardware Composed: Independent Flip,1080996300020,NA,16.76290000000000,16.63720000000000,15.74700000000000,49.26580000000001,65.5200,1080996290207,16.7283,0.9813,15.7470,33.5727,16.6744,0.6469,16.0275,0.0274,14651.0121,NA,NA,NA
chrome.exe,24952,0x2F262AA7E40,DXGI,0,0,0,Hardware Composed: Independent Flip,1080996470469,NA,17.04490000000000,16.67110000000000,15.36210000000000,48.79120000000000,65.1462,1080996457490,16.6600,1.2979,15.3621,33.5188,16.5703,0.7507,15.8196,0.0572,14667.7404,NA,NA,NA
chrome.exe,24952,0x2F262AA7E40,DXGI,0,0,0,Hardware Composed: Independent Flip,1080996636721,NA,16.62520000000000,16.66270000000000,15.52420000000000,48.87190000000000,65.1837,1080996624090,16.7873,1.2631,15.5242,33.4291,16.7059,0.5448,16.1611,-0.0027,14684.4004,NA,NA,NA
chrome.exe,24952,0x2F262AA7E40,DXGI,0,0,0,Hardware Composed: Independent Flip,1080996806926,NA,17.02050000000000,16.67320000000000,15.01440000000000,48.48780000000000,64.8364,1080996791963,16.5107,1.4963,15.0144,33.3477,16.6364,0.5058,16.1306,0.1141,14701.1877,NA,NA,NA
chrome.exe,24952,0x2F262AA7E40,DXGI,0,0,0,Hardware Composed: Independent Flip,1080996965705,NA,15.87790000000000,16.65340000000000,15.80140000000000,49.28590000000001,65.6119,1080996957070,16.6649,0.8635,15.8014,33.4734,16.6760,0.5810,16.0950,-0.1427,14717.6984,NA,NA,NA
chrome.exe,24952,0x2F262AA7E40,DXGI,0,0,0,Hardware Composed: Independent Flip,1080997132611,NA,16.69060000000000,16.67060000000000,15.79810000000000,49.25890000000000,65.5919,1080997123719,16.6873,0.8892,15.7981,33.4845,16.6636,0.6089,16.0547,-0.0057,14734.3633,NA,NA,NA
chrome.exe,24952,0x2F262AA7E40,DXGI,0,0,0,Hardware Composed: Independent Flip,1080997302180,NA,16.95690000000000,16.66300000000000,15.51000000000000,48.95560000000000,65.2980,1080997290592,16.6688,1.1588,15.5100,33.4608,16.6536,0.4902,16.1634,0.0243,14751.0506,NA,NA,NA
chrome.exe,24952,0x2F262AA7E40,DXGI,0,0,0,Hardware Composed: Independent Flip,1080997466153,NA,16.39730000000000,16.65970000000000,15.76640000000000,49.21650000000000,65.5604,1080997457280,16.6537,0.8873,15.7664,33.4456,16.6582,0.7188,15.9394,0.0091,14767.7194,NA,NA,NA
chrome.exe,24952,0x2F262AA7E40,DXGI,0,0,0,Hardware Composed: Independent Flip,1080997631879,NA,16.57260000000000,16.66280000000000,15.84410000000000,49.30010000000000,65.6506,1080997623817,16.6503,0.8062,15.8441,33.4501,16.6562,0.4726,16.1836,-0.0091,14784.3731,NA,NA,NA
chrome.exe,24952,0x2F262AA7E40,DXGI,0,0,0,Hardware Composed: Independent Flip,1080997800030,NA,16.81510000000000,16.71550000000000,15.70200000000000,49.14810000000000,65.5510,1080997790320,16.6730,0.9710,15.7020,33.4560,16.6631,0.4805,16.1826,-0.0652,14801.0234,NA,NA,NA
chrome.exe,24952,0x2F262AA7E40,DXGI,0,0,0,Hardware Composed: Independent Flip,1080997963488,NA,16.34580000000000,16.62780000000000,16.00700000000000,49.55860000000001,65.8330,1080997957050,16.6508,0.6438,16.0070,33.4461,16.7563,0.7934,15.9629,0.0452,14817.6964,NA,NA,NA
chrome.exe,24952,0x2F262AA7E40,DXGI,0,0,0,Hardware Composed: Independent Flip,1080998132037,NA,16.85490000000000,16.65840000000000,15.83730000000000,49.27940000000000,65.6365,1080998123558,16.6852,0.8479,15.8373,33.5516,16.5757,0.6934,15.8823,-0.0076,14834.3472,NA,NA,NA
chrome.exe,24952,0x2F262AA7E40,DXGI,0,0,0,Hardware Composed: Independent Flip,1080998302966,NA,17.09290000000000,16.65940000000000,15.49860000000000,48.86800000000000,65.2030,1080998290410,16.7542,1.2556,15.4986,33.4421,16.6815,0.6716,16.0099,0.0258,14851.0324,NA,NA,NA
chrome.exe,24952,0x2F262AA7E40,DXGI,0,0,0,Hardware Composed: Independent Flip,1080998472808,NA,16.98420000000000,16.66370000000000,15.09550000000000,48.50050000000000,64.8825,1080998457952,16.5811,1.4856,15.0955,33.3694,16.6167,0.5889,16.0278,0.0905,14867.7866,NA,NA,NA
chrome.exe,24952,0x2F262AA7E40,DXGI,0,0,0,Hardware Composed: Independent Flip,1080998635174,NA,16.23660000000000,16.68220000000000,15.53120000000000,48.95300000000000,65.3281,1080998623763,16.6723,1.1411,15.5312,33.4050,16.6891,0.4681,16.2210,-0.1011,14884.3677,NA,NA,NA
chrome.exe,24952,0x2F262AA7E40,DXGI,0,0,0,Hardware Composed: Independent Flip,1080998800167,NA,16.49930000000000,16.66400000000000,15.65300000000000,49.14600000000000,65.4928,1080998790486,16.6211,0.9681,15.6530,33.4218,16.6923,0.8223,15.8700,0.0083,14901.0400,NA,NA,NA
chrome.exe,24952,0x2F262AA7E40,DXGI,0,0,0,Hardware Composed: Independent Flip,1080998964510,NA,16.43430000000000,16.65580000000000,15.89360000000000,49.35460000000000,65.7143,1080998956697,16.6749,0.7813,15.8936,33.4930,16.6429,0.4979,16.1450,-0.0347,14917.6611,NA,NA,NA
chrome.exe,24952,0x2F262AA7E40,DXGI,0,0,0,Hardware Composed: Independent Flip,1080999136660,NA,17.21500000000000,16.72570000000000,15.37210000000000,48.81050000000000,65.2250,1080999123446,16.6935,1.3214,15.3721,33.4610,16.6709,0.6357,16.0352,-0.0508,14934.3360,NA,NA,NA
chrome.exe,24952,0x2F262AA7E40,DXGI,0,0,0,Hardware Composed: Independent Flip,1080999299967,NA,16.33070000000000,16.64480000000000,15.71380000000000,49.26760000000000,65.5391,1080999290381,16.6724,0.9586,15.7138,33.4384,16.7878,0.5900,16.1978,0.0487,14951.0295,NA,NA,NA
chrome.exe,24952,0x2F262AA7E40,DXGI,0,0,0,Hardware Composed: Independent Flip,1080999469704,NA,16.97370000000000,16.63220000000000,15.37830000000000,48.90680000000000,65.1976,1080999457105,16.6382,1.2599,15.3783,33.5538,16.6129,0.5522,16.0607,0.0402,14967.7019,NA,NA,NA
chrome.exe,24952,0x2F262AA7E40,DXGI,0,0,0,Hardware Composed: Independent Flip,1080999633365,NA,16.36610000000000,16.66360000000000,15.76920000000000,49.11280000000000,65.4951,1080999623487,16.7570,0.9878,15.7692,33.5285,16.5721,0.5121,16.0600,-0.0254,14984.3401,NA,NA,NA
chrome.exe,24952,0x2F262AA7E40,DXGI,0,0,0,Hardware Composed: Independent Flip,1080999800702,NA,16.73370000000000,16.67530000000000,15.64580000000000,49.05050000000000,65.4367,1080999791057,16.6103,0.9645,15.6458,33.3436,16.6714,0.5533,16.1181,0.0817,15001.0971,NA,NA,NA
chrome.exe,24952,0x2F262AA7E40,DXGI,0,0,0,Hardware Composed: Independent Flip,1080999966096,NA,16.53940000000000,16.69740000000000,15.72670000000000,49.22340000000001,65.5947,1080999957160,16.6203,0.8936,15.7267,33.4047,16.7123,0.4793,16.2330,-0.0871,15017.7074,NA,NA,NA
chrome.exe,24952,0x2F262AA7E40,DXGI,0,0,0,Hardware Composed: Independent Flip,1081000131588,NA,16.54920000000000,16.68600000000000,15.83880000000000,49.40290000000000,65.7315,1081000123363,16.6613,0.8225,15.8388,33.4967,16.7287,0.5530,16.1757,-0.0657,15034.3277,NA,NA,NA
chrome.exe,24952,0x2F262AA7E40,DXGI,0,0,0,Hardware Composed: Independent Flip,1081000297336,NA,16.57480000000000,16.67440000000000,15.96230000000000,49.50860000000000,65.8311,1081000289976,16.6983,0.7360,15.9623,33.5641,16.6805,0.5514,16.1291,-0.0131,15050.9890,NA,NA,NA
chrome.exe,24952,0x2F262AA7E40,DXGI,0,0,0,Hardware Composed: Independent Flip,1081000466836,NA,16.95000000000000,16.63090000000000,15.73880000000000,49.25870000000000,65.5120,1081000456959,16.7265,0.9877,15.7388,33.5463,16.7001,0.5834,16.1167,0.0674,15067.6873,NA,NA,NA
chrome.exe,24952,0x2F262AA7E40,DXGI,0,0,0,Hardware Composed: Independent Flip,1081000634870,NA,16.80340000000000,16.64570000000000,15.89840000000000,49.05700000000000,65.3543,1081000624224,16.9630,1.0646,15.8984,33.5199,16.6017,0.6771,15.9246,0.0808,15084.4138,NA,NA,NA
chrome.exe,24952,0x2F262AA7E40,DXGI,0,0,0,Hardware Composed: Independent Flip,1081000813371,NA,17.85010000000000,16.66750000000000,14.47990000000000,47.81390000000000,64.1717,1081000793854,16.4316,1.9517,14.4799,33.1586,16.6070,0.7987,15.8083,0.2955,15101.3768,NA,NA,NA
chrome.exe,24952,0x2F262AA7E40,DXGI,0,0,0,Hardware Composed: Independent Flip,1081000973081,NA,15.97100000000000,16.67990000000000,15.12810000000000,48.53190000000000,64.8806,1081000958170,16.6192,1.4911,15.1281,33.3340,16.6890,0.6878,16.0012,-0.2483,15117.8084,NA,NA,NA
chrome.exe,24952,0x2F262AA7E40,DXGI,0,0,0,Hardware Composed: Independent Flip,1081001136375,NA,16.32940000000000,16.66020000000000,15.39730000000000,48.88940000000000,65.2114,1081001124362,16.5986,1.2013,15.3973,33.4038,16.6869,0.6855,16.0014,-0.0410,15134.4276,NA,NA,NA
chrome.exe,24952,0x2F262AA7E40,DXGI,0,0,0,Hardware Composed: Independent Flip,1081001301653,NA,16.52780000000000,16.72950000000000,15.54810000000000,49.00380000000001,65.4131,1081001290348,16.6786,1.1305,15.5481,33.4921,16.6422,0.7364,15.9058,-0.1309,15151.0262,NA,NA,NA
chrome.exe,24952,0x2F262AA7E40,DXGI,0,0,0,Hardware Composed: Independent Flip,1081001469940,NA,16.82870000000000,16.65130000000000,15.39480000000000,48.95840000000000,65.2357,1081001457134,16.6754,1.2806,15.3948,33.4557,16.7833,0.8943,15.8890,0.0273,15167.7048,NA,NA,NA
chrome.exe,24952,0x2F262AA7E40,DXGI,0,0,0,Hardware Composed: Independent Flip,1081001636927,NA,16.69870000000000,16.64530000000000,15.36400000000000,48.90810000000000,65.1823,1081001623888,16.6679,1.3039,15.3640,33.5636,16.6484,0.5945,16.0539,0.0301,15184.3802,NA,NA,NA
chrome.exe,24952,0x2F262AA7E40,DXGI,0,0,0,Hardware Composed: Independent Flip,1081001803320,NA,16.63930000000000,16.65770000000000,15.46120000000000,48.88750000000000,65.2007,1081001790567,16.7365,1.2753,15.4612,33.5441,16.6187,0.5666,16.0521,0.0102,15201.0481,NA,NA,NA
chrome.exe,24952,0x2F262AA7E40,DXGI,0,0,0,Hardware Composed: Independent Flip,1081001971112,NA,16.77920000000000,16.63600000000000,15.58110000000000,48.75500000000000,65.0575,1081001957932,16.8991,1.3180,15.5811,33.4263,16.6467,0.7495,15.8972,0.1005,15217.7846,NA,NA,NA
chrome.exe,24952,0x2F262AA7E40,DXGI,0,0,0,Hardware Composed: Independent Flip,1081002142791,NA,17.16790000000000,16.67690000000000,14.81870000000000,48.21380000000000,64.5665,1081002126923,16.4055,1.5868,14.8187,33.1739,16.6267,0.6777,15.9490,0.2222,15234.6837,NA,NA,NA
chrome.exe,24952,0x2F262AA7E40,DXGI,0,0,0,Hardware Composed: Independent Flip,1081002305507,NA,16.27160000000000,16.66680000000000,15.20910000000000,48.60810000000000,64.9617,1081002290978,16.6620,1.4529,15.2091,33.3951,16.6659,0.7696,15.8963,-0.2613,15251.0892,NA,NA,NA
chrome.exe,24952,0x2F262AA7E40,DXGI,0,0,0,Hardware Composed: Independent Flip,1081002470443,NA,16.49360000000000,16.66300000000000,15.30970000000000,48.79800000000000,65.1311,1081002457598,16.5942,1.2845,15.3097,33.3990,16.6835,0.8009,15.8826,-0.0010,15267.7512,NA,NA,NA
chrome.exe,24952,0x2F262AA7E40,DXGI,0,0,0,Hardware Composed: Independent Flip,1081002635808,NA,16.53650000000000,16.69550000000000,15.48290000000000,48.90250000000000,65.2901,1081002623540,16.7097,1.2268,15.4829,33.4883,16.6410,0.8326,15.8084,-0.1013,15284.3454,NA,NA,NA
chrome.exe,24952,0x2F262AA7E40,DXGI,0,0,0,Hardware Composed: Independent Flip,1081002802403,NA,16.65950000000000,16.63580000000000,15.48890000000000,48.96060000000000,65.2664,1081002790637,16.6655,1.1766,15.4889,33.4196,16.7176,0.5205,16.1971,0.0739,15301.0551,NA,NA,NA
chrome.exe,24952,0x2F262AA7E40,DXGI,0,0,0,Hardware Composed: Independent Flip,1081002970300,NA,16.78970000000000,16.72410000000000,15.35530000000000,48.79270000000000,65.2008,1081002957292,16.6561,1.3008,15.3553,33.4717,16.6218,0.5593,16.0625,-0.0586,15317.7206,NA,NA,NA
chrome.exe,24952,0x2F262AA7E40,DXGI,0,0,0,Hardware Composed: Independent Flip,1081003135355,NA,16.50550000000000,16.60940000000000,15.53390000000000,49.03730000000000,65.3047,1081003123853,16.6841,1.1502,15.5339,33.4374,16.7501,0.7072,16.0429,0.0467,15334.3767,NA,NA,NA
chrome.exe,24952,0x2F262AA7E40,DXGI,0,0,0,Hardware Composed: Independent Flip,1081003303983,NA,16.86280000000000,16.65510000000000,15.30370000000000,48.76970000000000,65.0970,1081003290694,16.6326,1.3289,15.3037,33.5034,16.5952,0.8554,15.7398,0.0290,15351.0608,NA,NA,NA
chrome.exe,24952,0x2F262AA7E40,DXGI,0,0,0,Hardware Composed: Independent Flip,1081003470048,NA,16.60650000000000,16.67620000000000,15.45040000000000,48.76570000000000,65.1667,1081003457020,16.7532,1.3028,15.4504,33.4660,16.6025,0.4669,16.1356,-0.0436,15367.6934,NA,NA,NA
chrome.exe,24952,0x2F262AA7E40,DXGI,0,0,0,Hardware Composed: Independent Flip,1081003637471,NA,16.74230000000000,16.67430000000000,15.29300000000000,48.74670000000000,65.0987,1081003624552,16.5849,1.2919,15.2930,33.3153,16.7233,0.5283,16.1950,0.0789,15384.4466,NA,NA,NA
chrome.exe,24952,0x2F262AA7E40,DXGI,0,0,0,Hardware Composed: Independent Flip,1081003798663,NA,16.11920000000000,16.66850000000000,15.83220000000000,49.28160000000000,65.6480,1081003790401,16.6584,0.8262,15.8322,33.4537,16.6541,0.7455,15.9086,-0.0836,15401.0315,NA,NA,NA
chrome.exe,24952,0x2F262AA7E40,DXGI,0,0,0,Hardware Composed: Independent Flip,1081003968403,NA,16.97400000000000,16.66430000000000,15.53530000000000,49.02210000000000,65.3383,1081003956985,16.6771,1.1418,15.5353,33.4494,16.7145,0.5532,16.1613,-0.0059,15417.6899,NA,NA,NA
chrome.exe,24952,0x2F262AA7E40,DXGI,0,0,0,Hardware Composed: Independent Flip,1081004135754,NA,16.73510000000000,16.66350000000000,15.47910000000000,48.91610000000000,65.2667,1081004123756,16.6789,1.1998,15.4791,33.4868,16.6291,0.7827,15.8464,0.0136,15434.3670,NA,NA,NA
chrome.exe,24952,0x2F262AA7E40,DXGI,0,0,0,Hardware Composed: Independent Flip,1081004303048,NA,16.72940000000000,16.66620000000000,15.43090000000000,48.84940000000000,65.2035,1081004290545,16.6812,1.2503,15.4309,33.4370,16.6627,0.8062,15.8565,0.0127,15451.0459,NA,NA,NA
chrome.exe,24952,0x2F262AA7E40,DXGI,0,0,0,Hardware Composed: Independent Flip,1081004470258,NA,16.72100000000000,16.69920000000000,15.34630000000000,48.80340000000000,65.1817,1081004457357,16.6364,1.2901,15.3463,33.4185,16.6750,0.6374,16.0376,-0.0180,15467.7271,NA,NA,NA
chrome.exe,24952,0x2F262AA7E40,DXGI,0,0,0,Hardware Composed: Independent Flip,1081004638479,NA,16.82210000000000,16.65150000000000,15.19640000000000,48.72910000000000,65.0111,1081004623721,16.6722,1.4758,15.1964,33.4571,16.7478,0.6953,16.0525,-0.0151,15484.3635,NA,NA,NA
chrome.exe,24952,0x2F262AA7E40,DXGI,0,0,0,Hardware Composed: Independent Flip,1081004801463,NA,16.29840000000000,16.64480000000000,15.56270000000000,49.04280000000000,65.3575,1081004790443,16.6647,1.1020,15.5627,33.5327,16.6121,0.5370,16.0751,0.0274,15501.0357,NA,NA,NA
chrome.exe,24952,0x2F262AA7E40,DXGI,0,0,0,Hardware Composed: Independent Flip,1081004968845,NA,16.73820000000000,16.66790000000000,15.77590000000000,48.93210000000001,65.2872,1081004957090,16.9514,1.1755,15.7759,33.4801,16.6275,0.6383,15.9892,-0.0032,15517.7004,NA,NA,NA
chrome.exe,24952,0x2F262AA7E40,DXGI,0,0,0,Hardware Composed: Independent Flip,1081005141614,NA,17.27690000000000,16.70560000000000,14.90610000000000,48.30890000000000,64.7159,1081005126604,16.4071,1.5010,14.9061,33.1562,16.6537,0.6570,15.9967,0.2458,15534.6518,NA,NA,NA
chrome.exe,24952,0x2F262AA7E40,DXGI,0,0,0,Hardware Composed: Independent Flip,1081005304142,NA,16.25280000000000,16.66030000000000,15.31210000000000,48.94980000000000,65.1234,1081005290675,16.6588,1.3467,15.3121,33.4028,16.8937,0.7241,16.1696,-0.2532,15551.0589,NA,NA,NA
chrome.exe,24952,0x2F262AA7E40,DXGI,0,0,0,Hardware Composed: Independent Flip,1081005469371,NA,16.52290000000000,16.63790000000000,15.43290000000000,48.93910000000000,65.2384,1081005457263,16.6437,1.2108,15.4329,33.6377,16.5122,0.7564,15.7558,0.0209,15567.7177,NA,NA,NA
chrome.exe,24952,0x2F262AA7E40,DXGI,0,0,0,Hardware Composed: Independent Flip,1081005636294,NA,16.69230000000000,16.67250000000000,15.52280000000000,49.07280000000000,65.2186,1081005623700,16.7822,1.2594,15.5228,33.5062,16.8260,0.7277,16.0983,-0.0288,15584.3614,NA,NA,NA
chrome.exe,24952,0x2F262AA7E40,DXGI,0,0,0,Hardware Composed: Independent Flip,1081005806503,NA,17.02090000000000,16.67460000000000,15.07540000000000,48.75490000000000,64.8723,1081005791522,16.5735,1.4981,15.0754,33.5500,16.7030,0.9505,15.7525,0.1076,15601.1436,NA,NA,NA
chrome.exe,24952,0x2F262AA7E40,DXGI,0,0,0,Hardware Composed: Independent Flip,1081005995920,NA,18.94170000000000,16.65180000000000,12.97680000000000,46.48690000000001,62.5824,1081005957257,16.8431,3.8663,12.9768,33.6795,16.6737,1.1509,15.5228,-0.0783,15617.7171,NA,NA,NA
chrome.exe,24952,0x2F262AA7E40,DXGI,0,0,0,Hardware Composed: Independent Flip,1081006146510,NA,15.05900000000000,16.68250000000000,14.59800000000000,48.07070000000000,64.2059,1081006125688,16.6802,2.0822,14.5980,33.5101,16.6428,1.2224,15.4204,0.1606,15634.5602,NA,NA,NA
chrome.exe,24952,0x2F262AA7E40,DXGI,0,0,0,Hardware Composed: Independent Flip,1081006304677,NA,15.81670000000000,16.68490000000000,15.45410000000000,48.97550000000000,65.0741,1081006292490,16.6728,1.2187,15.4541,33.4727,16.7215,1.2933,15.4282,-0.0047,15651.2404,NA,NA,NA
chrome.exe,24952,0x2F262AA7E40,DXGI,0,0,0,Hardware Composed: Independent Flip,1081006470789,NA,16.61120000000000,16.68450000000000,15.47940000000000,49.35810000000000,65.1474,1081006459218,16.6365,1.1571,15.4794,33.5214,16.9938,1.6305,15.3633,-0.0117,15667.9132,NA,NA,NA
chrome.exe,24952,0x2F262AA7E40,DXGI,0,0,0,Hardware Composed: Independent Flip,1081006634331,NA,16.35420000000000,16.68190000000000,15.81550000000000,49.40620000000001,65.4751,1081006625583,16.6903,0.8748,15.8155,33.8787,16.4023,2.2857,14.1166,-0.0454,15684.5497,NA,NA,NA
chrome.exe,24952,0x2F262AA7E40,DXGI,0,0,0,Hardware Composed: Independent Flip,1081006804746,NA,17.04150000000000,16.70030000000000,15.80860000000000,49.09500000000000,65.1339,1081006792486,17.0346,1.2260,15.8086,33.5907,16.7303,1.3119,15.4184,-0.0100,15701.2400,NA,NA,NA
chrome.exe,24952,0x2F262AA7E40,DXGI,0,0,0,Hardware Composed: Independent Flip,1081006978985,NA,17.42390000000000,16.61240000000000,14.79350000000000,48.47530000000000,64.3224,1081006962832,16.4088,1.6153,14.7935,33.2864,16.8042,1.4425,15.3617,0.4222,15718.2746,NA,NA,NA
chrome.exe,24952,0x2F262AA7E40,DXGI,0,0,0,Hardware Composed: Independent Flip,1081007141379,NA,16.23940000000000,16.73930000000000,15.24890000000000,48.67080000000000,64.8223,1081007126920,16.6948,1.4459,15.2489,33.6818,16.4349,1.0093,15.4256,-0.3305,15734.6834,NA,NA,NA
chrome.exe,24952,0x2F262AA7E40,DXGI,0,0,0,Hardware Composed: Independent Flip,1081007308613,NA,16.72340000000000,16.59410000000000,15.56010000000000,48.90940000000001,64.6930,1081007293868,17.0346,1.4745,15.5601,33.4219,16.9620,1.3575,15.6045,0.1007,15751.3782,NA,NA,NA
chrome.exe,24952,0x2F262AA7E40,DXGI,0,0,0,Hardware Composed: Independent Flip,1081007480039,NA,17.14260000000000,16.61900000000000,14.67380000000000,48.14670000000000,64.1694,1081007464214,16.2563,1.5825,14.6738,33.3493,16.3799,1.0418,15.3381,0.4156,15768.4128,NA,NA,NA
chrome.exe,24952,0x2F262AA7E40,DXGI,0,0,0,Hardware Composed: Independent Flip,1081007641786,NA,16.17470000000000,16.66840000000000,15.37780000000000,48.50220000000000,64.6631,1081007626777,16.8787,1.5009,15.3778,33.4729,16.5302,1.3569,15.1733,-0.4121,15784.6691,NA,NA,NA
chrome.exe,24952,0x2F262AA7E40,DXGI,0,0,0,Hardware Composed: Independent Flip,1081007818158,NA,17.63720000000000,16.66370000000000,14.23010000000000,47.53800000000000,63.6896,1081007795564,16.4895,2.2594,14.2301,33.1244,16.6730,1.0070,15.6660,0.2150,15801.5478,NA,NA,NA
chrome.exe,24952,0x2F262AA7E40,DXGI,0,0,0,Hardware Composed: Independent Flip,1081007975247,NA,15.70890000000000,16.67990000000000,15.05930000000000,48.47090000000000,64.6606,1081007960459,16.5381,1.4788,15.0593,33.3079,16.6418,0.9212,15.7206,-0.1904,15818.0373,NA,NA,NA
chrome.exe,24952,0x2F262AA7E40,DXGI,0,0,0,Hardware Composed: Independent Flip,1081008136739,NA,16.14920000000000,16.68180000000000,15.55690000000000,49.06290000000000,65.1932,1081008125840,16.6468,1.0899,15.5569,33.4116,16.7412,0.9620,15.7792,-0.1437,15834.5754,NA,NA,NA
chrome.exe,24952,0x2F262AA7E40,DXGI,0,0,0,Hardware Composed: Independent Flip,1081008300650,NA,16.39110000000000,16.64240000000000,15.82410000000000,49.37710000000001,65.4445,1081008292308,16.6583,0.8342,15.8241,33.5060,16.7053,1.9727,14.7326,0.0044,15851.2222,NA,NA,NA
chrome.exe,24952,0x2F262AA7E40,DXGI,0,0,0,Hardware Composed: Independent Flip,1081008470910,NA,17.02600000000000,16.67050000000000,15.50280000000000,48.94730000000001,65.0890,1081008458891,16.7047,1.2019,15.5028,33.5530,16.5962,0.9298,15.6664,-0.0122,15867.8805,NA,NA,NA
chrome.exe,24952,0x2F262AA7E40,DXGI,0,0,0,Hardware Composed: Independent Flip,1081008638790,NA,16.78800000000000,16.66970000000000,15.43390000000000,48.82730000000000,64.9707,1081008625938,16.7191,1.2852,15.4339,33.4445,16.6680,0.9685,15.6995,0.0350,15884.5852,NA,NA,NA
chrome.exe,24952,0x2F262AA7E40,DXGI,0,0,0,Hardware Composed: Independent Flip,1081008806221,NA,16.74310000000000,16.66520000000000,15.25890000000000,48.73920000000000,64.8928,1081008793129,16.5681,1.3092,15.2589,33.3934,16.6550,0.9333,15.7217,0.0539,15901.3043,NA,NA,NA
chrome.exe,24952,0x2F262AA7E40,DXGI,0,0,0,Hardware Composed: Independent Flip,1081008969988,NA,16.37670000000000,16.66070000000000,15.57040000000000,49.04580000000000,65.1768,1081008958810,16.6882,1.1178,15.5704,33.4803,16.6833,2.2976,14.3857,-0.0926,15917.8724,NA,NA,NA
chrome.exe,24952,0x2F262AA7E40,DXGI,0,0,0,Hardware Composed: Independent Flip,1081009137616,NA,16.76280000000000,16.67150000000000,15.51170000000000,48.92920000000000,65.0855,1081009125692,16.7041,1.1924,15.5117,33.4754,16.6462,1.8676,14.7786,0.0167,15934.5606,NA,NA,NA
chrome.exe,24952,0x2F262AA7E40,DXGI,0,0,0,Hardware Composed: Independent Flip,1081009304150,NA,16.65340000000000,16.66640000000000,15.50980000000000,48.96540000000000,65.0985,1081009292733,16.6515,1.1417,15.5098,33.4175,16.6896,0.9642,15.7254,0.0377,15951.2647,NA,NA,NA
chrome.exe,24952,0x2F262AA7E40,DXGI,0,0,0,Hardware Composed: Independent Flip,1081009471024,NA,16.68740000000000,16.66170000000000,15.49490000000000,48.93300000000000,65.0728,1081009459248,16.6725,1.1776,15.4949,33.4556,16.6550,0.9354,15.7196,-0.0102,15967.9162,NA,NA,NA
chrome.exe,24952,0x2F262AA7E40,DXGI,0,0,0,Hardware Composed: Independent Flip,1081009637202,NA,16.61780000000000,16.67360000000000,15.49510000000000,48.96050000000000,65.1286,1081009625973,16.6180,1.1229,15.4951,33.4381,16.6453,0.9357,15.7096,-0.0011,15984.5887,NA,NA,NA
chrome.exe,24952,0x2F262AA7E40,DXGI,0,0,0,Hardware Composed: Independent Flip,1081009800492,NA,16.32900000000000,16.66630000000000,15.86650000000000,49.35280000000000,65.4659,1081009792153,16.7004,0.8339,15.8665,33.4654,16.7213,2.4257,14.2956,-0.0483,16001.2067,NA,NA,NA
chrome.exe,24952,0x2F262AA7E40,DXGI,0,0,0,Hardware Composed: Independent Flip,1081009971406,NA,17.09140000000000,16.65790000000000,15.43500000000000,48.92440000000001,65.0324,1081009959157,16.6599,1.2249,15.4350,33.4863,16.6630,2.0833,14.5797,0.0425,16017.9071,NA,NA,NA
chrome.exe,24952,0x2F262AA7E40,DXGI,0,0,0,Hardware Composed: Independent Flip,1081010137856,NA,16.64500000000000,16.66570000000000,15.48290000000000,48.91740000000000,65.0531,1081010125756,16.6929,1.2100,15.4829,33.4894,16.6380,0.9535,15.6845,-0.0058,16034.5670,NA,NA,NA
chrome.exe,24952,0x2F262AA7E40,DXGI,0,0,0,Hardware Composed: Independent Flip,1081010305187,NA,16.73310000000000,16.66240000000000,15.41280000000000,48.83840000000000,64.9824,1081010292685,16.6630,1.2502,15.4128,33.4345,16.6541,0.9320,15.7221,0.0305,16051.2599,NA,NA,NA
chrome.exe,24952,0x2F262AA7E40,DXGI,0,0,0,Hardware Composed: Independent Flip,1081010472342,NA,16.71550000000000,16.69760000000000,15.32060000000000,48.80690000000000,64.9645,1081010459315,16.6233,1.3027,15.3206,33.4256,16.6840,2.4468,14.2372,-0.0346,16067.9229,NA,NA,NA
chrome.exe,24952,0x2F262AA7E40,DXGI,0,0,0,Hardware Composed: Independent Flip,1081010635030,NA,16.26880000000000,16.64280000000000,15.72300000000000,49.32560000000000,65.3385,1081010625548,16.6712,0.9482,15.7230,33.4863,16.7875,1.0436,15.7439,-0.0195,16084.5462,NA,NA,NA
chrome.exe,24952,0x2F262AA7E40,DXGI,0,0,0,Hardware Composed: Independent Flip,1081010805037,NA,17.00070000000000,16.67240000000000,15.40320000000000,48.85890000000001,65.0102,1081010792260,16.6809,1.2777,15.4032,33.6026,16.5340,2.3251,14.2089,-0.0012,16101.2174,NA,NA,NA
chrome.exe,24952,0x2F262AA7E40,DXGI,0,0,0,Hardware Composed: Independent Flip,1081010971501,NA,16.64640000000000,16.66280000000000,15.47160000000000,48.88780000000001,65.0266,1081010959069,16.7148,1.2432,15.4716,33.4557,16.6753,1.9472,14.7281,0.0181,16117.8983,NA,NA,NA
chrome.exe,24952,0x2F262AA7E40,DXGI,0,0,0,Hardware Composed: Independent Flip,1081011139086,NA,16.75850000000000,16.67080000000000,15.33930000000000,48.82190000000000,64.9389,1081011126217,16.6262,1.2869,15.3393,33.4162,16.6926,0.9698,15.7228,0.0440,16134.6131,NA,NA,NA
chrome.exe,24952,0x2F262AA7E40,DXGI,0,0,0,Hardware Composed: Independent Flip,1081011303580,NA,16.44940000000000,16.68610000000000,15.58220000000000,48.97990000000000,65.1756,1081011292479,16.6923,1.1101,15.5822,33.4826,16.6074,0.9110,15.6964,-0.0599,16151.2393,NA,NA,NA
chrome.exe,24952,0x2F262AA7E40,DXGI,0,0,0,Hardware Composed: Independent Flip,1081011470306,NA,16.67260000000000,16.63870000000000,15.51100000000000,49.10900000000000,65.1417,1081011459402,16.6014,1.0904,15.5110,33.3977,16.8017,2.5685,14.2332,0.0536,16167.9316,NA,NA,NA
chrome.exe,24952,0x2F262AA7E40,DXGI,0,0,0,Hardware Composed: Independent Flip,1081011634028,NA,16.37220000000000,16.67550000000000,15.82700000000000,49.66690000000001,65.4450,1081011625416,16.6882,0.8612,15.8270,33.5980,16.9301,2.3323,14.5978,-0.0741,16184.5330,NA,NA,NA
chrome.exe,24952,0x2F262AA7E40,DXGI,0,0,0,Hardware Composed: Independent Flip,1081011805029,NA,17.10010000000000,16.66130000000000,15.46420000000000,49.26970000000000,65.0062,1081011792298,16.7373,1.2731,15.4642,33.8399,16.7029,2.8130,13.8899,0.0269,16201.2212,NA,NA,NA
chrome.exe,24952,0x2F262AA7E40,DXGI,0,0,0,Hardware Composed: Independent Flip,1081011974050,NA,16.90210000000000,16.66640000000000,15.26540000000000,48.97030000000000,64.7705,1081011959671,16.7033,1.4379,15.2654,33.8055,16.6027,3.2099,13.3928,0.0709,16217.9585,NA,NA,NA
chrome.exe,24952,0x2F262AA7E40,DXGI,0,0,0,Hardware Composed: Independent Flip,1081012140722,NA,16.66720000000000,16.67580000000000,15.27080000000000,48.98540000000001,64.7791,1081012126704,16.6726,1.4018,15.2708,33.7049,16.6823,3.8601,12.8222,0.0275,16234.6618,NA,NA,NA
chrome.exe,24952,0x2F262AA7E40,DXGI,0,0,0,Hardware Composed: Independent Flip,1081012306405,NA,16.56830000000000,16.66790000000000,15.34700000000000,49.16340000000000,64.8787,1081012293430,16.6445,1.2975,15.3470,33.7146,16.7463,4.0497,12.6966,0.0047,16251.3344,NA,NA,NA
chrome.exe,24952,0x2F262AA7E40,DXGI,0,0,0,Hardware Composed: Independent Flip,1081012471680,NA,16.52750000000000,16.65430000000000,15.47640000000000,49.28140000000000,65.0055,1081012459875,16.6569,1.1805,15.4764,33.8164,16.6455,3.7712,12.8743,-0.0098,16267.9789,NA,NA,NA
chrome.exe,24952,0x2F262AA7E40,DXGI,0,0,0,Hardware Composed: Independent Flip,1081012635472,NA,16.37920000000000,16.66970000000000,15.79420000000000,49.46030000000000,65.2960,1081012626444,16.6970,0.9028,15.7942,33.8050,16.5581,3.1125,13.4456,-0.0128,16284.6358,NA,NA,NA
chrome.exe,24952,0x2F262AA7E40,DXGI,0,0,0,Hardware Composed: Independent Flip,1081012808097,NA,17.26250000000000,16.66240000000000,15.19020000000000,48.95840000000000,64.6959,1081012793414,16.6585,1.4683,15.1902,33.6661,16.7606,2.0907,14.6699,0.0346,16301.3328,NA,NA,NA
chrome.exe,24952,0x2F262AA7E40,DXGI,0,0,0,Hardware Composed: Independent Flip,1081012972844,NA,16.47470000000000,16.67070000000000,15.35320000000000,49.13300000000000,64.8919,1081012959999,16.6377,1.2845,15.3532,33.7682,16.6493,2.0668,14.5825,-0.0122,16317.9913,NA,NA,NA
chrome.exe,24952,0x2F262AA7E40,DXGI,0,0,0,Hardware Composed: Independent Flip,1081013135667,NA,16.28230000000000,16.66540000000000,15.74160000000000,49.61190000000001,65.2750,1081013126376,16.6707,0.9291,15.7416,33.7798,16.7612,2.0363,14.7249,-0.0277,16334.6290,NA,NA,NA
chrome.exe,24952,0x2F262AA7E40,DXGI,0,0,0,Hardware Composed: Independent Flip,1081013301436,NA,16.57690000000000,16.66860000000000,15.85400000000000,50.01250000000000,65.3667,1081013293083,16.6893,0.8353,15.8540,33.8703,16.9775,2.2006,14.7769,0.0021,16351.2997,NA,NA,NA
chrome.exe,24952,0x2F262AA7E40,DXGI,0,0,0,Hardware Composed: Independent Flip,1081013471435,NA,16.99990000000000,16.66880000000000,15.60040000000000,49.76390000000000,65.0356,1081013459976,16.7463,1.1459,15.6004,34.1585,16.7513,2.2536,14.4977,0.0205,16367.9890,NA,NA,NA
chrome.exe,24952,0x2F262AA7E40,DXGI,0,0,0,Hardware Composed: Independent Flip,1081013639429,NA,16.79940000000000,16.65700000000000,15.74310000000000,49.59470000000000,64.8932,1081013627439,16.9421,1.1990,15.7431,34.1635,16.6302,2.0481,14.5821,0.0893,16384.7353,NA,NA,NA
chrome.exe,24952,0x2F262AA7E40,DXGI,0,0,0,Hardware Composed: Independent Flip,1081013807014,NA,16.75850000000000,16.67250000000000,15.82890000000000,49.14890000000000,64.8072,1081013796860,16.8443,1.0154,15.8289,33.8516,16.3127,1.8332,14.4795,0.2696,16401.6774,NA,NA,NA
chrome.exe,24952,0x2F262AA7E40,DXGI,0,0,0,Hardware Composed: Independent Flip,1081013976701,NA,16.96870000000000,16.65980000000000,15.39940000000000,49.22560000000000,64.4983,1081013965303,16.5392,1.1398,15.3994,33.3200,17.0454,2.7843,14.2611,0.1845,16418.5217,NA,NA,NA
chrome.exe,24952,0x2F262AA7E40,DXGI,0,0,0,Hardware Composed: Independent Flip,1081014141390,NA,16.46890000000000,16.66750000000000,15.23490000000000,50.26060000000000,64.6969,1081014130695,16.3044,1.0695,15.2349,33.8262,17.5039,3.2959,14.2080,-0.1283,16435.0609,NA,NA,NA
chrome.exe,24952,0x2F262AA7E40,DXGI,0,0,0,Hardware Composed: Independent Flip,1081014303657,NA,16.22670000000000,16.68540000000000,16.12090000000000,49.71770000000000,65.1556,1081014293739,17.1127,0.9918,16.1209,35.0257,15.6838,1.5933,14.0905,-0.3810,16451.3653,NA,NA,NA
chrome.exe,24952,0x2F262AA7E40,DXGI,0,0,0,Hardware Composed: Independent Flip,1081014474976,NA,17.13190000000000,16.64030000000000,15.52820000000000,49.40060000000000,64.6640,1081014464866,16.5392,1.0110,15.5282,33.5968,16.8148,2.3202,14.4946,0.4724,16468.4780,NA,NA,NA
chrome.exe,24952,0x2F262AA7E40,DXGI,0,0,0,Hardware Composed: Independent Flip,1081014638538,NA,16.35620000000000,16.67710000000000,15.79270000000000,49.69880000000001,64.9849,1081014630258,16.6207,0.8280,15.7927,33.8724,16.6544,2.4232,14.2312,-0.1379,16485.0172,NA,NA,NA
chrome.exe,24952,0x2F262AA7E40,DXGI,0,0,0,Hardware Composed: Independent Flip,1081014805662,NA,16.71240000000000,16.67260000000000,15.83090000000000,49.31300000000000,64.9451,1081014796465,16.7506,0.9197,15.8309,33.9061,16.3266,1.9244,14.4022,-0.0519,16501.6379,NA,NA,NA
chrome.exe,24952,0x2F262AA7E40,DXGI,0,0,0,Hardware Composed: Independent Flip,1081014972873,NA,16.72110000000000,16.66520000000000,15.77520000000000,49.61430000000000,64.8892,1081014963971,16.6654,0.8902,15.7752,33.4821,17.0224,2.7431,14.2793,0.0854,16518.3885,NA,NA,NA
chrome.exe,24952,0x2F262AA7E40,DXGI,0,0,0,Hardware Composed: Independent Flip,1081015138741,NA,16.58680000000000,16.67660000000000,15.50530000000000,49.68620000000000,64.9790,1081015130625,16.3169,0.8116,15.5053,33.8391,16.6587,2.2794,14.3793,-0.0112,16535.0539,NA,NA,NA
chrome.exe,24952,0x2F262AA7E40,DXGI,0,0,0,Hardware Composed: Independent Flip,1081015302054,NA,16.33130000000000,16.67800000000000,16.29050000000000,50.02880000000000,65.3257,1081015293794,17.1165,0.8260,16.2905,34.1809,16.6739,2.1732,14.5007,-0.3611,16551.3708,NA,NA,NA
chrome.exe,24952,0x2F262AA7E40,DXGI,0,0,0,Hardware Composed: Independent Flip,1081015473704,NA,17.16500000000000,16.64680000000000,15.67910000000000,49.57690000000000,64.8075,1081015464959,16.5536,0.8745,15.6791,33.7383,16.7131,2.0861,14.6270,0.4697,16568.4873,NA,NA,NA
chrome.exe,24952,0x2F262AA7E40,DXGI,0,0,0,Hardware Composed: Independent Flip,1081015641862,NA,16.81580000000000,16.65740000000000,15.61460000000000,49.43440000000000,64.6491,1081015630495,16.7513,1.1367,15.6146,33.8978,16.6733,2.2221,14.4512,-0.1038,16585.0409,NA,NA,NA
chrome.exe,24952,0x2F262AA7E40,DXGI,0,0,0,Hardware Composed: Independent Flip,1081015811923,NA,17.00610000000000,16.68460000000000,15.37160000000000,49.07820000000000,64.3276,1081015798008,16.7631,1.3915,15.3716,33.8198,16.6499,1.9881,14.6618,0.0667,16601.7922,NA,NA,NA
chrome.exe,24952,0x2F262AA7E40,DXGI,0,0,0,Hardware Composed: Independent Flip,1081015976785,NA,16.48620000000000,16.65590000000000,15.51930000000000,49.28160000000000,64.4973,1081015965639,16.6339,1.1146,15.5193,33.7066,16.6896,1.9789,14.7107,0.1072,16618.5553,NA,NA,NA
chrome.exe,24952,0x2F262AA7E40,DXGI,0,0,0,Hardware Composed: Independent Flip,1081016149501,NA,17.27160000000000,16.66560000000000,15.04160000000000,48.57830000000001,63.8913,1081016131978,16.7939,1.7523,15.0416,33.7623,16.5683,2.2223,14.3460,-0.0317,16635.1892,NA,NA,NA
chrome.exe,24952,0x2F262AA7E40,DXGI,0,0,0,Hardware Composed: Independent Flip,1081016313524,NA,16.40230000000000,16.66710000000000,15.21370000000000,48.83990000000000,64.1561,1081016299917,16.5744,1.3607,15.2137,33.5367,16.6639,2.0369,14.6270,0.1268,16651.9831,NA,NA,NA
chrome.exe,24952,0x2F262AA7E40,DXGI,0,0,0,Hardware Composed: Independent Flip,1081016476886,NA,16.33620000000000,16.65980000000000,15.37960000000000,49.23770000000000,64.4797,1081016465661,16.5021,1.1225,15.3796,33.6262,16.7340,2.5913,14.1427,-0.0854,16668.5575,NA,NA,NA
chrome.exe,24952,0x2F262AA7E40,DXGI,0,0,0,Hardware Composed: Independent Flip,1081016647732,NA,17.08460000000000,16.67670000000000,14.94970000000000,49.78630000000000,64.0718,1081016630682,16.6547,1.7050,14.9497,33.8581,17.6332,3.8788,13.7544,-0.1746,16685.0596,NA,NA,NA
chrome.exe,24952,0x2F262AA7E40,DXGI,0,0,0,Hardware Composed: Independent Flip,1081016807195,NA,15.94630000000000,16.66210000000000,15.70320000000000,49.15400000000000,64.7876,1081016797229,16.6998,0.9966,15.7032,34.8366,15.3140,1.1935,14.1205,-0.0074,16701.7143,NA,NA,NA
chrome.exe,24952,0x2F262AA7E40,DXGI,0,0,0,Hardware Composed: Independent Flip,1081016980890,NA,17.36950000000000,16.66600000000000,14.88760000000000,48.84230000000000,64.0841,1081016964227,16.5539,1.6663,14.8876,33.4508,17.0578,2.3022,14.7556,0.0338,16718.4141,NA,NA,NA
chrome.exe,24952,0x2F262AA7E40,DXGI,0,0,0,Hardware Composed: Independent Flip,1081017141272,NA,16.03820000000000,16.67270000000000,15.29110000000000,49.38660000000000,64.7186,1081017129766,16.4417,1.1506,15.2911,33.9547,16.5825,1.9868,14.5957,-0.1188,16734.9680,NA,NA,NA
chrome.exe,24952,0x2F262AA7E40,DXGI,0,0,0,Hardware Composed: Independent Flip,1081017307351,NA,16.60790000000000,16.66510000000000,15.78920000000000,48.96530000000000,64.7758,1081017294183,17.1060,1.3168,15.7892,34.0955,16.1866,1.4665,14.7201,-0.2234,16751.4097,NA,NA,NA
chrome.exe,24952,0x2F262AA7E40,DXGI,0,0,0,Hardware Composed: Independent Flip,1081017478769,NA,17.14180000000000,16.66550000000000,15.17430000000000,48.93560000000000,64.2995,1081017465243,16.5269,1.3526,15.1743,33.1761,17.1121,2.0271,15.0850,0.4405,16768.5157,NA,NA,NA
chrome.exe,24952,0x2F262AA7E40,DXGI,0,0,0,Hardware Composed: Independent Flip,1081017644550,NA,16.57810000000000,16.66970000000000,14.89440000000000,49.09710000000000,64.3911,1081017630512,16.2982,1.4038,14.8944,33.7613,16.7396,3.6739,13.0657,-0.1428,16785.0426,NA,NA,NA
chrome.exe,24952,0x2F262AA7E40,DXGI,0,0,0,Hardware Composed: Independent Flip,1081017804381,NA,15.98310000000000,16.65710000000000,15.88170000000000,49.83200000000000,65.0651,1081017793494,16.9704,1.0887,15.8817,34.2027,16.7180,1.9645,14.7535,-0.3589,16801.3408,NA,NA,NA
chrome.exe,24952,0x2F262AA7E40,DXGI,0,0,0,Hardware Composed: Independent Flip,1081017972508,NA,16.81270000000000,16.68130000000000,16.03140000000000,49.66140000000000,64.9337,1081017963198,16.9624,0.9310,16.0314,33.9503,16.6421,2.4660,14.1761,0.2891,16818.3112,NA,NA,NA
chrome.exe,24952,0x2F262AA7E40,DXGI,0,0,0,Hardware Composed: Independent Flip,1081018144916,NA,17.24080000000000,16.78590000000000,15.41860000000000,48.85230000000000,64.4788,1081018132822,16.6280,1.2094,15.4186,33.6300,16.4317,2.0250,14.4067,0.1765,16835.2736,NA,NA,NA
chrome.exe,24952,0x2F262AA7E40,DXGI,0,0,0,Hardware Composed: Independent Flip,1081018308387,NA,16.34710000000000,16.52600000000000,15.62080000000000,49.51150000000001,64.6577,1081018299102,16.5493,0.9285,15.6208,33.4337,17.0063,2.6081,14.3982,0.1020,16851.9016,NA,NA,NA
chrome.exe,24952,0x2F262AA7E40,DXGI,0,0,0,Hardware Composed: Independent Flip,1081018472417,NA,16.40300000000000,16.68190000000000,15.58060000000000,49.29210000000000,64.9366,1081018464595,16.3628,0.7822,15.5806,33.8907,16.1836,1.8348,14.3488,-0.1326,16868.4509,NA,NA,NA
chrome.exe,24952,0x2F262AA7E40,DXGI,0,0,0,Hardware Composed: Independent Flip,1081018637361,NA,16.49440000000000,16.65750000000000,16.21780000000000,49.80560000000001,65.0997,1081018628223,17.1316,0.9138,16.2178,33.7115,17.0079,2.4900,14.5179,-0.2947,16884.8137,NA,NA,NA
chrome.exe,24952,0x2F262AA7E40,DXGI,0,0,0,Hardware Composed: Independent Flip,1081018808557,NA,17.11960000000000,16.67100000000000,15.17550000000000,49.08910000000000,64.6511,1081018799539,16.0773,0.9018,15.1755,33.5878,16.4031,2.0169,14.3862,0.4606,16901.9453,NA,NA,NA
chrome.exe,24952,0x2F262AA7E40,DXGI,0,0,0,Hardware Composed: Independent Flip,1081018968880,NA,16.03230000000000,16.66270000000000,16.18230000000000,50.02590000000000,65.2815,1081018960312,17.0391,0.8568,16.1823,33.9136,16.9691,2.2470,14.7221,-0.5854,16918.0226,NA,NA,NA
chrome.exe,24952,0x2F262AA7E40,DXGI,0,0,0,Hardware Composed: Independent Flip,1081019139618,NA,17.07380000000000,16.65440000000000,15.55690000000000,49.50940000000000,64.8621,1081019130703,16.4484,0.8915,15.5569,33.8436,16.5573,2.2727,14.2846,0.3847,16935.0617,NA,NA,NA
chrome.exe,24952,0x2F262AA7E40,DXGI,0,0,0,Hardware Composed: Independent Flip,1081019307276,NA,16.76580000000000,16.67800000000000,15.81680000000000,49.35070000000000,64.7743,1081019295187,17.0257,1.2089,15.8168,33.9525,16.6071,2.3484,14.2587,-0.2296,16951.5101,NA,NA,NA
chrome.exe,24952,0x2F262AA7E40,DXGI,0,0,0,Hardware Composed: Independent Flip,1081019476101,NA,16.88250000000000,16.65730000000000,15.39810000000000,48.91140000000000,64.5491,1081019465444,16.4638,1.0657,15.3981,33.5339,16.4432,2.0058,14.4374,0.3684,16968.5358,NA,NA,NA
chrome.exe,24952,0x2F262AA7E40,DXGI,0,0,0,Hardware Composed: Independent Flip,1081019640232,NA,16.41310000000000,16.67510000000000,15.60890000000000,49.52940000000000,64.8111,1081019630082,16.6239,1.0150,15.6089,33.5133,17.0311,2.5300,14.5011,-0.2113,16984.9996,NA,NA,NA
chrome.exe,24952,0x2F262AA7E40,DXGI,0,0,0,Hardware Composed: Independent Flip,1081019805212,NA,16.49800000000000,16.67390000000000,15.52850000000000,49.72080000000000,64.9870,1081019796321,16.4176,0.8891,15.5285,33.9205,16.6894,2.0856,14.6038,-0.0500,17001.6235,NA,NA,NA
chrome.exe,24952,0x2F262AA7E40,DXGI,0,0,0,Hardware Composed: Independent Flip,1081019969539,NA,16.43270000000000,16.66950000000000,16.21710000000000,49.97360000000000,65.2238,1081019960497,17.1213,0.9042,16.2171,34.1923,16.6855,2.2550,14.4305,-0.2519,17018.0411,NA,NA,NA
chrome.exe,24952,0x2F262AA7E40,DXGI,0,0,0,Hardware Composed: Independent Flip,1081020144427,NA,17.48880000000000,16.65840000000000,15.42760000000000,49.14880000000000,64.3934,1081020131710,16.6993,1.2717,15.4276,33.7565,16.6640,3.1362,13.5278,0.4629,17035.1624,NA,NA,NA
chrome.exe,24952,0x2F262AA7E40,DXGI,0,0,0,Hardware Composed: Independent Flip,1081020308633,NA,16.42060000000000,16.68890000000000,15.70040000000000,49.36010000000000,64.6617,1081020298703,16.6934,0.9930,15.7004,33.7212,16.6319,2.2919,14.3400,0.0104,17051.8617,NA,NA,NA
chrome.exe,24952,0x2F262AA7E40,DXGI,0,0,0,Hardware Composed: Independent Flip,1081020476585,NA,16.79520000000000,16.66930000000000,15.52970000000000,49.08900000000001,64.5358,1081020465637,16.6245,1.0948,15.5297,33.6597,16.5241,2.1510,14.3731,0.0241,17068.5551,NA,NA,NA
chrome.exe,24952,0x2F262AA7E40,DXGI,0,0,0,Hardware Composed: Independent Flip,1081020642775,NA,16.61900000000000,16.64450000000000,15.48060000000000,49.28520000000000,64.5613,1081020631882,16.5699,1.0893,15.4806,33.5593,16.8152,2.1134,14.7018,-0.0200,17085.1796,NA,NA,NA
chrome.exe,24952,0x2F262AA7E40,DXGI,0,0,0,Hardware Composed: Independent Flip,1081020818500,NA,17.57250000000000,16.66220000000000,14.41480000000000,48.33660000000000,63.6510,1081020797581,16.5067,2.0919,14.4148,33.8046,16.6239,2.2984,14.3255,-0.0923,17101.7495,NA,NA,NA
chrome.exe,24952,0x2F262AA7E40,DXGI,0,0,0,Hardware Composed: Independent Flip,1081020978494,NA,15.99940000000000,16.67310000000000,15.30560000000000,49.04960000000001,64.3247,1081020962648,16.8902,1.5846,15.3056,33.9218,16.7124,2.7288,13.9836,-0.1664,17118.2562,NA,NA,NA
chrome.exe,24952,0x2F262AA7E40,DXGI,0,0,0,Hardware Composed: Independent Flip,1081021142745,NA,16.42510000000000,16.66680000000000,15.47290000000000,49.24190000000000,64.5664,1081021131550,16.5924,1.1195,15.4729,33.7440,16.6174,2.2286,14.3888,0.2234,17135.1464,NA,NA,NA
chrome.exe,24952,0x2F262AA7E40,DXGI,0,0,0,Hardware Composed: Independent Flip,1081021309648,NA,16.69030000000000,16.65590000000000,15.59140000000000,48.89830000000000,64.5320,1081021297474,16.8088,1.2174,15.5914,33.7690,16.3467,2.0358,14.3109,-0.0635,17151.7388,NA,NA,NA
chrome.exe,24952,0x2F262AA7E40,DXGI,0,0,0,Hardware Composed: Independent Flip,1081021474267,NA,16.46190000000000,16.68270000000000,15.62480000000000,49.36840000000000,64.7528,1081021465562,16.4953,0.8705,15.6248,33.3069,16.9320,2.4464,14.4856,0.1261,17168.5476,NA,NA,NA
chrome.exe,24952,0x2F262AA7E40,DXGI,0,0,0,Hardware Composed: Independent Flip,1081021641337,NA,16.70700000000000,16.65550000000000,15.31240000000000,49.49350000000000,64.7013,1081021630515,16.3946,1.0822,15.3124,33.7436,16.8321,2.2203,14.6118,-0.1602,17185.0429,NA,NA,NA
chrome.exe,24952,0x2F262AA7E40,DXGI,0,0,0,Hardware Composed: Independent Flip,1081021805558,NA,16.42210000000000,16.66710000000000,15.80010000000000,49.64080000000001,64.9463,1081021794461,16.9098,1.1097,15.8001,34.1811,16.5694,2.0085,14.5609,-0.2725,17201.4375,NA,NA,NA
chrome.exe,24952,0x2F262AA7E40,DXGI,0,0,0,Hardware Composed: Independent Flip,1081021975299,NA,16.97410000000000,16.67190000000000,15.70120000000000,49.36970000000000,64.6441,1081021963559,16.8752,1.1740,15.7012,33.8407,16.7030,2.0712,14.6318,0.2379,17218.3473,NA,NA,NA
chrome.exe,24952,0x2F262AA7E40,DXGI,0,0,0,Hardware Composed: Independent Flip,1081022144237,NA,16.89380000000000,16.66690000000000,15.31870000000000,49.15650000000000,64.4172,1081022132311,16.5113,1.1926,15.3187,33.6685,16.6806,2.1243,14.5563,0.2083,17235.2225,NA,NA,NA
chrome.exe,24952,0x2F262AA7E40,DXGI,0,0,0,Hardware Composed: Independent Flip,1081022310165,NA,16.59280000000000,16.66160000000000,15.52820000000000,48.87540000000000,64.4860,1081022297424,16.8023,1.2741,15.5282,33.8378,16.3117,1.9066,14.4051,-0.1503,17251.7338,NA,NA,NA
chrome.exe,24952,0x2F262AA7E40,DXGI,0,0,0,Hardware Composed: Independent Flip,1081022475855,NA,16.56900000000000,16.71850000000000,15.61130000000000,49.22320000000001,64.6355,1081022465447,16.6521,1.0408,15.6113,33.3472,16.9168,2.2641,14.6527,0.0838,17268.5361,NA,NA,NA
chrome.exe,24952,0x2F262AA7E40,DXGI,0,0,0,Hardware Composed: Independent Flip,1081022642850,NA,16.69950000000000,16.61280000000000,15.18730000000000,49.32650000000000,64.5488,1081022631968,16.2755,1.0882,15.1873,33.6119,16.8028,2.4448,14.3580,0.0393,17285.1882,NA,NA,NA
chrome.exe,24952,0x2F262AA7E40,DXGI,0,0,0,Hardware Composed: Independent Flip,1081022806918,NA,16.40680000000000,16.66110000000000,15.65560000000000,49.43870000000000,64.8031,1081022794723,16.8751,1.2195,15.6556,34.1392,16.5190,1.9930,14.5260,-0.3856,17301.4637,NA,NA,NA
chrome.exe,24952,0x2F262AA7E40,DXGI,0,0,0,Hardware Composed: Independent Flip,1081022974731,NA,16.78130000000000,16.67570000000000,15.75660000000000,49.45110000000000,64.6975,1081022963474,16.8823,1.1257,15.7566,33.7831,16.7937,2.3814,14.4123,0.1994,17318.3388,NA,NA,NA
chrome.exe,24952,0x2F262AA7E40,DXGI,0,0,0,Hardware Composed: Independent Flip,1081023142893,NA,16.81620000000000,16.66840000000000,15.38520000000000,48.97950000000000,64.5497,1081023132297,16.4448,1.0596,15.3852,33.6945,16.3446,1.7885,14.5561,0.2139,17335.2211,NA,NA,NA
chrome.exe,24952,0x2F262AA7E40,DXGI,0,0,0,Hardware Composed: Independent Flip,1081023306090,NA,16.31970000000000,16.65740000000000,15.89880000000000,49.23660000000000,64.8874,1081023296745,16.8333,0.9345,15.8988,33.5943,16.5768,2.0750,14.5018,-0.2126,17351.6659,NA,NA,NA
chrome.exe,24952,0x2F262AA7E40,DXGI,0,0,0,Hardware Composed: Independent Flip,1081023479807,NA,17.37170000000000,16.67460000000000,14.79880000000000,48.85090000000000,64.1903,1081023465078,16.2717,1.4729,14.7988,33.3378,16.9860,2.5725,14.4135,0.1587,17368.4992,NA,NA,NA
chrome.exe,24952,0x2F262AA7E40,DXGI,0,0,0,Hardware Composed: Independent Flip,1081023636390,NA,15.65830000000000,16.65890000000000,15.74440000000000,49.96940000000000,65.1909,1081023627795,16.6039,0.8595,15.7444,34.0521,16.7768,2.3660,14.4108,-0.3872,17384.7709,NA,NA,NA
chrome.exe,24952,0x2F262AA7E40,DXGI,0,0,0,Hardware Composed: Independent Flip,1081023803832,NA,16.74420000000000,16.67020000000000,15.95030000000000,49.84020000000000,65.1169,1081023793834,16.9501,0.9998,15.9503,34.2250,16.6150,2.5128,14.1022,-0.0663,17401.3748,NA,NA,NA
chrome.exe,24952,0x2F262AA7E40,DXGI,0,0,0,Hardware Composed: Independent Flip,1081023971836,NA,16.80040000000000,16.66150000000000,16.01180000000000,49.77790000000000,64.9780,1081023963335,16.8619,0.8501,16.0118,33.8899,16.7381,2.1447,14.5934,0.2886,17418.3249,NA,NA,NA
chrome.exe,24952,0x2F262AA7E40,DXGI,0,0,0,Hardware Composed: Independent Flip,1081024142807,NA,17.09710000000000,16.67080000000000,15.51400000000000,49.27200000000001,64.5517,1081024131954,16.5993,1.0853,15.5140,33.7661,16.5912,2.4080,14.1832,0.1911,17435.1868,NA,NA,NA
chrome.exe,24952,0x2F262AA7E40,DXGI,0,0,0,Hardware Composed: Independent Flip,1081024309134,NA,16.63270000000000,16.67000000000000,15.59540000000000,48.99100000000000,64.5890,1081024297947,16.7141,1.1187,15.5954,33.7580,16.3517,1.9302,14.4215,-0.0707,17451.7861,NA,NA,NA
chrome.exe,24952,0x2F262AA7E40,DXGI,0,0,0,Hardware Composed: Independent Flip,1081024475526,NA,16.63920000000000,16.66110000000000,15.58010000000000,49.29980000000000,64.6109,1081024465088,16.6239,1.0438,15.5801,33.3956,16.9480,2.3639,14.5841,0.0530,17468.5002,NA,NA,NA
chrome.exe,24952,0x2F262AA7E40,DXGI,0,0,0,Hardware Composed: Independent Flip,1081024642514,NA,16.69880000000000,16.67140000000000,15.15410000000000,49.26830000000000,64.5835,1081024631327,16.2728,1.1187,15.1541,33.7197,16.6673,2.2745,14.3928,-0.0475,17485.1241,NA,NA,NA
chrome.exe,24952,0x2F262AA7E40,DXGI,0,0,0,Hardware Composed: Independent Flip,1081024805991,NA,16.34770000000000,16.66360000000000,15.77340000000000,49.63630000000001,64.8994,1081024794055,16.9670,1.1936,15.7734,34.1142,16.7157,2.1206,14.5951,-0.3908,17501.3969,NA,NA,NA
chrome.exe,24952,0x2F262AA7E40,DXGI,0,0,0,Hardware Composed: Independent Flip,1081024971867,NA,16.58760000000000,16.73350000000000,15.84590000000000,49.74760000000001,65.0453,1081024963725,16.6601,0.8142,15.8459,33.8629,16.6989,2.3275,14.3714,0.2335,17518.3639,NA,NA,NA
chrome.exe,24952,0x2F262AA7E40,DXGI,0,0,0,Hardware Composed: Independent Flip,1081025142976,NA,17.11090000000000,16.59660000000000,15.40600000000000,49.28200000000000,64.5310,1081025130326,16.6710,1.2650,15.4060,33.9017,16.6453,2.1490,14.4963,0.0635,17535.0240,NA,NA,NA
chrome.exe,24952,0x2F262AA7E40,DXGI,0,0,0,Hardware Composed: Independent Flip,1081025305583,NA,16.26070000000000,16.67120000000000,15.99420000000000,49.56830000000000,64.9415,1081025297036,16.8489,0.8547,15.9942,33.8760,16.5470,2.2533,14.2937,-0.0002,17551.6950,NA,NA,NA
chrome.exe,24952,0x2F262AA7E40,DXGI,0,0,0,Hardware Composed: Independent Flip,1081025474631,NA,16.90480000000000,16.70740000000000,15.76450000000000,49.33410000000000,64.7441,1081025465525,16.6751,0.9106,15.7645,33.5741,16.6706,2.4022,14.2684,0.1415,17568.5439,NA,NA,NA
chrome.exe,24952,0x2F262AA7E40,DXGI,0,0,0,Hardware Composed: Independent Flip,1081025643328,NA,16.86970000000000,16.64260000000000,15.34000000000000,49.30970000000000,64.5170,1081025632276,16.4452,1.1052,15.3400,33.5696,16.8453,2.3649,14.4804,0.0325,17585.2190,NA,NA,NA
chrome.exe,24952,0x2F262AA7E40,DXGI,0,0,0,Hardware Composed: Independent Flip,1081025807310,NA,16.39820000000000,16.65510000000000,15.60340000000000,49.64930000000000,64.7739,1081025796728,16.6616,1.0582,15.6034,33.9697,16.7378,2.0612,14.6766,-0.2099,17601.6642,NA,NA,NA
chrome.exe,24952,0x2F262AA7E40,DXGI,0,0,0,Hardware Composed: Independent Flip,1081025972706,NA,16.53960000000000,16.65640000000000,15.99000000000000,49.65250000000000,64.8907,1081025963344,16.9262,0.9362,15.9900,34.0459,16.5428,2.4686,14.0742,0.0052,17618.3258,NA,NA,NA
chrome.exe,24952,0x2F262AA7E40,DXGI,0,0,0,Hardware Composed: Independent Flip,1081026154697,NA,18.19910000000000,16.66230000000000,14.44970000000000,48.87260000000001,63.3539,1081026132606,16.6588,2.2091,14.4497,33.6625,17.4192,3.1038,14.3154,0.2639,17635.2520,NA,NA,NA
chrome.exe,24952,0x2F262AA7E40,DXGI,0,0,0,Hardware Composed: Independent Flip,1081026311833,NA,15.71360000000000,16.66820000000000,15.37700000000000,49.01430000000001,64.3085,1081026299194,16.6409,1.2639,15.3770,34.4229,15.8553,1.7756,14.0797,-0.0094,17651.9108,NA,NA,NA
chrome.exe,24952,0x2F262AA7E40,DXGI,0,0,0,Hardware Composed: Independent Flip,1081026475702,NA,16.38690000000000,16.66550000000000,15.35910000000000,49.23570000000000,64.5871,1081026465603,16.3690,1.0099,15.3591,33.6373,16.6083,2.4239,14.1844,-0.0246,17668.5517,NA,NA,NA
chrome.exe,24952,0x2F262AA7E40,DXGI,0,0,0,Hardware Composed: Independent Flip,1081026637794,NA,16.20920000000000,16.72050000000000,15.95340000000000,49.68880000000000,65.0984,1081026629293,16.8035,0.8501,15.9534,33.8766,16.6623,2.3103,14.3520,-0.3515,17684.9207,NA,NA,NA
chrome.exe,24952,0x2F262AA7E40,DXGI,0,0,0,Hardware Composed: Independent Flip,1081026805012,NA,16.72180000000000,16.62540000000000,15.82210000000000,49.78950000000000,65.0020,1081026797328,16.5905,0.7684,15.8221,33.7354,16.8225,2.4831,14.3394,0.1781,17701.7242,NA,NA,NA
chrome.exe,24952,0x2F262AA7E40,DXGI,0,0,0,Hardware Composed: Independent Flip,1081026976874,NA,17.18620000000000,16.65260000000000,15.30330000000000,49.23540000000001,64.4684,1081026963233,16.6674,1.3641,15.3033,33.9674,16.6321,1.9573,14.6748,-0.0621,17718.3147,NA,NA,NA
chrome.exe,24952,0x2F262AA7E40,DXGI,0,0,0,Hardware Composed: Independent Flip,1081027140884,NA,16.40100000000000,16.76010000000000,15.82700000000000,49.32920000000000,64.8275,1081027129907,16.9247,1.0977,15.8270,33.9321,16.4948,2.1348,14.3600,-0.0927,17734.9821,NA,NA,NA
chrome.exe,24952,0x2F262AA7E40,DXGI,0,0,0,Hardware Composed: Independent Flip,1081027312834,NA,17.19500000000000,16.57960000000000,15.15340000000000,49.02560000000000,64.2121,1081027299154,16.5214,1.3680,15.1534,33.5022,16.8914,2.3656,14.5258,0.3451,17751.9068,NA,NA,NA
chrome.exe,24952,0x2F262AA7E40,DXGI,0,0,0,Hardware Composed: Independent Flip,1081027477863,NA,16.50290000000000,16.66270000000000,15.13900000000000,49.08420000000000,64.3719,1081027464368,16.4885,1.3495,15.1390,33.8722,16.5615,2.1643,14.3972,-0.1413,17768.4282,NA,NA,NA
chrome.exe,24952,0x2F262AA7E40,DXGI,0,0,0,Hardware Composed: Independent Flip,1081027637233,NA,15.93700000000000,16.68480000000000,16.21920000000000,49.80620000000000,65.1197,1081027629253,17.0172,0.7980,16.2192,33.9452,16.6590,2.0699,14.5891,-0.1963,17784.9167,NA,NA,NA
chrome.exe,24952,0x2F262AA7E40,DXGI,0,0,0,Hardware Composed: Independent Flip,1081027815044,NA,17.78110000000000,16.68540000000000,14.87090000000000,48.79390000000000,64.0240,1081027799425,16.4328,1.5619,14.8709,33.5870,16.7688,2.1541,14.6147,0.3318,17801.9339,NA,NA,NA
chrome.exe,24952,0x2F262AA7E40,DXGI,0,0,0,Hardware Composed: Independent Flip,1081027976152,NA,16.11080000000000,16.66350000000000,15.59840000000000,49.32290000000000,64.5767,1081027963753,16.8383,1.2399,15.5984,33.9230,16.6398,2.0040,14.6358,-0.2307,17818.3667,NA,NA,NA
chrome.exe,24952,0x2F262AA7E40,DXGI,0,0,0,Hardware Composed: Independent Flip,1081028142616,NA,16.64640000000000,16.63540000000000,15.63930000000000,49.20090000000000,64.5657,1081028132136,16.6873,1.0480,15.6393,33.7245,16.5244,1.9507,14.5737,0.2029,17835.2050,NA,NA,NA
chrome.exe,24952,0x2F262AA7E40,DXGI,0,0,0,Hardware Composed: Independent Flip,1081028312607,NA,16.99910000000000,16.67500000000000,15.32550000000000,48.99260000000000,64.2416,1081028299009,16.6853,1.3598,15.3255,33.5616,16.7908,2.2825,14.5083,0.0123,17851.8923,NA,NA,NA
chrome.exe,24952,0x2F262AA7E40,DXGI,0,0,0,Hardware Composed: Independent Flip,1081028477829,NA,16.52220000000000,16.65840000000000,15.18540000000000,49.10520000000000,64.3778,1081028465862,16.3821,1.1967,15.1854,33.6671,16.6348,2.2387,14.3961,0.0269,17868.5776,NA,NA,NA
chrome.exe,24952,0x2F262AA7E40,DXGI,0,0,0,Hardware Composed: Independent Flip,1081028641483,NA,16.36540000000000,16.66450000000000,15.67950000000000,49.30560000000001,64.6769,1081028629683,16.8595,1.1800,15.6795,33.9198,16.5658,2.0862,14.4796,-0.2824,17884.9597,NA,NA,NA
chrome.exe,24952,0x2F262AA7E40,DXGI,0,0,0,Hardware Composed: Independent Flip,1081028806398,NA,16.49150000000000,16.67340000000000,15.73840000000000,49.47980000000000,64.8588,1081028798278,16.5504,0.8120,15.7384,33.6261,16.6657,2.2413,14.4244,0.1861,17901.8192,NA,NA,NA
chrome.exe,24952,0x2F262AA7E40,DXGI,0,0,0,Hardware Composed: Independent Flip,1081028975044,NA,16.86460000000000,16.65670000000000,15.46350000000000,49.07530000000001,64.6509,1081028963782,16.5897,1.1262,15.4635,33.7414,16.4601,2.0339,14.4262,-0.1063,17918.3696,NA,NA,NA
chrome.exe,24952,0x2F262AA7E40,DXGI,0,0,0,Hardware Composed: Independent Flip,1081029138032,NA,16.29880000000000,16.68440000000000,15.87260000000000,49.72150000000000,65.0365,1081029129679,16.7079,0.8353,15.8726,33.6118,16.9450,2.5877,14.3573,-0.0947,17934.9593,NA,NA,NA
chrome.exe,24952,0x2F262AA7E40,DXGI,0,0,0,Hardware Composed: Independent Flip,1081029308409,NA,17.03770000000000,16.65890000000000,15.31540000000000,49.39980000000000,64.6577,1081029296758,16.4805,1.1651,15.3154,33.8489,16.7160,2.2271,14.4889,0.0490,17951.6672,NA,NA,NA
chrome.exe,24952,0x2F262AA7E40,DXGI,0,0,0,Hardware Composed: Independent Flip,1081029471626,NA,16.32170000000000,16.65570000000000,15.97340000000000,49.74540000000000,64.9917,1081029461563,16.9797,1.0063,15.9734,34.0844,16.6673,2.5567,14.1106,-0.1752,17968.1477,NA,NA,NA
chrome.exe,24952,0x2F262AA7E40,DXGI,0,0,0,Hardware Composed: Independent Flip,1081029641283,NA,16.96570000000000,16.73790000000000,15.66080000000000,49.39110000000000,64.7639,1081029631360,16.6531,0.9923,15.6608,33.7720,16.6114,2.2324,14.3790,0.2418,17985.1274,NA,NA,NA
chrome.exe,24952,0x2F262AA7E40,DXGI,0,0,0,Hardware Composed: Independent Flip,1081029807380,NA,16.60970000000000,16.66310000000000,15.70000000000000,49.61310000000000,64.8173,1081029797891,16.6489,0.9489,15.7000,33.7303,16.8317,2.3761,14.4556,-0.0100,18001.7805,NA,NA,NA
chrome.exe,24952,0x2F262AA7E40,DXGI,0,0,0,Hardware Composed: Independent Flip,1081029972111,NA,16.47310000000000,16.61290000000000,15.78300000000000,49.55420000000000,64.9571,1081029964380,16.5561,0.7731,15.7830,33.9131,16.4142,1.7609,14.6533,0.0360,18018.4294,NA,NA,NA
chrome.exe,24952,0x2F262AA7E40,DXGI,0,0,0,Hardware Composed: Independent Flip,1081030138134,NA,16.60230000000000,16.65990000000000,16.24910000000000,49.76430000000001,65.0147,1081030129941,17.0684,0.8193,16.2491,33.7712,16.8124,2.5540,14.2584,-0.1038,18034.9855,NA,NA,NA
chrome.exe,24952,0x2F262AA7E40,DXGI,0,0,0,Hardware Composed: Independent Flip,1081030314260,NA,17.61260000000000,16.69150000000000,14.90550000000000,48.78560000000000,64.0936,1081030300625,16.2690,1.3635,14.9055,33.5152,16.6339,2.3120,14.3219,0.3769,18052.0539,NA,NA,NA
chrome.exe,24952,0x2F262AA7E40,DXGI,0,0,0,Hardware Composed: Independent Flip,1081030472760,NA,15.85000000000000,16.65310000000000,15.91470000000000,49.65570000000000,64.8967,1081030463315,16.8592,0.9445,15.9147,33.8801,16.7201,2.3200,14.4001,-0.3841,18068.3229,NA,NA,NA
chrome.exe,24952,0x2F262AA7E40,DXGI,0,0,0,Hardware Composed: Independent Flip,1081030644093,NA,17.13330000000000,16.67850000000000,15.39230000000000,49.15850000000000,64.4419,1081030631907,16.6109,1.2186,15.3923,33.7410,16.6361,2.1553,14.4808,0.1807,18085.1821,NA,NA,NA
chrome.exe,24952,0x2F262AA7E40,DXGI,0,0,0,Hardware Composed: Independent Flip,1081030809692,NA,16.55990000000000,16.63540000000000,15.51590000000000,49.27050000000001,64.5174,1081030798016,16.6835,1.1676,15.5159,33.7662,16.6719,2.1930,14.4789,-0.0245,18101.7930,NA,NA,NA
chrome.exe,24952,0x2F262AA7E40,DXGI,0,0,0,Hardware Composed: Independent Flip,1081030976231,NA,16.65390000000000,16.66920000000000,15.46420000000000,48.83480000000000,64.5327,1081030964851,16.6022,1.1380,15.4642,33.7546,16.2182,1.7941,14.4241,0.0143,18118.4765,NA,NA,NA
chrome.exe,24952,0x2F262AA7E40,DXGI,0,0,0,Hardware Composed: Independent Flip,1081031141995,NA,16.57640000000000,16.66860000000000,15.64550000000000,49.35990000000000,64.6249,1081031130873,16.7577,1.1122,15.6455,33.3706,17.1015,2.5870,14.5145,-0.0664,18135.0787,NA,NA,NA
chrome.exe,24952,0x2F262AA7E40,DXGI,0,0,0,Hardware Composed: Independent Flip,1081031307950,NA,16.59550000000000,16.68310000000000,15.26720000000000,49.35340000000000,64.7125,1081031298450,16.2172,0.9500,15.2672,33.7144,16.5890,2.4003,14.1887,0.0746,18151.8364,NA,NA,NA
chrome.exe,24952,0x2F262AA7E40,DXGI,0,0,0,Hardware Composed: Independent Flip,1081031471175,NA,16.32250000000000,16.65100000000000,16.00330000000000,49.77790000000000,65.0410,1081031460622,17.0586,1.0553,16.0033,34.0862,16.7470,2.0725,14.6745,-0.4338,18168.0536,NA,NA,NA
chrome.exe,24952,0x2F262AA7E40,DXGI,0,0,0,Hardware Composed: Independent Flip,1081031641750,NA,17.05750000000000,16.66760000000000,15.48980000000000,50.19860000000000,64.6511,1081031631208,16.5440,1.0542,15.4898,33.7746,17.4782,2.8950,14.5832,0.3910,18185.1122,NA,NA,NA
chrome.exe,24952,0x2F262AA7E40,DXGI,0,0,0,Hardware Composed: Independent Flip,1081031809035,NA,16.72850000000000,16.70670000000000,15.55840000000000,49.36270000000000,64.6293,1081031796648,16.7971,1.2387,15.5584,34.7088,15.8926,2.0171,13.8755,-0.1627,18201.6562,NA,NA,NA
chrome.exe,24952,0x2F262AA7E40,DXGI,0,0,0,Hardware Composed: Independent Flip,1081031981241,NA,17.22060000000000,16.62240000000000,14.89690000000000,48.74830000000000,64.0311,1081031964619,16.5591,1.6622,14.8969,33.8043,16.6062,2.2613,14.3449,0.1747,18218.4533,NA,NA,NA
chrome.exe,24952,0x2F262AA7E40,DXGI,0,0,0,Hardware Composed: Independent Flip,1081032142327,NA,16.10860000000000,16.67790000000000,15.61500000000000,49.33190000000000,64.6004,1081032130210,16.8267,1.2117,15.6150,33.8514,16.6922,2.0320,14.6602,-0.1188,18235.0124,NA,NA,NA
chrome.exe,24952,0x2F262AA7E40,DXGI,0,0,0,Hardware Composed: Independent Flip,1081032310289,NA,16.79620000000000,16.65960000000000,15.37240000000000,49.19610000000000,64.4638,1081032298477,16.5536,1.1812,15.3724,33.7169,16.6604,2.3661,14.2943,0.1671,18251.8391,NA,NA,NA
chrome.exe,24952,0x2F262AA7E40,DXGI,0,0,0,Hardware Composed: Independent Flip,1081032478158,NA,16.78690000000000,16.65790000000000,15.30990000000000,49.10350000000000,64.3348,1081032464013,16.7244,1.4145,15.3099,33.8237,16.6943,2.4474,14.2469,-0.1043,18268.3927,NA,NA,NA
chrome.exe,24952,0x2F262AA7E40,DXGI,0,0,0,Hardware Composed: Independent Flip,1081032642616,NA,16.44580000000000,16.66950000000000,15.54800000000000,49.14630000000000,64.5585,1081032631257,16.6839,1.1359,15.5480,33.7936,16.4886,2.3650,14.1236,0.0549,18285.1171,NA,NA,NA
chrome.exe,24952,0x2F262AA7E40,DXGI,0,0,0,Hardware Composed: Independent Flip,1081032809026,NA,16.64100000000000,16.67710000000000,15.55340000000000,48.98750000000000,64.5946,1081032798096,16.6464,1.0930,15.5534,33.5983,16.4822,2.0503,14.4319,0.0068,18301.8010,NA,NA,NA
chrome.exe,24952,0x2F262AA7E40,DXGI,0,0,0,Hardware Composed: Independent Flip,1081032974009,NA,16.49830000000000,16.66120000000000,15.52540000000000,49.52900000000000,64.7575,1081032964560,16.4703,0.9449,15.5254,33.4341,17.0398,2.5082,14.5316,-0.0148,18318.4474,NA,NA,NA
chrome.exe,24952,0x2F262AA7E40,DXGI,0,0,0,Hardware Composed: Independent Flip,1081033137549,NA,16.35400000000000,16.66870000000000,15.64360000000000,49.81750000000000,65.0722,1081033129263,16.4722,0.8286,15.6436,34.0036,16.6425,2.1301,14.5124,-0.1984,18334.9177,NA,NA,NA
chrome.exe,24952,0x2F262AA7E40,DXGI,0,0,0,Hardware Composed: Independent Flip,1081033307682,NA,17.01330000000000,16.67150000000000,15.80210000000000,49.42180000000000,64.7304,1081033293985,17.1718,1.3697,15.8021,34.1739,16.6176,2.4804,14.1372,-0.1993,18351.3899,NA,NA,NA
chrome.exe,24952,0x2F262AA7E40,DXGI,0,0,0,Hardware Composed: Independent Flip,1081033480161,NA,17.24790000000000,16.65440000000000,15.14630000000000,49.71060000000000,64.1369,1081033465703,16.5921,1.4458,15.1463,33.6197,17.5367,2.8999,14.6368,0.5174,18368.5617,NA,NA,NA
chrome.exe,24952,0x2F262AA7E40,DXGI,0,0,0,Hardware Composed: Independent Flip,1081033639836,NA,15.96750000000000,16.67140000000000,15.76020000000000,50.38250000000000,64.8408,1081033631624,16.5814,0.8212,15.7602,34.5643,16.6394,2.5825,14.0569,-0.0793,18385.1538,NA,NA,NA
chrome.exe,24952,0x2F262AA7E40,DXGI,0,0,0,Hardware Composed: Independent Flip,1081033809160,NA,16.93240000000000,16.67340000000000,15.46040000000000,49.29810000000001,64.5818,1081033797438,16.6326,1.1722,15.4604,34.6223,15.8480,1.7288,14.1192,-0.0920,18401.7352,NA,NA,NA
chrome.exe,24952,0x2F262AA7E40,DXGI,0,0,0,Hardware Composed: Independent Flip,1081033973553,NA,16.43930000000000,16.68560000000000,15.60980000000000,49.56460000000001,64.8281,1081033963764,16.5887,0.9789,15.6098,33.8377,16.7058,2.7190,13.9868,-0.0530,18418.3678,NA,NA,NA
chrome.exe,24952,0x2F262AA7E40,DXGI,0,0,0,Hardware Composed: Independent Flip,1081034141184,NA,16.76310000000000,16.63550000000000,15.66650000000000,49.52110000000000,64.7005,1081034129651,16.8198,1.1533,15.6665,33.9548,16.7196,2.3119,14.4077,-0.0468,18434.9565,NA,NA,NA
chrome.exe,24952,0x2F262AA7E40,DXGI,0,0,0,Hardware Composed: Independent Flip,1081034306824,NA,16.56400000000000,16.80440000000000,15.84790000000000,49.49310000000001,64.9409,1081034297849,16.7454,0.8975,15.8479,33.8546,16.5360,1.8991,14.6369,0.0154,18451.7763,NA,NA,NA
chrome.exe,24952,0x2F262AA7E40,DXGI,0,0,0,Hardware Composed: Independent Flip,1081034473820,NA,16.69960000000000,16.53820000000000,15.88670000000000,49.59490000000000,64.7795,1081034465303,16.7384,0.8517,15.8867,33.6452,16.8014,2.2368,14.5646,0.2072,18468.5217,NA,NA,NA
chrome.exe,24952,0x2F262AA7E40,DXGI,0,0,0,Hardware Composed: Independent Flip,1081034646350,NA,17.25300000000000,16.65640000000000,15.03280000000000,48.91520000000001,64.1829,1081034632687,16.3991,1.3663,15.0328,33.7082,16.5733,2.2254,14.3479,0.0820,18485.2601,NA,NA,NA
chrome.exe,24952,0x2F262AA7E40,DXGI,0,0,0,Hardware Composed: Independent Flip,1081034806660,NA,16.03100000000000,16.67230000000000,15.99530000000000,49.16740000000000,64.8242,1081034796678,16.9935,0.9982,15.9953,33.8824,16.2832,1.9658,14.3174,-0.2732,18501.6592,NA,NA,NA
chrome.exe,24952,0x2F262AA7E40,DXGI,0,0,0,Hardware Composed: Independent Flip,1081034983497,NA,17.68370000000000,16.66370000000000,14.75210000000000,48.56740000000000,63.8042,1081034966613,16.4405,1.6884,14.7521,33.1721,17.0837,2.5179,14.5658,0.3298,18518.6527,NA,NA,NA
chrome.exe,24952,0x2F262AA7E40,DXGI,0,0,0,Hardware Composed: Independent Flip,1081035141852,NA,15.83550000000000,16.68080000000000,15.19320000000000,48.94850000000000,64.6495,1081035131018,16.2766,1.0834,15.1932,33.8153,16.2166,1.8310,14.3856,-0.2403,18535.0932,NA,NA,NA
chrome.exe,24952,0x2F262AA7E40,DXGI,0,0,0,Hardware Composed: Independent Flip,1081035309620,NA,16.77680000000000,16.66280000000000,15.55440000000000,48.99600000000000,64.5355,1081035293784,17.1380,1.5836,15.5544,33.7553,16.8243,2.1187,14.7056,-0.3862,18551.3698,NA,NA,NA
chrome.exe,24952,0x2F262AA7E40,DXGI,0,0,0,Hardware Composed: Independent Flip,1081035474055,NA,16.44350000000000,16.67050000000000,15.27270000000000,49.46090000000000,64.7625,1081035465164,16.1618,0.8891,15.2727,33.4416,16.9084,2.5736,14.3348,0.4675,18568.5078,NA,NA,NA
chrome.exe,24952,0x2F262AA7E40,DXGI,0,0,0,Hardware Composed: Independent Flip,1081035639469,NA,16.54140000000000,16.68990000000000,15.54060000000000,49.56620000000000,64.9110,1081035626782,16.8093,1.2687,15.5406,34.1882,16.6467,2.1464,14.5003,-0.5281,18584.6696,NA,NA,NA
chrome.exe,24952,0x2F262AA7E40,DXGI,0,0,0,Hardware Composed: Independent Flip,1081035805851,NA,16.63820000000000,16.64110000000000,15.79810000000000,49.72300000000000,64.9139,1081035794875,16.8957,1.0976,15.7981,34.0256,16.7950,2.1507,14.6443,0.1682,18601.4789,NA,NA,NA
chrome.exe,24952,0x2F262AA7E40,DXGI,0,0,0,Hardware Composed: Independent Flip,1081035976151,NA,17.03000000000000,16.65290000000000,15.51810000000000,49.31170000000000,64.5368,1081035963832,16.7500,1.2319,15.5181,33.9249,16.6187,2.2827,14.3360,0.2428,18618.3746,NA,NA,NA
chrome.exe,24952,0x2F262AA7E40,DXGI,0,0,0,Hardware Composed: Independent Flip,1081036142447,NA,16.62960000000000,16.69430000000000,15.73510000000000,49.34620000000000,64.6015,1081036131332,16.8466,1.1115,15.7351,33.7936,16.6641,2.1426,14.5215,0.0557,18635.1246,NA,NA,NA
chrome.exe,24952,0x2F262AA7E40,DXGI,0,0,0,Hardware Composed: Independent Flip,1081036312657,NA,17.02100000000000,16.63940000000000,15.32210000000000,48.97410000000000,64.2199,1081036299798,16.6080,1.2859,15.3221,33.6111,16.6489,2.0586,14.5903,0.2072,18651.9712,NA,NA,NA
chrome.exe,24952,0x2F262AA7E40,DXGI,0,0,0,Hardware Composed: Independent Flip,1081036476981,NA,16.43240000000000,16.66230000000000,15.51300000000000,49.20840000000000,64.4498,1081036465878,16.6233,1.1103,15.5130,33.6520,16.6667,2.2421,14.4246,-0.0543,18668.5792,NA,NA,NA
chrome.exe,24952,0x2F262AA7E40,DXGI,0,0,0,Hardware Composed: Independent Flip,1081036643126,NA,16.61450000000000,16.69360000000000,15.44740000000000,48.86570000000000,64.5289,1081036632111,16.5489,1.1015,15.4474,33.6954,16.2718,1.9218,14.3500,-0.0703,18685.2025,NA,NA,NA
chrome.exe,24952,0x2F262AA7E40,DXGI,0,0,0,Hardware Composed: Independent Flip,1081036809036,NA,16.59100000000000,16.65400000000000,15.53410000000000,50.88060000000000,64.5919,1081036797600,16.6777,1.1436,15.5341,33.4183,18.6059,4.0715,14.5344,-0.1051,18701.7514,NA,NA,NA
chrome.exe,24952,0x2F262AA7E40,DXGI,0,0,0,Hardware Composed: Independent Flip,1081036972422,NA,16.33860000000000,16.65520000000000,15.43450000000000,50.36160000000000,64.9085,1081036964377,16.2390,0.8045,15.4345,35.3465,15.8196,3.7746,12.0450,0.0225,18718.4291,NA,NA,NA
chrome.exe,24952,0x2F262AA7E40,DXGI,0,0,0,Hardware Composed: Independent Flip,1081037136512,NA,16.40900000000000,16.66750000000000,15.71650000000000,50.74550000000000,65.1670,1081037126767,16.6910,0.9745,15.7165,34.9271,16.7929,2.6219,14.1710,-0.4285,18734.6681,NA,NA,NA
chrome.exe,24952,0x2F262AA7E40,DXGI,0,0,0,Hardware Composed: Independent Flip,1081037306391,NA,16.98790000000000,16.67130000000000,15.42240000000000,49.44290000000000,64.8504,1081037293677,16.6938,1.2714,15.4224,35.0290,15.6853,1.6249,14.0604,0.0197,18751.3591,NA,NA,NA
chrome.exe,24952,0x2F262AA7E40,DXGI,0,0,0,Hardware Composed: Independent Flip,1081037472198,NA,16.58070000000000,16.66750000000000,15.82180000000000,49.63470000000000,64.9372,1081037460615,16.9801,1.1583,15.8218,34.0205,16.7725,2.3462,14.4263,0.0263,18768.0529,NA,NA,NA
chrome.exe,24952,0x2F262AA7E40,DXGI,0,0,0,Hardware Composed: Independent Flip,1081037637519,NA,16.53210000000000,16.66590000000000,15.84700000000000,49.44250000000000,65.0710,1081037630416,16.5573,0.7103,15.8470,33.8129,16.3399,1.8778,14.4621,0.3142,18785.0330,NA,NA,NA
chrome.exe,24952,0x2F262AA7E40,DXGI,0,0,0,Hardware Composed: Independent Flip,1081037805311,NA,16.77920000000000,16.66340000000000,15.97790000000000,49.70540000000000,64.9552,1081037795989,16.9101,0.9322,15.9779,33.5955,17.0421,2.4856,14.5565,-0.1061,18801.5903,NA,NA,NA
chrome.exe,24952,0x2F262AA7E40,DXGI,0,0,0,Hardware Composed: Independent Flip,1081037978512,NA,17.32010000000000,16.66740000000000,14.90410000000000,49.06670000000000,64.3025,1081037965090,16.2463,1.3422,14.9041,33.7275,16.6814,2.1143,14.5671,0.2427,18818.5004,NA,NA,NA
chrome.exe,24952,0x2F262AA7E40,DXGI,0,0,0,Hardware Composed: Independent Flip,1081038139196,NA,16.06840000000000,16.65770000000000,15.96670000000000,49.66160000000000,64.8918,1081038127553,17.1310,1.1643,15.9667,34.1626,16.6633,2.1217,14.5416,-0.4114,18834.7467,NA,NA,NA
chrome.exe,24952,0x2F262AA7E40,DXGI,0,0,0,Hardware Composed: Independent Flip,1081038310323,NA,17.11270000000000,16.68400000000000,15.50740000000000,48.90970000000000,64.4631,1081038298863,16.6534,1.1460,15.5074,33.6949,16.3608,1.9539,14.4069,0.4470,18851.8777,NA,NA,NA
chrome.exe,24952,0x2F262AA7E40,DXGI,0,0,0,Hardware Composed: Independent Flip,1081038476005,NA,16.56820000000000,16.64950000000000,15.58010000000000,49.29690000000000,64.5444,1081038465397,16.6409,1.0608,15.5801,33.4023,16.9554,2.3350,14.6204,0.0039,18868.5311,NA,NA,NA
chrome.exe,24952,0x2F262AA7E40,DXGI,0,0,0,Hardware Composed: Independent Flip,1081038641966,NA,16.59610000000000,16.68040000000000,15.20690000000000,48.97140000000000,64.6287,1081038631806,16.2229,1.0160,15.2069,33.7168,16.2706,1.8910,14.3796,-0.0395,18885.1720,NA,NA,NA
chrome.exe,24952,0x2F262AA7E40,DXGI,0,0,0,Hardware Composed: Independent Flip,1081038806459,NA,16.44930000000000,16.66070000000000,15.87930000000000,49.54670000000000,64.8401,1081038794035,17.1217,1.2424,15.8793,33.7645,17.0246,2.2939,14.7307,-0.4378,18901.3949,NA,NA,NA
chrome.exe,24952,0x2F262AA7E40,DXGI,0,0,0,Hardware Composed: Independent Flip,1081038975320,NA,16.88610000000000,16.66790000000000,15.18960000000000,49.02820000000001,64.6219,1081038965252,16.1964,1.0068,15.1896,33.6674,16.3676,2.1872,14.1804,0.4538,18918.5166,NA,NA,NA
chrome.exe,24952,0x2F262AA7E40,DXGI,0,0,0,Hardware Composed: Independent Flip,1081039139337,NA,16.40170000000000,16.66710000000000,15.79090000000000,49.63400000000000,64.8873,1081039127216,17.0030,1.2121,15.7909,33.8386,17.0075,2.6412,14.3663,-0.4707,18934.7130,NA,NA,NA
chrome.exe,24952,0x2F262AA7E40,DXGI,0,0,0,Hardware Composed: Independent Flip,1081039307377,NA,16.80400000000000,16.67110000000000,15.37160000000000,49.40650000000000,64.7544,1081039297246,16.3847,1.0131,15.3716,33.8431,16.5765,2.2987,14.2778,0.3319,18951.7160,NA,NA,NA
chrome.exe,24952,0x2F262AA7E40,DXGI,0,0,0,Hardware Composed: Independent Flip,1081039473336,NA,16.59590000000000,16.67070000000000,15.88920000000000,49.23870000000000,64.8292,1081039461093,17.1135,1.2243,15.8892,34.0349,16.4281,1.9658,14.4623,-0.2860,18968.1007,NA,NA,NA
chrome.exe,24952,0x2F262AA7E40,DXGI,0,0,0,Hardware Composed: Independent Flip,1081039642364,NA,16.90280000000000,16.65840000000000,15.45450000000000,49.36320000000000,64.5848,1081039632228,16.4681,1.0136,15.4545,33.3495,17.0273,2.5974,14.4299,0.4551,18985.2142,NA,NA,NA
chrome.exe,24952,0x2F262AA7E40,DXGI,0,0,0,Hardware Composed: Independent Flip,1081039808574,NA,16.62100000000000,16.66700000000000,15.23360000000000,49.42300000000000,64.6308,1081039796909,16.4001,1.1665,15.2336,33.9087,16.6808,2.2385,14.4423,-0.1989,19001.6823,NA,NA,NA
chrome.exe,24952,0x2F262AA7E40,DXGI,0,0,0,Hardware Composed: Independent Flip,1081039973028,NA,16.44540000000000,16.66220000000000,15.92530000000000,50.39820000000000,64.8476,1081039960910,17.1371,1.2118,15.9253,34.1894,17.4206,2.9474,14.4732,-0.2621,19018.0824,NA,NA,NA
chrome.exe,24952,0x2F262AA7E40,DXGI,0,0,0,Hardware Composed: Independent Flip,1081040151921,NA,17.88930000000000,16.67170000000000,14.69440000000000,48.40370000000000,63.6300,1081040132281,16.6584,1.9640,14.6944,34.4729,15.8948,1.8406,14.0542,0.4654,19035.2195,NA,NA,NA
chrome.exe,24952,0x2F262AA7E40,DXGI,0,0,0,Hardware Composed: Independent Flip,1081040310617,NA,15.86960000000000,16.67110000000000,15.30310000000000,49.13300000000000,64.4315,1081040298865,16.4783,1.1752,15.3031,33.7093,16.5989,2.0445,14.5544,-0.0127,19051.8779,NA,NA,NA
chrome.exe,24952,0x2F262AA7E40,DXGI,0,0,0,Hardware Composed: Independent Flip,1081040475534,NA,16.49170000000000,16.75420000000000,15.71040000000000,49.06850000000000,64.6940,1081040463648,16.8990,1.1886,15.7104,33.8299,16.4272,1.7288,14.6984,-0.2759,19068.3562,NA,NA,NA
chrome.exe,24952,0x2F262AA7E40,DXGI,0,0,0,Hardware Composed: Independent Flip,1081040643446,NA,16.79120000000000,16.58600000000000,15.36590000000000,49.32290000000000,64.4888,1081040632638,16.4467,1.0808,15.3659,33.3581,17.0456,2.1961,14.8495,0.3130,19085.2552,NA,NA,NA
chrome.exe,24952,0x2F262AA7E40,DXGI,0,0,0,Hardware Composed: Independent Flip,1081040812545,NA,16.90990000000000,16.64840000000000,14.87720000000000,48.77520000000001,64.2273,1081040797105,16.4212,1.5440,14.8772,33.9570,16.3622,1.7316,14.6306,-0.2017,19101.7019,NA,NA,NA
chrome.exe,24952,0x2F262AA7E40,DXGI,0,0,0,Hardware Composed: Independent Flip,1081040974851,NA,16.23060000000000,16.70950000000000,15.85490000000000,49.31820000000000,64.7062,1081040961317,17.2083,1.3534,15.8549,33.8980,16.7736,2.2055,14.5681,-0.2883,19118.1231,NA,NA,NA
chrome.exe,24952,0x2F262AA7E40,DXGI,0,0,0,Hardware Composed: Independent Flip,1081041147406,NA,17.25550000000000,16.63760000000000,14.75240000000000,48.92210000000000,64.0883,1081041133400,16.1530,1.4006,14.7524,33.4633,16.8594,2.6644,14.1950,0.5707,19135.3314,NA,NA,NA
chrome.exe,24952,0x2F262AA7E40,DXGI,0,0,0,Hardware Composed: Independent Flip,1081041306896,NA,15.94900000000000,16.66140000000000,15.62120000000000,49.51910000000000,64.8007,1081041294930,16.8178,1.1966,15.6212,34.1697,16.5460,2.3126,14.2334,-0.5084,19151.4844,NA,NA,NA
chrome.exe,24952,0x2F262AA7E40,DXGI,0,0,0,Hardware Composed: Independent Flip,1081041474872,NA,16.79760000000000,16.65910000000000,15.76300000000000,49.04870000000000,64.6622,1081041463108,16.9394,1.1764,15.7630,33.8979,16.3272,1.9200,14.4072,0.1587,19168.3022,NA,NA,NA
chrome.exe,24952,0x2F262AA7E40,DXGI,0,0,0,Hardware Composed: Independent Flip,1081041642251,NA,16.73790000000000,16.66960000000000,15.55090000000000,49.32480000000000,64.5939,1081041632502,16.5258,0.9749,15.5509,33.2857,17.0140,2.5468,14.4672,0.2698,19185.2416,NA,NA,NA
chrome.exe,24952,0x2F262AA7E40,DXGI,0,0,0,Hardware Composed: Independent Flip,1081041809183,NA,16.69320000000000,16.70260000000000,15.13290000000000,49.34470000000000,64.6033,1081041797760,16.2752,1.1423,15.1329,33.7739,16.7131,2.2063,14.5068,-0.1768,19201.7674,NA,NA,NA
chrome.exe,24952,0x2F262AA7E40,DXGI,0,0,0,Hardware Composed: Independent Flip,1081041970084,NA,16.09010000000000,16.63740000000000,16.01720000000000,49.93250000000000,65.1506,1081041960512,16.9744,0.9572,16.0172,34.2118,16.6779,2.0555,14.6224,-0.3622,19218.0426,NA,NA,NA
chrome.exe,24952,0x2F262AA7E40,DXGI,0,0,0,Hardware Composed: Independent Flip,1081042141379,NA,17.12950000000000,16.66600000000000,15.72470000000000,49.47830000000000,64.6871,1081042130256,16.8370,1.1123,15.7247,33.9153,16.6753,2.2537,14.4216,0.3084,19235.0170,NA,NA,NA
chrome.exe,24952,0x2F262AA7E40,DXGI,0,0,0,Hardware Composed: Independent Flip,1081042312318,NA,17.09390000000000,16.65520000000000,15.32140000000000,48.63270000000000,64.2484,1081042298626,16.6906,1.3692,15.3214,33.7536,16.2483,1.8790,14.3693,0.1818,19251.8540,NA,NA,NA
chrome.exe,24952,0x2F262AA7E40,DXGI,0,0,0,Hardware Composed: Independent Flip,1081042474690,NA,16.23720000000000,16.72250000000000,15.77610000000000,49.33920000000001,64.7337,1081042465532,16.6919,0.9158,15.7761,33.3113,16.9437,2.2834,14.6603,-0.0319,19268.5446,NA,NA,NA
chrome.exe,24952,0x2F262AA7E40,DXGI,0,0,0,Hardware Composed: Independent Flip,1081042644483,NA,16.97930000000000,16.62950000000000,14.96600000000000,49.15950000000000,64.3839,1081042632451,16.1692,1.2032,14.9660,33.5631,16.7996,2.2338,14.5658,0.0624,19285.2365,NA,NA,NA
chrome.exe,24952,0x2F262AA7E40,DXGI,0,0,0,Hardware Composed: Independent Flip,1081042806030,NA,16.15470000000000,16.64910000000000,15.72540000000000,49.63320000000000,64.8783,1081042794143,16.9141,1.1887,15.7254,34.1935,16.6284,2.3302,14.2982,-0.4799,19301.4057,NA,NA,NA
chrome.exe,24952,0x2F262AA7E40,DXGI,0,0,0,Hardware Composed: Independent Flip,1081042974478,NA,16.84480000000000,16.67000000000000,15.81080000000000,49.39800000000000,64.7035,1081042963284,16.9302,1.1194,15.8108,33.9078,16.6096,2.3193,14.2903,0.2441,19318.3198,NA,NA,NA
chrome.exe,24952,0x2F262AA7E40,DXGI,0,0,0,Hardware Composed: Independent Flip,1081043143514,NA,16.90360000000000,16.65930000000000,15.40340000000000,49.20230000000000,64.4592,1081043132586,16.4962,1.0928,15.4034,33.5872,16.7079,2.1420,14.5659,0.2709,19335.2500,NA,NA,NA
chrome.exe,24952,0x2F262AA7E40,DXGI,0,0,0,Hardware Composed: Independent Flip,1081043310446,NA,16.69320000000000,16.68110000000000,15.32640000000000,48.80820000000000,64.4471,1081043297548,16.6162,1.2898,15.3264,33.7989,16.2991,1.9152,14.3839,-0.1849,19351.7462,NA,NA,NA
chrome.exe,24952,0x2F262AA7E40,DXGI,0,0,0,Hardware Composed: Independent Flip,1081043476896,NA,16.64500000000000,16.65630000000000,15.37530000000000,49.18320000000000,64.4584,1081043463710,16.6939,1.3186,15.3753,33.4818,17.0200,2.4311,14.5889,-0.0401,19368.3624,NA,NA,NA
chrome.exe,24952,0x2F262AA7E40,DXGI,0,0,0,Hardware Composed: Independent Flip,1081043639424,NA,16.25280000000000,16.66950000000000,15.43100000000000,49.40150000000001,64.8751,1081043630649,16.3085,0.8775,15.4310,33.8079,16.4711,2.0658,14.4053,0.0244,19385.0563,NA,NA,NA
chrome.exe,24952,0x2F262AA7E40,DXGI,0,0,0,Hardware Composed: Independent Flip,1081043804681,NA,16.52570000000000,16.66300000000000,15.91620000000000,49.73900000000000,65.0124,1081043793734,17.0109,1.0947,15.9162,33.9705,16.8632,2.5908,14.2724,-0.3545,19401.3648,NA,NA,NA
chrome.exe,24952,0x2F262AA7E40,DXGI,0,0,0,Hardware Composed: Independent Flip,1081043972184,NA,16.75030000000000,16.67060000000000,15.64820000000000,49.68840000000000,64.9327,1081043963843,16.4823,0.8341,15.6482,33.8228,16.6997,2.6138,14.0859,0.3403,19418.3757,NA,NA,NA
chrome.exe,24952,0x2F262AA7E40,DXGI,0,0,0,Hardware Composed: Independent Flip,1081044136578,NA,16.43940000000000,16.66190000000000,16.20530000000000,49.90950000000000,65.1552,1081044128666,16.9965,0.7912,16.2053,34.0402,16.6605,2.2835,14.3770,-0.1796,19434.8580,NA,NA,NA
chrome.exe,24952,0x2F262AA7E40,DXGI,0,0,0,Hardware Composed: Independent Flip,1081044307339,NA,17.07610000000000,16.68340000000000,15.79890000000000,49.33500000000000,64.7625,1081044298631,16.6697,0.8708,15.7989,33.7042,16.5016,2.2898,14.2118,0.3131,19451.8545,NA,NA,NA
chrome.exe,24952,0x2F262AA7E40,DXGI,0,0,0,Hardware Composed: Independent Flip,1081044473589,NA,16.62500000000000,16.65330000000000,15.77980000000000,49.56920000000000,64.7908,1081044465328,16.6059,0.8261,15.7798,33.5361,16.8592,2.4014,14.4578,0.0164,19468.5242,NA,NA,NA
chrome.exe,24952,0x2F262AA7E40,DXGI,0,0,0,Hardware Composed: Independent Flip,1081044638956,NA,16.53670000000000,16.67970000000000,15.68650000000000,49.65770000000001,64.9338,1081044631387,16.4434,0.7569,15.6865,33.7894,16.6252,2.2816,14.3436,-0.0738,19485.1301,NA,NA,NA
chrome.exe,24952,0x2F262AA7E40,DXGI,0,0,0,Hardware Composed: Independent Flip,1081044803751,NA,16.47950000000000,16.64830000000000,16.01640000000000,49.85000000000000,65.1026,1081044795821,16.8094,0.7930,16.0164,33.9712,16.6718,2.4927,14.1791,-0.2049,19501.5735,NA,NA,NA
chrome.exe,24952,0x2F262AA7E40,DXGI,0,0,0,Hardware Composed: Independent Flip,1081044972976,NA,16.92250000000000,16.68310000000000,15.83420000000000,49.19240000000000,64.8632,1081044963915,16.7403,0.9061,15.8342,33.8336,16.2649,1.9311,14.3338,0.1263,19518.3829,NA,NA,NA
chrome.exe,24952,0x2F262AA7E40,DXGI,0,0,0,Hardware Composed: Independent Flip,1081045140032,NA,16.70560000000000,16.65650000000000,15.73240000000000,49.52460000000000,64.8141,1081045131318,16.6038,0.8714,15.7324,33.3582,17.0378,2.4518,14.5860,0.0838,19535.1232,NA,NA,NA
chrome.exe,24952,0x2F262AA7E40,DXGI,0,0,0,Hardware Composed: Independent Flip,1081045309725,NA,16.96930000000000,16.66800000000000,15.05360000000000,49.12090000000000,64.5128,1081045297356,16.2905,1.2369,15.0536,33.7922,16.5656,2.1911,14.3745,-0.0642,19551.7270,NA,NA,NA
chrome.exe,24952,0x2F262AA7E40,DXGI,0,0,0,Hardware Composed: Independent Flip,1081045486241,NA,17.65160000000000,16.66670000000000,14.43600000000000,48.23910000000000,63.5279,1081045460261,17.0340,2.5980,14.4360,34.0673,16.7698,2.1067,14.6631,-0.3762,19568.0175,NA,NA,NA
chrome.exe,24952,0x2F262AA7E40,DXGI,0,0,0,Hardware Composed: Independent Flip,1081045639594,NA,15.33530000000000,16.65850000000000,15.67660000000000,49.57590000000000,64.8511,1081045630601,16.5759,0.8993,15.6766,33.8031,16.6721,2.0588,14.6133,0.3755,19585.0515,NA,NA,NA
chrome.exe,24952,0x2F262AA7E40,DXGI,0,0,0,Hardware Composed: Independent Flip,1081045808188,NA,16.85940000000000,16.70900000000000,15.57690000000000,49.47160000000000,64.7007,1081045796360,16.7597,1.1828,15.5769,33.8993,16.7551,2.3473,14.4078,-0.1331,19601.6274,NA,NA,NA
chrome.exe,24952,0x2F262AA7E40,DXGI,0,0,0,Hardware Composed: Independent Flip,1081045975657,NA,16.74690000000000,16.62860000000000,15.49730000000000,49.37630000000000,64.5824,1081045963957,16.6673,1.1700,15.4973,33.8947,16.6516,2.1535,14.4981,0.1311,19618.3871,NA,NA,NA
chrome.exe,24952,0x2F262AA7E40,DXGI,0,0,0,Hardware Composed: Independent Flip,1081046144276,NA,16.86190000000000,16.66420000000000,15.40200000000000,48.78590000000001,64.3847,1081046130630,16.7666,1.3646,15.4020,33.8790,16.2715,2.0619,14.2096,0.0031,19635.0544,NA,NA,NA
chrome.exe,24952,0x2F262AA7E40,DXGI,0,0,0,Hardware Composed: Independent Flip,1081046308784,NA,16.45080000000000,16.66400000000000,15.69150000000000,49.31960000000000,64.5979,1081046298296,16.7403,1.0488,15.6915,33.3839,16.9845,2.6481,14.3364,0.1026,19651.8210,NA,NA,NA
chrome.exe,24952,0x2F262AA7E40,DXGI,0,0,0,Hardware Composed: Independent Flip,1081046476768,NA,16.79840000000000,16.67540000000000,15.00810000000000,49.11530000000000,64.4749,1081046465699,16.1150,1.1069,15.0081,33.6281,16.5941,2.2037,14.3904,0.0649,19668.5613,NA,NA,NA
chrome.exe,24952,0x2F262AA7E40,DXGI,0,0,0,Hardware Composed: Independent Flip,1081046635637,NA,15.88690000000000,16.65110000000000,16.18390000000000,49.99720000000000,65.2391,1081046626849,17.0627,0.8788,16.1839,34.1072,16.7688,2.3664,14.4024,-0.5361,19684.6763,NA,NA,NA
chrome.exe,24952,0x2F262AA7E40,DXGI,0,0,0,Hardware Composed: Independent Flip,1081046805090,NA,16.94530000000000,16.71030000000000,15.80420000000000,49.70020000000000,65.0041,1081046797476,16.5656,0.7614,15.8042,33.8133,16.6483,2.2808,14.3675,0.3524,19701.7390,NA,NA,NA
chrome.exe,24952,0x2F262AA7E40,DXGI,0,0,0,Hardware Composed: Independent Flip,1081046972143,NA,16.70530000000000,16.66790000000000,15.92980000000000,49.58360000000000,64.9667,1081046963132,16.8309,0.9011,15.9298,33.8960,16.5887,2.0588,14.5299,-0.1023,19718.3046,NA,NA,NA
chrome.exe,24952,0x2F262AA7E40,DXGI,0,0,0,Hardware Composed: Independent Flip,1081047140589,NA,16.84460000000000,16.63420000000000,15.72060000000000,49.27890000000000,64.7563,1081047131441,16.6354,0.9148,15.7206,33.6538,16.5399,2.2140,14.3259,0.1967,19735.1355,NA,NA,NA
chrome.exe,24952,0x2F262AA7E40,DXGI,0,0,0,Hardware Composed: Independent Flip,1081047309754,NA,16.91650000000000,16.67720000000000,15.29350000000000,48.89510000000000,64.5170,1081047297795,16.4894,1.1959,15.2935,33.5583,16.5327,1.8403,14.6924,-0.0418,19751.7709,NA,NA,NA
chrome.exe,24952,0x2F262AA7E40,DXGI,0,0,0,Hardware Composed: Independent Flip,1081047479065,NA,16.93110000000000,16.66410000000000,14.96400000000000,48.64280000000000,64.2500,1081047462689,16.6016,1.6376,14.9640,33.6016,16.6788,1.9239,14.7549,-0.1747,19768.2603,NA,NA,NA
chrome.exe,24952,0x2F262AA7E40,DXGI,0,0,0,Hardware Composed: Independent Flip,1081047641640,NA,16.25750000000000,16.67030000000000,15.41980000000000,49.04890000000000,64.6628,1081047628705,16.7133,1.2935,15.4198,33.6788,16.6636,3.8874,12.7762,-0.0687,19784.8619,NA,NA,NA
chrome.exe,24952,0x2F262AA7E40,DXGI,0,0,0,Hardware Composed: Independent Flip,1081047805298,NA,16.36580000000000,16.65690000000000,15.55870000000000,49.33230000000000,64.9539,1081047795838,16.5047,0.9460,15.5587,33.6291,16.6492,2.4691,14.1801,0.0564,19801.5752,NA,NA,NA
chrome.exe,24952,0x2F262AA7E40,DXGI,0,0,0,Hardware Composed: Independent Flip,1081047973652,NA,16.83540000000000,16.67060000000000,15.39340000000000,49.55940000000000,64.7891,1081047960885,16.6701,1.2767,15.3934,33.7736,17.0625,3.8121,13.2504,-0.1659,19818.0799,NA,NA,NA
chrome.exe,24952,0x2F262AA7E40,DXGI,0,0,0,Hardware Composed: Independent Flip,1081048139852,NA,16.62000000000000,16.66140000000000,15.41140000000000,49.53080000000000,64.8305,1081048127586,16.6380,1.2266,15.4114,34.1660,16.5914,4.2060,12.3854,0.0087,19834.7500,NA,NA,NA
chrome.exe,24952,0x2F262AA7E40,DXGI,0,0,0,Hardware Composed: Independent Flip,1081048307014,NA,16.71620000000000,16.70700000000000,15.84310000000000,49.14360000000000,64.8213,1081048293966,17.1479,1.3048,15.8431,34.1194,16.3290,3.8832,12.4458,-0.0690,19851.3880,NA,NA,NA
chrome.exe,24952,0x2F262AA7E40,DXGI,0,0,0,Hardware Composed: Independent Flip,1081048477345,NA,17.03310000000000,16.61780000000000,15.32140000000000,49.10060000000000,64.4060,1081048465445,16.5114,1.1900,15.3214,33.3005,16.9901,3.4937,13.4964,0.5301,19868.5359,NA,NA,NA
chrome.exe,24952,0x2F262AA7E40,DXGI,0,0,0,Hardware Composed: Independent Flip,1081048643005,NA,16.56600000000000,16.67610000000000,15.11220000000000,48.91590000000000,64.5161,1081048630559,16.3568,1.2446,15.1122,33.7792,16.3813,2.9865,13.3948,-0.1647,19885.0473,NA,NA,NA
chrome.exe,24952,0x2F262AA7E40,DXGI,0,0,0,Hardware Composed: Independent Flip,1081048806762,NA,16.37570000000000,16.66340000000000,15.64060000000000,49.43140000000000,64.8038,1081048794127,16.9041,1.2635,15.6406,33.8037,16.8912,4.3140,12.5772,-0.3066,19901.4041,NA,NA,NA
chrome.exe,24952,0x2F262AA7E40,DXGI,0,0,0,Hardware Composed: Independent Flip,1081048976703,NA,16.99410000000000,16.71170000000000,15.03350000000000,49.07250000000001,64.5214,1081048963168,16.3870,1.3535,15.0335,33.7908,16.6352,4.2052,12.4300,0.1924,19918.3082,NA,NA,NA
chrome.exe,24952,0x2F262AA7E40,DXGI,0,0,0,Hardware Composed: Independent Flip,1081049139774,NA,16.30710000000000,16.62320000000000,15.65460000000000,51.79120000000000,64.8375,1081049127038,16.9282,1.2736,15.6546,34.0390,19.0258,6.4144,12.6114,-0.2362,19934.6952,NA,NA,NA
chrome.exe,24952,0x2F262AA7E40,DXGI,0,0,0,Hardware Composed: Independent Flip,1081049309648,NA,16.98740000000000,16.70240000000000,15.33820000000000,49.10460000000000,64.5525,1081049296320,16.6710,1.3328,15.3382,36.1366,14.3008,1.6071,12.6937,0.2258,19951.6234,NA,NA,NA
chrome.exe,24952,0x2F262AA7E40,DXGI,0,0,0,Hardware Composed: Independent Flip,1081049475665,NA,16.60170000000000,16.67310000000000,15.40440000000000,49.17630000000000,64.6239,1081049463030,16.6679,1.2635,15.4044,33.7664,16.6734,3.1447,13.5287,-0.0021,19968.2944,NA,NA,NA
chrome.exe,24952,0x2F262AA7E40,DXGI,0,0,0,Hardware Composed: Independent Flip,1081049640419,NA,16.47540000000000,16.67760000000000,15.55230000000000,49.39370000000000,64.8261,1081049629709,16.6233,1.0710,15.5523,33.7719,16.6928,3.6620,13.0308,-0.0097,19984.9623,NA,NA,NA
chrome.exe,24952,0x2F262AA7E40,DXGI,0,0,0,Hardware Composed: Independent Flip,1081049807214,NA,16.67950000000000,16.64090000000000,15.49490000000000,49.39380000000000,64.7875,1081049795942,16.6221,1.1272,15.4949,33.8414,16.6796,4.2274,12.4522,-0.0176,20001.5856,NA,NA,NA
chrome.exe,24952,0x2F262AA7E40,DXGI,0,0,0,Hardware Composed: Independent Flip,1081049972972,NA,16.57580000000000,16.64670000000000,15.62170000000000,49.69800000000000,64.8584,1081049962163,16.7026,1.0809,15.6217,33.8989,16.8800,4.4147,12.4653,-0.0246,20018.2077,NA,NA,NA
chrome.exe,24952,0x2F262AA7E40,DXGI,0,0,0,Hardware Composed: Independent Flip,1081050139908,NA,16.69360000000000,16.65760000000000,15.63500000000000,49.36420000000000,64.8224,1081050129189,16.7069,1.0719,15.6350,34.0763,16.3598,3.1520,13.2078,0.0450,20034.9103,NA,NA,NA
chrome.exe,24952,0x2F262AA7E40,DXGI,0,0,0,Hardware Composed: Independent Flip,1081050308064,NA,16.81560000000000,16.67580000000000,15.79890000000000,49.40360000000000,64.6826,1081050296258,16.9795,1.1806,15.7989,33.7292,16.8550,3.3371,13.5179,0.0311,20051.6172,NA,NA,NA
chrome.exe,24952,0x2F262AA7E40,DXGI,0,0,0,Hardware Composed: Independent Flip,1081050477372,NA,16.93080000000000,16.65920000000000,15.04550000000000,48.89420000000000,64.4110,1081050466053,16.1774,1.1319,15.0455,33.6047,16.4214,4.0551,12.3663,0.3203,20068.5967,NA,NA,NA
chrome.exe,24952,0x2F262AA7E40,DXGI,0,0,0,Hardware Composed: Independent Flip,1081050640425,NA,16.30530000000000,16.66480000000000,15.72340000000000,49.14500000000000,64.7705,1081050627827,16.9832,1.2598,15.7234,33.8487,16.5561,3.4801,13.0760,-0.4874,20084.7741,NA,NA,NA
chrome.exe,24952,0x2F262AA7E40,DXGI,0,0,0,Hardware Composed: Independent Flip,1081050808754,NA,16.83290000000000,16.67180000000000,15.17510000000000,49.20570000000000,64.6094,1081050797659,16.2846,1.1095,15.1751,33.4216,16.8936,4.1952,12.6984,0.3114,20101.7573,NA,NA,NA
chrome.exe,24952,0x2F262AA7E40,DXGI,0,0,0,Hardware Composed: Independent Flip,1081050970147,NA,16.13930000000000,16.65810000000000,15.70150000000000,49.55210000000000,65.1282,1081050960505,16.6657,0.9642,15.7015,34.0306,16.4857,3.1637,13.3220,-0.3735,20118.0419,NA,NA,NA
chrome.exe,24952,0x2F262AA7E40,DXGI,0,0,0,Hardware Composed: Independent Flip,1081051140858,NA,17.07110000000000,16.67600000000000,15.54640000000000,49.53100000000001,64.7331,1081051127162,16.9160,1.3696,15.5464,33.8506,17.0500,3.4160,13.6340,-0.0103,20134.7076,NA,NA,NA
chrome.exe,24952,0x2F262AA7E40,DXGI,0,0,0,Hardware Composed: Independent Flip,1081051309244,NA,16.83860000000000,16.65710000000000,15.18240000000000,49.12130000000001,64.5516,1081051296322,16.4746,1.2922,15.1824,33.9846,16.4289,3.7553,12.6736,0.2589,20151.6236,NA,NA,NA
chrome.exe,24952,0x2F262AA7E40,DXGI,0,0,0,Hardware Composed: Independent Flip,1081051474615,NA,16.53710000000000,16.67430000000000,15.79250000000000,49.06060000000000,64.6888,1081051461068,17.1472,1.3547,15.7925,33.9389,16.4764,3.9851,12.4913,-0.1997,20168.0982,NA,NA,NA
chrome.exe,24952,0x2F262AA7E40,DXGI,0,0,0,Hardware Composed: Independent Flip,1081051646976,NA,17.23610000000000,16.66430000000000,14.88740000000000,48.45170000000000,64.1170,1081051632540,16.3310,1.4436,14.8874,33.2681,16.6272,3.8384,12.7888,0.4829,20185.2454,NA,NA,NA
chrome.exe,24952,0x2F262AA7E40,DXGI,0,0,0,Hardware Composed: Independent Flip,1081051808944,NA,16.19680000000000,16.66450000000000,15.15050000000000,49.33940000000000,64.5847,1081051795850,16.4599,1.3094,15.1505,33.5643,17.0845,3.6330,13.4515,-0.3335,20201.5764,NA,NA,NA
chrome.exe,24952,0x2F262AA7E40,DXGI,0,0,0,Hardware Composed: Independent Flip,1081051975162,NA,16.62180000000000,16.67110000000000,15.19350000000000,49.36590000000000,64.6340,1081051960449,16.6648,1.4713,15.1935,34.1889,16.6483,3.5283,13.1200,-0.2112,20218.0363,NA,NA,NA
chrome.exe,24952,0x2F262AA7E40,DXGI,0,0,0,Hardware Composed: Independent Flip,1081052139928,NA,16.47660000000000,16.67870000000000,15.74410000000000,49.60750000000000,64.8361,1081052127097,17.0272,1.2831,15.7441,34.1724,16.7182,4.1377,12.5805,-0.0139,20234.7011,NA,NA,NA
chrome.exe,24952,0x2F262AA7E40,DXGI,0,0,0,Hardware Composed: Independent Flip,1081052312486,NA,17.25580000000000,16.65410000000000,15.27530000000000,48.88890000000000,64.2344,1081052297369,16.7870,1.5117,15.2753,33.8634,16.5372,3.9749,12.5623,0.3731,20251.7283,NA,NA,NA
chrome.exe,24952,0x2F262AA7E40,DXGI,0,0,0,Hardware Composed: Independent Flip,1081052476483,NA,16.39970000000000,16.66870000000000,15.55880000000000,49.13810000000000,64.5034,1081052465239,16.6832,1.1244,15.5588,33.6136,16.6489,4.1989,12.4500,0.1183,20268.5153,NA,NA,NA
chrome.exe,24952,0x2F262AA7E40,DXGI,0,0,0,Hardware Composed: Independent Flip,1081052644721,NA,16.82380000000000,16.65760000000000,15.17030000000000,49.01880000000000,64.3372,1081052632071,16.4353,1.2650,15.1703,33.5793,16.7045,3.3655,13.3390,0.0256,20285.1985,NA,NA,NA
chrome.exe,24952,0x2F262AA7E40,DXGI,0,0,0,Hardware Composed: Independent Flip,1081052808762,NA,16.40410000000000,16.66610000000000,15.41990000000000,49.20930000000000,64.5992,1081052796424,16.6537,1.2338,15.4199,33.8485,16.5946,2.2899,14.3047,-0.2308,20301.6338,NA,NA,NA
chrome.exe,24952,0x2F262AA7E40,DXGI,0,0,0,Hardware Composed: Independent Flip,1081052975957,NA,16.71950000000000,16.68570000000000,15.44800000000000,49.22670000000000,64.5654,1081052962961,16.7476,1.2996,15.4480,33.7894,16.7369,2.2199,14.5170,-0.0320,20318.2875,NA,NA,NA
chrome.exe,24952,0x2F262AA7E40,DXGI,0,0,0,Hardware Composed: Independent Flip,1081053140767,NA,16.48100000000000,16.64820000000000,15.53100000000000,49.52510000000000,64.7326,1081053130437,16.5640,1.0330,15.5310,33.7787,16.7794,1.9658,14.8136,0.0994,20335.0351,NA,NA,NA
chrome.exe,24952,0x2F262AA7E40,DXGI,0,0,0,Hardware Composed: Independent Flip,1081053306582,NA,16.58150000000000,16.66910000000000,15.71180000000000,49.41450000000000,64.8202,1081053296077,16.7623,1.0505,15.7118,33.9941,16.4709,1.8045,14.6664,-0.1051,20351.5991,NA,NA,NA
chrome.exe,24952,0x2F262AA7E40,DXGI,0,0,0,Hardware Composed: Independent Flip,1081053488258,NA,18.16760000000000,16.64850000000000,14.46480000000000,47.68980000000001,63.3011,1081053463700,16.9206,2.4558,14.4648,33.7027,16.4429,1.9834,14.4595,0.1138,20368.3614,NA,NA,NA
chrome.exe,24952,0x2F262AA7E40,DXGI,0,0,0,Hardware Composed: Independent Flip,1081053645518,NA,15.72600000000000,16.68390000000000,15.06480000000000,48.89570000000001,64.2590,1081053632906,16.3260,1.2612,15.0648,33.2250,16.9319,2.3730,14.5589,0.2367,20385.2820,NA,NA,NA
chrome.exe,24952,0x2F262AA7E40,DXGI,0,0,0,Hardware Composed: Independent Flip,1081053808123,NA,16.26050000000000,16.66860000000000,15.26230000000000,49.04870000000000,64.6671,1081053796166,16.4580,1.1957,15.2623,33.8309,16.4135,2.0918,14.3217,-0.3426,20401.6080,NA,NA,NA
chrome.exe,24952,0x2F262AA7E40,DXGI,0,0,0,Hardware Composed: Independent Flip,1081053970543,NA,16.24200000000000,16.65580000000000,15.91810000000000,49.85160000000000,65.0809,1081053960746,16.8978,0.9797,15.9181,33.7864,17.0449,2.6305,14.4144,-0.1978,20418.0660,NA,NA,NA
chrome.exe,24952,0x2F262AA7E40,DXGI,0,0,0,Hardware Composed: Independent Flip,1081054140190,NA,16.96470000000000,16.67450000000000,15.35920000000000,49.58720000000000,64.7907,1081054129724,16.4058,1.0466,15.3592,33.9335,16.7003,2.4485,14.2518,0.2233,20434.9638,NA,NA,NA
chrome.exe,24952,0x2F262AA7E40,DXGI,0,0,0,Hardware Composed: Independent Flip,1081054308345,NA,16.81550000000000,16.66720000000000,15.69990000000000,49.38800000000001,64.6424,1081054293782,17.1562,1.4563,15.6999,34.2280,16.6163,2.0531,14.5632,-0.2614,20451.3696,NA,NA,NA
chrome.exe,24952,0x2F262AA7E40,DXGI,0,0,0,Hardware Composed: Independent Flip,1081054474643,NA,16.62980000000000,16.66400000000000,15.72650000000000,49.41640000000000,64.6766,1081054465344,16.6564,0.9299,15.7265,33.6881,16.6582,2.2173,14.4409,0.4922,20468.5258,NA,NA,NA
chrome.exe,24952,0x2F262AA7E40,DXGI,0,0,0,Hardware Composed: Independent Flip,1081054642972,NA,16.83290000000000,16.69730000000000,15.51900000000000,48.88330000000001,64.5410,1081054631908,16.6254,1.1064,15.5190,33.6899,16.2998,2.0728,14.2270,-0.0409,20485.1822,NA,NA,NA
chrome.exe,24952,0x2F262AA7E40,DXGI,0,0,0,Hardware Composed: Independent Flip,1081054808039,NA,16.50670000000000,16.77980000000000,15.64800000000000,49.49370000000000,64.8141,1081054798162,16.6357,0.9877,15.6480,33.3643,17.1171,2.7375,14.3796,-0.1544,20501.8076,NA,NA,NA
chrome.exe,24952,0x2F262AA7E40,DXGI,0,0,0,Hardware Composed: Independent Flip,1081054972935,NA,16.48960000000000,16.60400000000000,15.42310000000000,49.80830000000000,64.9285,1081054964519,16.2647,0.8416,15.4231,33.8457,16.8042,2.0344,14.7698,0.0317,20518.4433,NA,NA,NA
chrome.exe,24952,0x2F262AA7E40,DXGI,0,0,0,Hardware Composed: Independent Flip,1081055135117,NA,16.21820000000000,16.65200000000000,16.35970000000000,50.18170000000000,65.3623,1081055127166,17.1548,0.7951,16.3597,34.3852,16.5916,2.3085,14.2831,-0.3873,20534.7080,NA,NA,NA
chrome.exe,24952,0x2F262AA7E40,DXGI,0,0,0,Hardware Composed: Independent Flip,1081055312389,NA,17.72720000000000,16.65160000000000,15.60880000000000,49.16520000000001,64.2867,1081055298714,16.9763,1.3675,15.6088,33.8220,16.7107,2.0619,14.6488,0.5032,20551.8628,NA,NA,NA
chrome.exe,24952,0x2F262AA7E40,DXGI,0,0,0,Hardware Composed: Independent Flip,1081055484937,NA,17.25480000000000,16.60930000000000,14.82270000000000,48.49660000000000,63.6412,1081055468477,16.4687,1.6460,14.8227,33.5564,16.5862,1.9946,14.5916,0.3670,20568.8391,NA,NA,NA
chrome.exe,24952,0x2F262AA7E40,DXGI,0,0,0,Hardware Composed: Independent Flip,1081055657139,NA,17.22020000000000,16.67020000000000,14.17440000000000,47.41350000000000,63.0912,1081055633164,16.5719,2.3975,14.1744,33.6739,16.1371,1.5106,14.6265,-0.2015,20585.3078,NA,NA,NA
chrome.exe,24952,0x2F262AA7E40,DXGI,0,0,0,Hardware Composed: Independent Flip,1081055814159,NA,15.70200000000000,16.69530000000000,15.20370000000000,50.25510000000001,64.0845,1081055798883,16.7313,1.5276,15.2037,33.2391,18.5436,4.0695,14.4741,-0.1234,20601.8797,NA,NA,NA
chrome.exe,24952,0x2F262AA7E40,DXGI,0,0,0,Hardware Composed: Independent Flip,1081055980150,NA,16.59910000000000,16.64390000000000,14.69040000000000,50.27930000000000,64.1293,1081055966196,16.0858,1.3954,14.6904,35.0514,16.6233,3.0786,13.5447,0.0874,20618.6110,NA,NA,NA
chrome.exe,24952,0x2F262AA7E40,DXGI,0,0,0,Hardware Composed: Independent Flip,1081056139156,NA,15.90060000000000,16.66280000000000,15.74200000000000,49.34990000000001,64.8915,1081056127054,16.9522,1.2102,15.7420,35.5889,14.9712,3.1525,11.8187,-0.5770,20634.6968,NA,NA,NA
chrome.exe,24952,0x2F262AA7E40,DXGI,0,0,0,Hardware Composed: Independent Flip,1081056306239,NA,16.70830000000000,16.66370000000000,15.90720000000000,49.56650000000000,64.8469,1081056296576,16.8735,0.9663,15.9072,33.6079,16.9249,2.0550,14.8699,0.2885,20651.6490,NA,NA,NA
chrome.exe,24952,0x2F262AA7E40,DXGI,0,0,0,Hardware Composed: Independent Flip,1081056478394,NA,17.21550000000000,16.66270000000000,14.96480000000000,49.06620000000000,64.2941,1081056465311,16.2731,1.3083,14.9648,33.6593,16.7152,2.1112,14.6040,0.2108,20668.5225,NA,NA,NA
chrome.exe,24952,0x2F262AA7E40,DXGI,0,0,0,Hardware Composed: Independent Flip,1081056647340,NA,16.89460000000000,16.67160000000000,15.07280000000000,49.52500000000001,64.0711,1081056628042,17.0026,1.9298,15.0728,34.1014,17.3534,3.0171,14.3363,-0.3985,20684.7956,NA,NA,NA
chrome.exe,24952,0x2F262AA7E40,DXGI,0,0,0,Hardware Composed: Independent Flip,1081056809621,NA,16.22810000000000,16.71580000000000,15.44600000000000,50.36980000000001,64.5588,1081056798068,16.6013,1.1553,15.4460,34.4522,17.0729,2.8837,14.1892,0.2868,20701.7982,NA,NA,NA
chrome.exe,24952,0x2F262AA7E40,DXGI,0,0,0,Hardware Composed: Independent Flip,1081056972994,NA,16.33730000000000,16.63030000000000,15.36700000000000,49.68480000000000,64.8518,1081056964081,16.2583,0.8913,15.3670,34.9238,15.6523,1.8118,13.8405,-0.0290,20718.3995,NA,NA,NA
chrome.exe,24952,0x2F262AA7E40,DXGI,0,0,0,Hardware Composed: Independent Flip,1081057134194,NA,16.12000000000000,16.66530000000000,16.19240000000000,51.49460000000001,65.3971,1081057126664,16.9454,0.7530,16.1924,34.3178,17.9298,3.3227,14.6071,-0.4070,20734.6578,NA,NA,NA
chrome.exe,24952,0x2F262AA7E40,DXGI,0,0,0,Hardware Composed: Independent Flip,1081057306483,NA,17.22890000000000,16.66680000000000,15.87280000000000,49.11420000000000,64.8350,1081057296118,16.9093,1.0365,15.8728,35.3022,14.8485,0.9060,13.9425,0.2786,20751.6032,NA,NA,NA
chrome.exe,24952,0x2F262AA7E40,DXGI,0,0,0,Hardware Composed: Independent Flip,1081057480663,NA,17.41800000000000,16.65090000000000,14.74880000000000,51.23910000000000,64.0679,1081057465211,16.2940,1.5452,14.7488,33.2414,19.5429,5.1807,14.3622,0.2584,20768.5125,NA,NA,NA
chrome.exe,24952,0x2F262AA7E40,DXGI,0,0,0,Hardware Composed: Independent Flip,1081057640416,NA,15.97530000000000,16.67400000000000,15.35000000000000,49.21450000000000,64.7666,1081057628151,16.5765,1.2265,15.3500,36.4903,13.9507,1.3358,12.6149,-0.3800,20784.8065,NA,NA,NA
chrome.exe,24952,0x2F262AA7E40,DXGI,0,0,0,Hardware Composed: Independent Flip,1081057814403,NA,17.39870000000000,16.66300000000000,14.83390000000000,49.58940000000000,64.0309,1081057793916,16.8826,2.0487,14.8339,33.8645,17.7736,3.1737,14.5999,-0.0865,20801.3830,NA,NA,NA
chrome.exe,24952,0x2F262AA7E40,DXGI,0,0,0,Hardware Composed: Independent Flip,1081057979244,NA,16.48410000000000,16.66590000000000,14.78800000000000,49.80710000000001,64.2127,1081057962742,16.4382,1.6502,14.7880,34.7555,16.7018,2.6377,14.0641,0.2167,20818.2656,NA,NA,NA
chrome.exe,24952,0x2F262AA7E40,DXGI,0,0,0,Hardware Composed: Independent Flip,1081058139051,NA,15.98070000000000,16.66510000000000,15.75840000000000,50.41840000000001,64.8971,1081058127124,16.9511,1.1927,15.7584,35.0191,16.5920,2.5584,14.0336,-0.2269,20834.7038,NA,NA,NA
chrome.exe,24952,0x2F262AA7E40,DXGI,0,0,0,Hardware Composed: Independent Flip,1081058306932,NA,16.78810000000000,16.67820000000000,15.73420000000000,49.56250000000000,64.7872,1081058296635,16.7639,1.0297,15.7342,34.6600,15.9322,1.8311,14.1011,0.2729,20851.6549,NA,NA,NA
chrome.exe,24952,0x2F262AA7E40,DXGI,0,0,0,Hardware Composed: Independent Flip,1081058474487,NA,16.75550000000000,16.66280000000000,15.50730000000000,50.54920000000000,64.6945,1081058464274,16.5286,1.0213,15.5073,33.8283,17.7422,3.2945,14.4477,0.1011,20868.4188,NA,NA,NA
chrome.exe,24952,0x2F262AA7E40,DXGI,0,0,0,Hardware Composed: Independent Flip,1081058640028,NA,16.55410000000000,16.67030000000000,15.77400000000000,50.47960000000000,64.8107,1081058629560,16.8208,1.0468,15.7740,35.0419,16.4845,2.7187,13.7658,-0.1417,20884.9474,NA,NA,NA
chrome.exe,24952,0x2F262AA7E40,DXGI,0,0,0,Hardware Composed: Independent Flip,1081058808403,NA,16.83750000000000,16.65390000000000,15.41090000000000,50.48230000000000,64.6271,1081058797768,16.4744,1.0635,15.4109,34.7056,16.8402,3.0657,13.7745,0.1669,20901.7682,NA,NA,NA
chrome.exe,24952,0x2F262AA7E40,DXGI,0,0,0,Hardware Composed: Independent Flip,1081058975322,NA,16.69190000000000,16.67000000000000,15.53890000000000,50.41600000000000,64.6052,1081058962512,16.8199,1.2810,15.5389,35.0714,16.6256,2.8543,13.7713,-0.1956,20918.2426,NA,NA,NA
chrome.exe,24952,0x2F262AA7E40,DXGI,0,0,0,Hardware Composed: Independent Flip,1081059138090,NA,16.27680000000000,16.67150000000000,15.82230000000000,50.80930000000000,64.9999,1081059130711,16.5602,0.7379,15.8223,34.8771,16.6701,2.8071,13.8630,0.1484,20935.0625,NA,NA,NA
chrome.exe,24952,0x2F262AA7E40,DXGI,0,0,0,Hardware Composed: Independent Flip,1081059302571,NA,16.44810000000000,16.65370000000000,16.18290000000000,50.98200000000000,65.2055,1081059296313,16.8087,0.6258,16.1829,34.9870,16.6208,2.5663,14.0545,-0.0935,20951.6227,NA,NA,NA
chrome.exe,24952,0x2F262AA7E40,DXGI,0,0,0,Hardware Composed: Independent Flip,1081059475140,NA,17.25690000000000,16.65980000000000,15.51900000000000,50.72830000000000,64.6084,1081059464400,16.5930,1.0740,15.5190,34.7991,17.0032,2.9483,14.0549,0.1489,20968.4314,NA,NA,NA
chrome.exe,24952,0x2F262AA7E40,DXGI,0,0,0,Hardware Composed: Independent Flip,1081059637757,NA,16.26170000000000,16.71010000000000,15.92840000000000,50.59560000000000,65.0568,1081059630330,16.6711,0.7427,15.9284,35.2093,16.1290,2.5627,13.5663,-0.1171,20985.0244,NA,NA,NA
chrome.exe,24952,0x2F262AA7E40,DXGI,0,0,0,Hardware Composed: Independent Flip,1081059804647,NA,16.68900000000000,16.64060000000000,15.73620000000000,49.79350000000000,65.0084,1081059797041,16.4968,0.7606,15.7362,34.6672,15.8869,1.7464,14.1405,0.0305,21001.6955,NA,NA,NA
chrome.exe,24952,0x2F262AA7E40,DXGI,0,0,0,Hardware Composed: Independent Flip,1081059974057,NA,16.94100000000000,16.67770000000000,15.48620000000000,49.52100000000000,64.7451,1081059962009,16.6910,1.2048,15.4862,34.0573,16.6685,2.5331,14.1354,-0.1809,21018.1923,NA,NA,NA
chrome.exe,24952,0x2F262AA7E40,DXGI,0,0,0,Hardware Composed: Independent Flip,1081060139645,NA,16.55880000000000,16.65300000000000,15.85240000000000,49.67380000000000,64.8393,1081060128919,16.9250,1.0726,15.8524,34.0348,16.7116,2.1157,14.5959,0.0380,21034.8833,NA,NA,NA
chrome.exe,24952,0x2F262AA7E40,DXGI,0,0,0,Hardware Composed: Independent Flip,1081060308854,NA,16.92090000000000,16.66990000000000,15.59980000000000,50.36790000000001,64.5883,1081060298169,16.6683,1.0685,15.5998,33.8214,17.6150,3.5196,14.0954,0.2551,21051.8083,NA,NA,NA
chrome.exe,24952,0x2F262AA7E40,DXGI,0,0,0,Hardware Composed: Independent Flip,1081060476581,NA,16.77270000000000,16.66400000000000,15.56270000000000,50.31800000000000,64.4796,1081060464852,16.7356,1.1729,15.5627,34.7681,16.7228,2.6663,14.0565,0.0043,21068.4766,NA,NA,NA
chrome.exe,24952,0x2F262AA7E40,DXGI,0,0,0,Hardware Composed: Independent Flip,1081060641112,NA,16.45310000000000,16.67150000000000,15.63540000000000,49.47950000000000,64.6980,1081060632208,16.5258,0.8904,15.6354,34.7553,15.6146,1.8059,13.8087,0.0641,21085.2122,NA,NA,NA
chrome.exe,24952,0x2F262AA7E40,DXGI,0,0,0,Hardware Composed: Independent Flip,1081060808449,NA,16.73370000000000,16.65880000000000,15.42170000000000,50.50660000000001,64.6231,1081060797466,16.5200,1.0983,15.4217,33.8441,17.7608,3.6160,14.1448,-0.1330,21101.7380,NA,NA,NA
chrome.exe,24952,0x2F262AA7E40,DXGI,0,0,0,Hardware Composed: Independent Flip,1081060974796,NA,16.63470000000000,16.68580000000000,15.62240000000000,49.40510000000000,64.6742,1081060962666,16.8354,1.2130,15.6224,35.0849,15.5332,1.7076,13.8256,-0.1658,21118.2580,NA,NA,NA
chrome.exe,24952,0x2F262AA7E40,DXGI,0,0,0,Hardware Composed: Independent Flip,1081061143744,NA,16.89480000000000,16.64410000000000,15.36950000000000,49.25530000000001,64.4235,1081061131020,16.6419,1.2724,15.3695,33.7827,16.7450,2.3689,14.3761,0.1913,21135.0934,NA,NA,NA
chrome.exe,24952,0x2F262AA7E40,DXGI,0,0,0,Hardware Composed: Independent Flip,1081061309061,NA,16.53170000000000,16.66690000000000,15.52120000000000,50.03700000000000,64.5587,1081061297439,16.6834,1.1622,15.5212,33.8858,17.3134,2.9872,14.3262,-0.0250,21151.7353,NA,NA,NA
chrome.exe,24952,0x2F262AA7E40,DXGI,0,0,0,Hardware Composed: Independent Flip,1081061474502,NA,16.54410000000000,16.66760000000000,15.75840000000000,50.59180000000000,64.6822,1081061464273,16.7813,1.0229,15.7584,34.5158,17.0989,2.9139,14.1850,0.0158,21168.4187,NA,NA,NA
chrome.exe,24952,0x2F262AA7E40,DXGI,0,0,0,Hardware Composed: Independent Flip,1081061639748,NA,16.52460000000000,16.66350000000000,15.41130000000000,50.84490000000000,64.8211,1081061632086,16.1775,0.7662,15.4113,34.8334,16.7777,2.9752,13.8025,0.1178,21185.2000,NA,NA,NA
chrome.exe,24952,0x2F262AA7E40,DXGI,0,0,0,Hardware Composed: Independent Flip,1081061804577,NA,16.48290000000000,16.66390000000000,15.92630000000000,50.86240000000000,65.0021,1081061793861,16.9979,1.0716,15.9263,35.4336,16.5004,2.9055,13.5949,-0.4864,21201.3775,NA,NA,NA
chrome.exe,24952,0x2F262AA7E40,DXGI,0,0,0,Hardware Composed: Independent Flip,1081061974410,NA,16.98330000000000,16.66590000000000,15.41680000000000,50.25230000000001,64.6847,1081061963840,16.4738,1.0570,15.4168,34.9361,16.3732,2.6046,13.7686,0.3320,21218.3754,NA,NA,NA
chrome.exe,24952,0x2F262AA7E40,DXGI,0,0,0,Hardware Composed: Independent Flip,1081062139526,NA,16.51160000000000,16.67490000000000,15.64140000000000,50.43350000000000,64.8480,1081062128578,16.7362,1.0948,15.6414,34.8355,16.6928,2.6717,14.0211,-0.2011,21234.8492,NA,NA,NA
chrome.exe,24952,0x2F262AA7E40,DXGI,0,0,0,Hardware Composed: Independent Flip,1081062304127,NA,16.46010000000000,16.67860000000000,15.95190000000000,49.45820000000001,65.0665,1081062295940,16.7706,0.8187,15.9519,34.7921,15.4848,1.4276,14.0572,0.0576,21251.5854,NA,NA,NA
chrome.exe,24952,0x2F262AA7E40,DXGI,0,0,0,Hardware Composed: Independent Flip,1081062473881,NA,16.97540000000000,16.64930000000000,15.66500000000000,49.60970000000000,64.7404,1081062463646,16.6885,1.0235,15.6650,33.5063,17.1269,2.5625,14.5644,0.1213,21268.3560,NA,NA,NA
chrome.exe,24952,0x2F262AA7E40,DXGI,0,0,0,Hardware Composed: Independent Flip,1081062640417,NA,16.65360000000000,16.67620000000000,15.32010000000000,49.52460000000000,64.7630,1081062630531,16.3087,0.9886,15.3201,33.9447,16.5685,2.1616,14.4069,0.0123,21285.0445,NA,NA,NA
chrome.exe,24952,0x2F262AA7E40,DXGI,0,0,0,Hardware Composed: Independent Flip,1081062804840,NA,16.44230000000000,16.66260000000000,16.02880000000000,50.55240000000001,64.9833,1081062793618,17.1510,1.1222,16.0288,34.2045,17.4701,3.0275,14.4426,-0.3539,21301.3532,NA,NA,NA
chrome.exe,24952,0x2F262AA7E40,DXGI,0,0,0,Hardware Composed: Independent Flip,1081062976221,NA,17.13810000000000,16.66160000000000,15.46740000000000,50.33320000000001,64.5068,1081062965128,16.5767,1.1093,15.4674,34.5236,16.9189,2.8497,14.0692,0.4894,21318.5042,NA,NA,NA
chrome.exe,24952,0x2F262AA7E40,DXGI,0,0,0,Hardware Composed: Independent Flip,1081063141654,NA,16.54330000000000,16.67220000000000,15.54000000000000,50.22320000000001,64.6357,1081063130895,16.6159,1.0759,15.5400,34.8658,16.4333,2.6503,13.7830,-0.0955,21335.0809,NA,NA,NA
chrome.exe,24952,0x2F262AA7E40,DXGI,0,0,0,Hardware Composed: Independent Flip,1081063307192,NA,16.55380000000000,16.67220000000000,15.54790000000000,49.24070000000000,64.7541,1081063297054,16.5617,1.0138,15.5479,34.6832,15.5713,1.5066,14.0647,-0.0563,21351.6968,NA,NA,NA
chrome.exe,24952,0x2F262AA7E40,DXGI,0,0,0,Hardware Composed: Independent Flip,1081063471658,NA,16.44660000000000,16.65000000000000,15.88910000000000,50.47750000000000,64.9575,1081063462671,16.7878,0.8987,15.8891,33.6928,17.6834,2.9070,14.7764,-0.0883,21368.2585,NA,NA,NA
chrome.exe,24952,0x2F262AA7E40,DXGI,0,0,0,Hardware Composed: Independent Flip,1081063641047,NA,16.93890000000000,16.67020000000000,15.30500000000000,50.53070000000000,64.6888,1081063630549,16.3548,1.0498,15.3050,34.5884,16.9921,2.8535,14.1386,0.1176,21385.0463,NA,NA,NA
chrome.exe,24952,0x2F262AA7E40,DXGI,0,0,0,Hardware Composed: Independent Flip,1081063807824,NA,16.67770000000000,16.67220000000000,15.37210000000000,50.32510000000000,64.6833,1081063794097,16.7448,1.3727,15.3721,35.2257,16.4721,2.7252,13.7469,-0.3174,21401.4011,NA,NA,NA
chrome.exe,24952,0x2F262AA7E40,DXGI,0,0,0,Hardware Composed: Independent Flip,1081063973107,NA,16.52830000000000,16.66860000000000,15.57990000000000,50.38000000000000,64.8236,1081063961545,16.7361,1.1562,15.5799,34.9530,16.5832,2.4926,14.0906,0.0762,21418.1459,NA,NA,NA
chrome.exe,24952,0x2F262AA7E40,DXGI,0,0,0,Hardware Composed: Independent Flip,1081064139307,NA,16.62000000000000,16.66630000000000,15.67690000000000,49.66160000000000,64.8699,1081064128906,16.7170,1.0401,15.6769,34.8001,15.9016,1.8028,14.0988,0.0698,21434.8820,NA,NA,NA
chrome.exe,24952,0x2F262AA7E40,DXGI,0,0,0,Hardware Composed: Independent Flip,1081064306995,NA,16.76880000000000,16.67900000000000,15.60610000000000,49.19970000000000,64.7801,1081064296076,16.6980,1.0919,15.6061,33.9847,16.3069,1.8728,14.4341,0.0380,21451.5990,NA,NA,NA
chrome.exe,24952,0x2F262AA7E40,DXGI,0,0,0,Hardware Composed: Independent Flip,1081064473643,NA,16.66480000000000,16.65250000000000,15.74000000000000,49.59580000000000,64.7678,1081064463056,16.7987,1.0587,15.7400,33.5936,17.0609,2.6265,14.4344,0.0455,21468.2970,NA,NA,NA
chrome.exe,24952,0x2F262AA7E40,DXGI,0,0,0,Hardware Composed: Independent Flip,1081064641693,NA,16.80500000000000,16.66390000000000,15.21730000000000,49.42100000000000,64.6267,1081064631043,16.2823,1.0650,15.2173,33.8558,16.6302,2.0805,14.5497,0.1348,21485.0957,NA,NA,NA
chrome.exe,24952,0x2F262AA7E40,DXGI,0,0,0,Hardware Composed: Independent Flip,1081064805245,NA,16.35520000000000,16.66330000000000,16.03650000000000,50.51960000000000,64.9348,1081064793866,17.1744,1.1379,16.0365,34.2037,17.4538,3.0447,14.4091,-0.3810,21501.3780,NA,NA,NA
chrome.exe,24952,0x2F262AA7E40,DXGI,0,0,0,Hardware Composed: Independent Flip,1081064977618,NA,17.23730000000000,16.66750000000000,15.38550000000000,50.07810000000000,64.3650,1081064965610,16.5863,1.2008,15.3855,34.4831,16.7958,2.7198,14.0760,0.5069,21518.5524,NA,NA,NA
chrome.exe,24952,0x2F262AA7E40,DXGI,0,0,0,Hardware Composed: Independent Flip,1081065141614,NA,16.39960000000000,16.67470000000000,15.49370000000000,50.51540000000000,64.6401,1081065131473,16.5078,1.0141,15.4937,34.6926,16.8369,2.7224,14.1145,-0.0884,21535.1387,NA,NA,NA
chrome.exe,24952,0x2F262AA7E40,DXGI,0,0,0,Hardware Composed: Independent Flip,1081065306565,NA,16.49510000000000,16.66720000000000,15.57630000000000,49.56610000000001,64.8122,1081065296551,16.5777,1.0014,15.5763,35.0217,15.5458,1.7981,13.7477,-0.1594,21551.6465,NA,NA,NA
chrome.exe,24952,0x2F262AA7E40,DXGI,0,0,0,Hardware Composed: Independent Flip,1081065472197,NA,16.56320000000000,16.65970000000000,15.68560000000000,49.72750000000000,64.9087,1081065462328,16.6725,0.9869,15.6856,33.9898,16.7246,2.3052,14.4194,-0.0820,21568.2242,NA,NA,NA
chrome.exe,24952,0x2F262AA7E40,DXGI,0,0,0,Hardware Composed: Independent Flip,1081065639028,NA,16.68310000000000,16.70200000000000,15.88960000000000,50.46990000000000,64.9276,1081065629053,16.8871,0.9975,15.8896,34.0419,17.4255,3.0912,14.3343,-0.0295,21584.8967,NA,NA,NA
chrome.exe,24952,0x2F262AA7E40,DXGI,0,0,0,Hardware Composed: Independent Flip,1081065807877,NA,16.88490000000000,16.64160000000000,15.72450000000000,49.54080000000000,64.6843,1081065797924,16.7198,0.9953,15.7245,34.5803,15.9558,1.8943,14.0615,0.2455,21601.7838,NA,NA,NA
chrome.exe,24952,0x2F262AA7E40,DXGI,0,0,0,Hardware Composed: Independent Flip,1081065981144,NA,17.32670000000000,16.65170000000000,14.85670000000000,49.81890000000000,64.0093,1081065965122,16.4589,1.6022,14.8567,33.8163,17.6048,3.2607,14.3441,0.0681,21618.5036,NA,NA,NA
chrome.exe,24952,0x2F262AA7E40,DXGI,0,0,0,Hardware Composed: Independent Flip,1081066141212,NA,16.00680000000000,16.69030000000000,15.74700000000000,50.22110000000000,64.6928,1081066129711,16.8971,1.1501,15.7470,34.9622,16.4090,2.3793,14.0297,-0.2314,21634.9625,NA,NA,NA
chrome.exe,24952,0x2F262AA7E40,DXGI,0,0,0,Hardware Composed: Independent Flip,1081066313259,NA,17.20470000000000,16.68480000000000,15.01750000000000,48.92640000000000,64.1729,1081066298682,16.4752,1.4577,15.0175,34.4741,15.9100,2.1414,13.7686,0.2123,21651.8596,NA,NA,NA
chrome.exe,24952,0x2F262AA7E40,DXGI,0,0,0,Hardware Composed: Independent Flip,1081066470459,NA,15.72000000000000,16.66730000000000,15.90430000000000,49.96620000000000,65.1202,1081066463434,16.6068,0.7025,15.9043,33.9089,16.7598,2.2275,14.5323,-0.1921,21668.3348,NA,NA,NA
chrome.exe,24952,0x2F262AA7E40,DXGI,0,0,0,Hardware Composed: Independent Flip,1081066638144,NA,16.76850000000000,16.63170000000000,16.03720000000000,49.81560000000000,64.9834,1081066629502,16.9014,0.8642,16.0372,34.0619,16.6179,2.2718,14.3461,-0.0249,21684.9416,NA,NA,NA
chrome.exe,24952,0x2F262AA7E40,DXGI,0,0,0,Hardware Composed: Independent Flip,1081066810330,NA,17.21860000000000,16.65980000000000,15.51700000000000,48.68200000000000,64.4246,1081066798516,16.6984,1.1814,15.5170,33.7784,16.0850,2.0126,14.0724,0.2416,21701.8430,NA,NA,NA
chrome.exe,24952,0x2F262AA7E40,DXGI,0,0,0,Hardware Composed: Independent Flip,1081066976110,NA,16.57800000000000,16.67790000000000,15.54890000000000,49.41620000000000,64.5245,1081066965500,16.6099,1.0610,15.5489,33.1650,17.3122,2.4876,14.8246,0.0205,21718.5414,NA,NA,NA
chrome.exe,24952,0x2F262AA7E40,DXGI,0,0,0,Hardware Composed: Independent Flip,1081067143040,NA,16.69300000000000,16.65510000000000,15.00030000000000,50.34270000000000,64.4866,1081067131599,16.1444,1.1441,15.0003,33.8673,17.6195,10.9358,6.6837,-0.0452,21735.1513,NA,NA,NA
chrome.exe,24952,0x2F262AA7E40,DXGI,0,0,0,Hardware Composed: Independent Flip,1081067303780,NA,16.07400000000000,16.67570000000000,16.35200000000000,51.12090000000000,65.0883,1081067293043,17.4257,1.0737,16.3520,35.3424,16.8522,3.2439,13.6083,-0.5313,21751.2957,NA,NA,NA
chrome.exe,24952,0x2F262AA7E40,DXGI,0,0,0,Hardware Composed: Independent Flip,1081067479204,NA,17.54240000000000,16.66860000000000,15.10090000000000,48.98110000000000,64.2145,1081067467300,16.2913,1.1904,15.1009,34.7689,15.4026,1.7467,13.6559,0.7571,21768.7214,NA,NA,NA
chrome.exe,24952,0x2F262AA7E40,DXGI,0,0,0,Hardware Composed: Independent Flip,1081067642203,NA,16.29990000000000,16.65200000000000,15.13100000000000,50.13280000000000,64.5666,1081067630213,16.3300,1.1990,15.1310,33.8802,17.4516,3.2198,14.2318,-0.3607,21785.0127,NA,NA,NA
chrome.exe,24952,0x2F262AA7E40,DXGI,0,0,0,Hardware Composed: Independent Flip,1081067803572,NA,16.13690000000000,16.67220000000000,16.04550000000000,50.94130000000001,65.1019,1081067793513,17.0514,1.0059,16.0455,35.0018,16.9454,3.1415,13.8039,-0.3422,21801.3427,NA,NA,NA
chrome.exe,24952,0x2F262AA7E40,DXGI,0,0,0,Hardware Composed: Independent Flip,1081067975338,NA,17.17660000000000,16.65810000000000,15.46600000000000,50.36930000000000,64.5834,1081067964027,16.5971,1.1311,15.4660,34.8958,16.6046,2.9871,13.6175,0.3933,21818.3941,NA,NA,NA
chrome.exe,24952,0x2F262AA7E40,DXGI,0,0,0,Hardware Composed: Independent Flip,1081068141255,NA,16.59170000000000,16.67640000000000,15.43960000000000,50.33260000000000,64.6681,1081068129998,16.5653,1.1257,15.4396,34.9033,16.5550,2.5027,14.0523,-0.0793,21834.9912,NA,NA,NA
chrome.exe,24952,0x2F262AA7E40,DXGI,0,0,0,Hardware Composed: Independent Flip,1081068305767,NA,16.45120000000000,16.66780000000000,15.75280000000000,49.66570000000000,64.8847,1081068295651,16.7644,1.0116,15.7528,34.8930,15.7843,1.8215,13.9628,-0.1025,21851.5565,NA,NA,NA
chrome.exe,24952,0x2F262AA7E40,DXGI,0,0,0,Hardware Composed: Independent Flip,1081068474657,NA,16.88900000000000,16.67030000000000,15.57560000000000,49.48980000000000,64.6660,1081068463295,16.7118,1.1362,15.5756,33.9129,16.7131,2.3156,14.3975,0.0941,21868.3209,NA,NA,NA
chrome.exe,24952,0x2F262AA7E40,DXGI,0,0,0,Hardware Composed: Independent Flip,1081068641869,NA,16.72120000000000,16.67610000000000,15.63500000000000,50.23930000000000,64.6209,1081068630413,16.7806,1.1456,15.6350,33.9142,17.4707,2.8924,14.5783,0.0357,21885.0327,NA,NA,NA
chrome.exe,24952,0x2F262AA7E40,DXGI,0,0,0,Hardware Composed: Independent Flip,1081068808799,NA,16.69300000000000,16.65300000000000,15.54810000000000,49.34810000000000,64.5809,1081068798219,16.6061,1.0580,15.5481,34.6043,15.8018,1.7833,14.0185,0.1276,21901.8133,NA,NA,NA
chrome.exe,24952,0x2F262AA7E40,DXGI,0,0,0,Hardware Composed: Independent Flip,1081068977511,NA,16.87120000000000,16.72880000000000,15.24950000000000,48.85960000000000,64.4385,1081068964280,16.5726,1.3231,15.2495,33.8000,16.3827,2.0113,14.3714,-0.1227,21918.4194,NA,NA,NA
chrome.exe,24952,0x2F262AA7E40,DXGI,0,0,0,Hardware Composed: Independent Flip,1081069138520,NA,16.10090000000000,16.62500000000000,15.88510000000000,49.79160000000000,64.9626,1081069130006,16.7365,0.8514,15.8851,33.6101,17.0329,2.4575,14.5754,-0.0524,21934.9920,NA,NA,NA
chrome.exe,24952,0x2F262AA7E40,DXGI,0,0,0,Hardware Composed: Independent Flip,1081069305537,NA,16.70170000000000,16.64430000000000,15.44950000000000,50.42850000000000,64.9052,1081069297371,16.2661,0.8166,15.4495,33.9065,17.3386,3.3613,13.9773,0.0922,21951.7285,NA,NA,NA
chrome.exe,24952,0x2F262AA7E40,DXGI,0,0,0,Hardware Composed: Independent Flip,1081069468761,NA,16.32240000000000,16.66350000000000,16.34310000000000,50.83930000000000,65.2463,1081069460032,17.2160,0.8729,16.3431,34.9790,16.7332,2.6273,14.1059,-0.3974,21967.9946,NA,NA,NA
chrome.exe,24952,0x2F262AA7E40,DXGI,0,0,0,Hardware Composed: Independent Flip,1081069643494,NA,17.47330000000000,16.67220000000000,15.23720000000000,50.64040000000000,64.4452,1081069632192,16.3674,1.1302,15.2372,34.4962,17.2744,3.2278,14.0466,0.5438,21985.2106,NA,NA,NA
chrome.exe,24952,0x2F262AA7E40,DXGI,0,0,0,Hardware Composed: Independent Flip,1081069804200,NA,16.07060000000000,16.66980000000000,15.97950000000000,50.88290000000000,65.0444,1081069795866,16.8129,0.8334,15.9795,35.4032,16.3131,2.7785,13.5346,-0.3024,22001.5780,NA,NA,NA
chrome.exe,24952,0x2F262AA7E40,DXGI,0,0,0,Hardware Composed: Independent Flip,1081069985529,NA,18.13290000000000,16.65140000000000,14.33560000000000,49.34860000000000,63.5629,1081069963995,16.4890,2.1534,14.3356,34.9034,16.5986,2.7179,13.8807,0.1615,22018.3909,NA,NA,NA
chrome.exe,24952,0x2F262AA7E40,DXGI,0,0,0,Hardware Composed: Independent Flip,1081070144581,NA,15.90520000000000,16.67280000000000,15.25130000000000,49.93120000000000,64.3305,1081070128885,16.8209,1.5696,15.2513,35.0130,16.4878,2.6820,13.8058,-0.1838,22034.8799,NA,NA,NA
chrome.exe,24952,0x2F262AA7E40,DXGI,0,0,0,Hardware Composed: Independent Flip,1081070306751,NA,16.21700000000000,16.68100000000000,15.33060000000000,49.55830000000000,64.7945,1081070297094,16.2963,0.9657,15.3306,34.6799,15.8441,1.8077,14.0364,0.1399,22051.7008,NA,NA,NA
chrome.exe,24952,0x2F262AA7E40,DXGI,0,0,0,Hardware Composed: Independent Flip,1081070468254,NA,16.15030000000000,16.66780000000000,16.22520000000000,51.37450000000000,65.3120,1081070460057,17.0449,0.8197,16.2252,34.2277,17.9665,3.5352,14.4313,-0.3715,22067.9971,NA,NA,NA
chrome.exe,24952,0x2F262AA7E40,DXGI,0,0,0,Hardware Composed: Independent Flip,1081070641178,NA,17.29240000000000,16.64860000000000,15.67270000000000,50.52770000000000,64.6682,1081070630506,16.7399,1.0672,15.6727,35.1493,16.4456,2.8371,13.6085,0.3963,22085.0420,NA,NA,NA
chrome.exe,24952,0x2F262AA7E40,DXGI,0,0,0,Hardware Composed: Independent Flip,1081070808649,NA,16.74710000000000,16.69240000000000,15.43290000000000,50.38320000000000,64.6135,1081070797905,16.5073,1.0744,15.4329,34.8550,16.6026,3.0144,13.5882,0.0475,22101.7819,NA,NA,NA
chrome.exe,24952,0x2F262AA7E40,DXGI,0,0,0,Hardware Composed: Independent Flip,1081070971361,NA,16.27120000000000,16.64780000000000,15.83530000000000,50.81570000000000,64.9901,1081070962978,16.6736,0.8383,15.8353,34.9503,16.7037,2.6171,14.0866,-0.1405,22118.2892,NA,NA,NA
chrome.exe,24952,0x2F262AA7E40,DXGI,0,0,0,Hardware Composed: Independent Flip,1081071138970,NA,16.76090000000000,16.68090000000000,15.79530000000000,50.44140000000000,64.9101,1081071129714,16.7209,0.9256,15.7953,34.9804,16.3866,2.5981,13.7885,-0.0073,22134.9628,NA,NA,NA
chrome.exe,24952,0x2F262AA7E40,DXGI,0,0,0,Hardware Composed: Independent Flip,1081071304404,NA,16.54340000000000,16.65420000000000,15.62510000000000,49.83920000000001,65.0209,1081071296923,16.3732,0.7481,15.6251,34.6461,15.9412,1.8088,14.1324,0.0667,22151.6837,NA,NA,NA
chrome.exe,24952,0x2F262AA7E40,DXGI,0,0,0,Hardware Composed: Independent Flip,1081071467782,NA,16.33780000000000,16.66470000000000,16.13560000000000,51.25080000000001,65.3478,1081071460655,16.8483,0.7127,16.1356,34.2141,17.7494,3.3972,14.3522,-0.2915,22168.0569,NA,NA,NA
chrome.exe,24952,0x2F262AA7E40,DXGI,0,0,0,Hardware Composed: Independent Flip,1081071639556,NA,17.17740000000000,16.66250000000000,15.85820000000000,50.68000000000000,64.8329,1081071629138,16.9000,1.0418,15.8582,35.1152,16.6066,2.8091,13.7975,0.1858,22184.9052,NA,NA,NA
chrome.exe,24952,0x2F262AA7E40,DXGI,0,0,0,Hardware Composed: Independent Flip,1081071807212,NA,16.76560000000000,16.67150000000000,15.66250000000000,50.52600000000000,64.7388,1081071798138,16.5699,0.9074,15.6625,34.8218,16.6116,3.0019,13.6097,0.2285,22201.8052,NA,NA,NA
chrome.exe,24952,0x2F262AA7E40,DXGI,0,0,0,Hardware Composed: Independent Flip,1081071976700,NA,16.94880000000000,16.65900000000000,15.25600000000000,50.23360000000000,64.4490,1081071963837,16.5423,1.2863,15.2560,34.8635,16.6564,2.8287,13.8277,-0.0891,22218.3751,NA,NA,NA
chrome.exe,24952,0x2F262AA7E40,DXGI,0,0,0,Hardware Composed: Independent Flip,1081072139597,NA,16.28970000000000,16.66250000000000,15.39790000000000,49.57430000000000,64.8218,1081072129260,16.4316,1.0337,15.3979,34.9776,15.6304,2.0531,13.5773,-0.1202,22234.9174,NA,NA,NA
chrome.exe,24952,0x2F262AA7E40,DXGI,0,0,0,Hardware Composed: Independent Flip,1081072304666,NA,16.50690000000000,16.68680000000000,15.56440000000000,50.53190000000000,65.0017,1081072293576,16.6734,1.1090,15.5644,34.1764,17.4645,3.0340,14.4305,-0.2552,22251.3490,NA,NA,NA
chrome.exe,24952,0x2F262AA7E40,DXGI,0,0,0,Hardware Composed: Independent Flip,1081072471013,NA,16.63470000000000,16.66610000000000,15.96020000000000,49.85740000000001,65.0331,1081072460310,17.0305,1.0703,15.9602,34.9675,15.9602,1.8524,14.1078,0.0073,22268.0224,NA,NA,NA
chrome.exe,24952,0x2F262AA7E40,DXGI,0,0,0,Hardware Composed: Independent Flip,1081072641277,NA,17.02640000000000,16.65480000000000,15.47420000000000,50.49620000000000,64.6615,1081072630615,16.5404,1.0662,15.4742,33.8972,17.6652,3.6214,14.0438,0.3757,22285.0529,NA,NA,NA
chrome.exe,24952,0x2F262AA7E40,DXGI,0,0,0,Hardware Composed: Independent Flip,1081072807840,NA,16.65630000000000,16.66710000000000,15.68830000000000,50.46480000000000,64.6723,1081072796019,16.8704,1.1821,15.6883,35.0220,16.6249,2.7125,13.9124,-0.1267,22301.5933,NA,NA,NA
chrome.exe,24952,0x2F262AA7E40,DXGI,0,0,0,Hardware Composed: Independent Flip,1081072974129,NA,16.62890000000000,16.66520000000000,15.65620000000000,50.25560000000000,64.7086,1081072964723,16.5968,0.9406,15.6562,34.7765,16.4197,2.9784,13.4413,0.2052,22318.4637,NA,NA,NA
chrome.exe,24952,0x2F262AA7E40,DXGI,0,0,0,Hardware Composed: Independent Flip,1081073142640,NA,16.85110000000000,16.66590000000000,15.12080000000000,50.53500000000000,64.5234,1081073130691,16.3157,1.1949,15.1208,34.5994,17.1305,3.0514,14.0791,-0.0691,22335.0605,NA,NA,NA
chrome.exe,24952,0x2F262AA7E40,DXGI,0,0,0,Hardware Composed: Independent Flip,1081073304449,NA,16.18090000000000,16.66610000000000,15.83030000000000,49.77330000000000,65.0086,1081073293848,16.8904,1.0601,15.8303,35.4142,15.4192,1.8008,13.6184,-0.3504,22351.3762,NA,NA,NA
chrome.exe,24952,0x2F262AA7E40,DXGI,0,0,0,Hardware Composed: Independent Flip,1081073469894,NA,16.54450000000000,16.68000000000000,15.73910000000000,49.94490000000000,65.1441,1081073462752,16.4533,0.7142,15.7391,33.9430,16.7161,2.3599,14.3562,0.2104,22368.2666,NA,NA,NA
chrome.exe,24952,0x2F262AA7E40,DXGI,0,0,0,Hardware Composed: Independent Flip,1081073634750,NA,16.48560000000000,16.68810000000000,16.25750000000000,51.13060000000000,65.3466,1081073627285,17.0040,0.7465,16.2575,34.2058,17.6713,3.3182,14.3531,-0.2348,22384.7199,NA,NA,NA
chrome.exe,24952,0x2F262AA7E40,DXGI,0,0,0,Hardware Composed: Independent Flip,1081073805523,NA,17.07730000000000,16.64020000000000,15.92520000000000,49.57010000000000,64.9095,1081073797325,16.7450,0.8198,15.9252,34.8731,15.5168,1.8271,13.6897,0.3638,22401.7239,NA,NA,NA
chrome.exe,24952,0x2F262AA7E40,DXGI,0,0,0,Hardware Composed: Independent Flip,1081073972766,NA,16.72430000000000,16.65830000000000,15.55530000000000,50.41330000000000,64.8435,1081073964775,16.3544,0.7991,15.5553,33.6449,17.5675,2.9555,14.6120,0.0867,22418.4689,NA,NA,NA
chrome.exe,24952,0x2F262AA7E40,DXGI,0,0,0,Hardware Composed: Independent Flip,1081074139852,NA,16.70860000000000,16.66350000000000,15.52070000000000,50.40960000000000,64.7984,1081074128319,16.6740,1.1533,15.5207,34.8580,16.7049,2.6377,14.0672,-0.3091,22434.8233,NA,NA,NA
chrome.exe,24952,0x2F262AA7E40,DXGI,0,0,0,Hardware Composed: Independent Flip,1081074313212,NA,17.33600000000000,16.66920000000000,15.05400000000000,49.67590000000001,64.1316,1081074295059,16.8693,1.8153,15.0540,34.8889,16.6023,2.6016,14.0007,0.0048,22451.4973,NA,NA,NA
chrome.exe,24952,0x2F262AA7E40,DXGI,0,0,0,Hardware Composed: Independent Flip,1081074473567,NA,16.03550000000000,16.67240000000000,15.70610000000000,49.57320000000000,64.7685,1081074463752,16.6876,0.9815,15.7061,34.6219,15.9328,1.8667,14.0661,0.1969,22468.3666,NA,NA,NA
chrome.exe,24952,0x2F262AA7E40,DXGI,0,0,0,Hardware Composed: Independent Flip,1081074638665,NA,16.50980000000000,16.66970000000000,15.74360000000000,50.99710000000000,64.9284,1081074630628,16.5473,0.8037,15.7436,33.8671,17.9337,3.5675,14.3662,0.0179,22485.0542,NA,NA,NA
chrome.exe,24952,0x2F262AA7E40,DXGI,0,0,0,Hardware Composed: Independent Flip,1081074803365,NA,16.47000000000000,16.65180000000000,16.06970000000000,50.64970000000000,65.1102,1081074796101,16.7961,0.7264,16.0697,35.2535,16.1226,2.5267,13.5959,-0.1045,22501.6015,NA,NA,NA
chrome.exe,24952,0x2F262AA7E40,DXGI,0,0,0,Hardware Composed: Independent Flip,1081074970470,NA,16.71050000000000,16.68360000000000,15.64780000000000,51.19710000000000,65.0833,1081074964062,16.2886,0.6408,15.6478,34.5800,17.2579,3.4048,13.8531,0.1125,22518.3976,NA,NA,NA
chrome.exe,24952,0x2F262AA7E40,DXGI,0,0,0,Hardware Composed: Independent Flip,1081075137885,NA,16.74150000000000,16.66130000000000,15.81410000000000,50.86210000000001,65.0031,1081075126948,16.9078,1.0937,15.8141,35.5493,16.4065,2.8919,13.5146,-0.3727,22534.6862,NA,NA,NA
chrome.exe,24952,0x2F262AA7E40,DXGI,0,0,0,Hardware Composed: Independent Flip,1081075304095,NA,16.62100000000000,16.68120000000000,15.85340000000000,49.83520000000000,65.0633,1081075296026,16.6603,0.8069,15.8534,35.0480,15.5941,1.8435,13.7506,0.2266,22551.5940,NA,NA,NA
chrome.exe,24952,0x2F262AA7E40,DXGI,0,0,0,Hardware Composed: Independent Flip,1081075475167,NA,17.10720000000000,16.64530000000000,15.29440000000000,49.44110000000001,64.6014,1081075462629,16.5482,1.2538,15.2944,33.9818,16.7131,2.2775,14.4356,0.0150,22568.2543,NA,NA,NA
chrome.exe,24952,0x2F262AA7E40,DXGI,0,0,0,Hardware Composed: Independent Flip,1081075640022,NA,16.48550000000000,16.67080000000000,15.78040000000000,50.27090000000000,64.7867,1081075628111,16.9715,1.1911,15.7804,34.1467,17.3153,2.7305,14.5848,-0.1226,22584.8025,NA,NA,NA
chrome.exe,24952,0x2F262AA7E40,DXGI,0,0,0,Hardware Composed: Independent Flip,1081075808253,NA,16.82310000000000,16.67450000000000,15.71660000000000,50.53360000000000,64.6381,1081075797826,16.7593,1.0427,15.7166,34.4905,17.0858,2.9416,14.1442,0.2970,22601.7740,NA,NA,NA
chrome.exe,24952,0x2F262AA7E40,DXGI,0,0,0,Hardware Composed: Independent Flip,1081075977381,NA,16.91280000000000,16.65230000000000,14.96680000000000,50.29840000000000,64.3776,1081075965419,16.1630,1.1962,14.9668,34.8170,16.6776,2.9392,13.7384,0.1070,22618.5333,NA,NA,NA
chrome.exe,24952,0x2F262AA7E40,DXGI,0,0,0,Hardware Composed: Independent Flip,1081076135538,NA,15.81570000000000,16.68680000000000,16.05630000000000,50.81540000000000,65.2487,1081076127049,16.9052,0.8489,16.0563,35.3316,16.3327,2.5281,13.8046,-0.5238,22634.6963,NA,NA,NA
chrome.exe,24952,0x2F262AA7E40,DXGI,0,0,0,Hardware Composed: Independent Flip,1081076306930,NA,17.13920000000000,16.65390000000000,15.65080000000000,50.37510000000000,64.7634,1081076296101,16.7337,1.0829,15.6508,34.7591,16.6989,2.6286,14.0703,0.2513,22651.6015,NA,NA,NA
chrome.exe,24952,0x2F262AA7E40,DXGI,0,0,0,Hardware Composed: Independent Flip,1081076474830,NA,16.79000000000000,16.65340000000000,15.55700000000000,50.47640000000001,64.6268,1081076463438,16.6962,1.1392,15.5570,34.7243,16.8913,2.8643,14.0270,0.0803,22668.3352,NA,NA,NA
chrome.exe,24952,0x2F262AA7E40,DXGI,0,0,0,Hardware Composed: Independent Flip,1081076642539,NA,16.77090000000000,16.67740000000000,15.46990000000000,50.34570000000000,64.5333,1081076630400,16.6838,1.2139,15.4699,34.9194,16.6402,2.6169,14.0233,0.0188,22685.0314,NA,NA,NA
chrome.exe,24952,0x2F262AA7E40,DXGI,0,0,0,Hardware Composed: Independent Flip,1081076805590,NA,16.30510000000000,16.66510000000000,15.81780000000000,50.74810000000000,64.8933,1081076797238,16.6530,0.8352,15.8178,34.8758,16.7075,2.9092,13.7983,0.0187,22701.7152,NA,NA,NA
chrome.exe,24952,0x2F262AA7E40,DXGI,0,0,0,Hardware Composed: Independent Flip,1081076975005,NA,16.94150000000000,16.67790000000000,15.26080000000000,50.21390000000000,64.6297,1081076963768,16.3845,1.1237,15.2608,34.9303,16.4073,2.6482,13.7591,-0.0249,22718.3682,NA,NA,NA
chrome.exe,24952,0x2F262AA7E40,DXGI,0,0,0,Hardware Composed: Independent Flip,1081077134668,NA,15.96630000000000,16.66240000000000,16.16170000000000,51.38060000000000,65.3258,1081077127613,16.8672,0.7055,16.1617,34.9531,17.1330,3.0660,14.0670,-0.2779,22734.7527,NA,NA,NA
chrome.exe,24952,0x2F262AA7E40,DXGI,0,0,0,Hardware Composed: Independent Flip,1081077306920,NA,17.22520000000000,16.66250000000000,15.69830000000000,50.34440000000000,64.7631,1081077296285,16.7618,1.0635,15.6983,35.2189,16.1890,2.6077,13.5813,0.2047,22751.6199,NA,NA,NA
chrome.exe,24952,0x2F262AA7E40,DXGI,0,0,0,Hardware Composed: Independent Flip,1081077474912,NA,16.79920000000000,16.66250000000000,15.44080000000000,50.45180000000001,64.6264,1081077463903,16.5417,1.1009,15.4408,34.6461,16.9066,2.8303,14.0763,0.0993,22768.3817,NA,NA,NA
chrome.exe,24952,0x2F262AA7E40,DXGI,0,0,0,Hardware Composed: Independent Flip,1081077642306,NA,16.73940000000000,16.67200000000000,15.41870000000000,50.15060000000000,64.5590,1081077629320,16.7173,1.2986,15.4187,35.0110,16.4382,2.6610,13.7772,-0.1303,22784.9234,NA,NA,NA
chrome.exe,24952,0x2F262AA7E40,DXGI,0,0,0,Hardware Composed: Independent Flip,1081077807658,NA,16.53520000000000,16.66360000000000,15.42270000000000,51.01240000000000,64.6874,1081077796493,16.5392,1.1165,15.4227,34.7319,17.3970,3.3559,14.0411,0.0537,22801.6407,NA,NA,NA
chrome.exe,24952,0x2F262AA7E40,DXGI,0,0,0,Hardware Composed: Independent Flip,1081077970957,NA,16.32990000000000,16.65300000000000,15.93250000000000,50.87580000000001,65.0105,1081077961885,16.8397,0.9072,15.9325,35.5897,16.1933,2.5168,13.6765,-0.1138,22818.1799,NA,NA,NA
chrome.exe,24952,0x2F262AA7E40,DXGI,0,0,0,Hardware Composed: Independent Flip,1081078137493,NA,16.65360000000000,16.73840000000000,15.88500000000000,50.90340000000000,65.0953,1081078130282,16.6061,0.7211,15.8850,34.9433,16.6812,2.9339,13.7473,0.1013,22835.0196,NA,NA,NA
chrome.exe,24952,0x2F262AA7E40,DXGI,0,0,0,Hardware Composed: Independent Flip,1081078303852,NA,16.63590000000000,16.63620000000000,15.85220000000000,49.86680000000000,65.0956,1081078296343,16.6031,0.7509,15.8522,35.0184,15.5993,1.7735,13.8258,-0.0301,22851.6257,NA,NA,NA
chrome.exe,24952,0x2F262AA7E40,DXGI,0,0,0,Hardware Composed: Independent Flip,1081078473108,NA,16.92560000000000,16.62950000000000,15.69240000000000,50.66040000000000,64.7995,1081078462374,16.7658,1.0734,15.6924,34.0146,17.7192,3.3701,14.3491,-0.0264,22868.2288,NA,NA,NA
chrome.exe,24952,0x2F262AA7E40,DXGI,0,0,0,Hardware Composed: Independent Flip,1081078640486,NA,16.73780000000000,16.68100000000000,15.81470000000000,49.28330000000000,64.7427,1081078630032,16.8601,1.0454,15.8147,34.9680,15.3607,1.5976,13.7631,0.0848,22884.9946,NA,NA,NA
chrome.exe,24952,0x2F262AA7E40,DXGI,0,0,0,Hardware Composed: Independent Flip,1081078806870,NA,16.63840000000000,16.66650000000000,15.46370000000000,50.85090000000000,64.7708,1081078798633,16.2874,0.8237,15.4637,33.4686,18.2060,3.9248,14.2812,0.1936,22901.8547,NA,NA,NA
chrome.exe,24952,0x2F262AA7E40,DXGI,0,0,0,Hardware Composed: Independent Flip,1081078968682,NA,16.18120000000000,16.66400000000000,15.79620000000000,50.04010000000000,65.2536,1081078961507,16.5137,0.7175,15.7962,35.3872,15.3704,1.7957,13.5747,-0.3766,22918.1421,NA,NA,NA
chrome.exe,24952,0x2F262AA7E40,DXGI,0,0,0,Hardware Composed: Independent Flip,1081079138034,NA,16.93520000000000,16.66300000000000,15.85350000000000,50.53830000000000,64.9814,1081079126644,16.9925,1.1390,15.8535,34.2439,17.4334,3.2552,14.1782,-0.1493,22934.6558,NA,NA,NA
chrome.exe,24952,0x2F262AA7E40,DXGI,0,0,0,Hardware Composed: Independent Flip,1081079307146,NA,16.91120000000000,16.66800000000000,15.74600000000000,50.52980000000000,64.7382,1081079296569,16.8037,1.0577,15.7460,34.6848,16.9027,2.8489,14.0538,0.3245,22951.6483,NA,NA,NA
chrome.exe,24952,0x2F262AA7E40,DXGI,0,0,0,Hardware Composed: Independent Flip,1081079477747,NA,17.06010000000000,16.67210000000000,15.19720000000000,50.54320000000001,64.3502,1081079464606,16.5113,1.3141,15.1972,34.7838,17.0735,3.0334,14.0401,0.1316,22968.4520,NA,NA,NA
chrome.exe,24952,0x2F262AA7E40,DXGI,0,0,0,Hardware Composed: Independent Flip,1081079639019,NA,16.12720000000000,16.69520000000000,15.76800000000000,49.63400000000000,64.9182,1081079629719,16.6980,0.9300,15.7680,35.3460,15.2180,1.7016,13.5164,-0.1839,22984.9633,NA,NA,NA
chrome.exe,24952,0x2F262AA7E40,DXGI,0,0,0,Hardware Composed: Independent Flip,1081079805427,NA,16.64080000000000,16.63400000000000,15.73810000000000,49.77810000000000,64.9114,1081079796699,16.6109,0.8728,15.7381,33.8660,16.7849,2.7667,14.0182,0.0640,23001.6613,NA,NA,NA
chrome.exe,24952,0x2F262AA7E40,DXGI,0,0,0,Hardware Composed: Independent Flip,1081079969620,NA,16.41930000000000,16.68420000000000,16.12880000000000,49.93060000000001,65.1763,1081079962808,16.8100,0.6812,16.1288,34.0400,16.5718,2.1556,14.4162,-0.0733,23018.2722,NA,NA,NA
chrome.exe,24952,0x2F262AA7E40,DXGI,0,0,0,Hardware Composed: Independent Flip,1081080142578,NA,17.29580000000000,16.64000000000000,15.54800000000000,49.30440000000000,64.5205,1081080130908,16.7150,1.1670,15.5480,33.8018,16.6696,2.4754,14.1942,0.1700,23035.0822,NA,NA,NA
chrome.exe,24952,0x2F262AA7E40,DXGI,0,0,0,Hardware Composed: Independent Flip,1081080310934,NA,16.83560000000000,16.66820000000000,15.33240000000000,49.94510000000000,64.3531,1081080298058,16.6200,1.2876,15.3324,33.7564,17.4763,3.0752,14.4011,0.0468,23051.7972,NA,NA,NA
chrome.exe,24952,0x2F262AA7E40,DXGI,0,0,0,Hardware Composed: Independent Flip,1081080473540,NA,16.26060000000000,16.71610000000000,15.73870000000000,49.55160000000000,64.8086,1081080464258,16.6669,0.9282,15.7387,34.6127,15.8671,1.7676,14.0995,-0.0961,23068.4172,NA,NA,NA
chrome.exe,24952,0x2F262AA7E40,DXGI,0,0,0,Hardware Composed: Independent Flip,1081080642821,NA,16.92810000000000,16.63130000000000,15.25220000000000,49.33170000000000,64.5118,1081080630927,16.4416,1.1894,15.2522,33.8129,16.7082,2.3541,14.3541,0.0356,23085.0841,NA,NA,NA
chrome.exe,24952,0x2F262AA7E40,DXGI,0,0,0,Hardware Composed: Independent Flip,1081080805781,NA,16.29600000000000,16.64580000000000,15.88200000000000,50.46390000000000,64.8616,1081080795343,16.9258,1.0438,15.8820,34.0795,17.4282,3.0836,14.3446,-0.2042,23101.5257,NA,NA,NA
chrome.exe,24952,0x2F262AA7E40,DXGI,0,0,0,Hardware Composed: Independent Flip,1081080977596,NA,17.18150000000000,16.68290000000000,15.47490000000000,50.23390000000001,64.3630,1081080964601,16.7744,1.2995,15.4749,34.5819,16.9515,2.9064,14.0451,0.2429,23118.4515,NA,NA,NA
chrome.exe,24952,0x2F262AA7E40,DXGI,0,0,0,Hardware Composed: Independent Flip,1081081142201,NA,16.46050000000000,16.66310000000000,15.49360000000000,50.41610000000000,64.5656,1081081132345,16.4792,0.9856,15.4936,34.7590,16.6427,2.8962,13.7465,0.1113,23135.2259,NA,NA,NA
chrome.exe,24952,0x2F262AA7E40,DXGI,0,0,0,Hardware Composed: Independent Flip,1081081307977,NA,16.57760000000000,16.67900000000000,15.44460000000000,50.46420000000001,64.6670,1081081297137,16.5286,1.0840,15.4446,34.9225,16.6257,2.7294,13.8963,-0.1998,23151.7051,NA,NA,NA
chrome.exe,24952,0x2F262AA7E40,DXGI,0,0,0,Hardware Composed: Independent Flip,1081081473102,NA,16.51250000000000,16.64250000000000,15.79190000000000,49.63460000000000,64.7970,1081081462423,16.8598,1.0679,15.7919,35.0196,15.6829,1.8843,13.7986,-0.1139,23168.2337,NA,NA,NA
chrome.exe,24952,0x2F262AA7E40,DXGI,0,0,0,Hardware Composed: Independent Flip,1081081641106,NA,16.80040000000000,16.72550000000000,15.22000000000000,49.49560000000000,64.7221,1081081631021,16.2285,1.0085,15.2200,33.8427,16.6614,2.2589,14.4025,0.1343,23185.0935,NA,NA,NA
chrome.exe,24952,0x2F262AA7E40,DXGI,0,0,0,Hardware Composed: Independent Flip,1081081805985,NA,16.48790000000000,16.62440000000000,15.89640000000000,49.71040000000000,64.8586,1081081793306,17.1643,1.2679,15.8964,34.2756,16.7027,2.2573,14.4454,-0.3959,23201.3220,NA,NA,NA
chrome.exe,24952,0x2F262AA7E40,DXGI,0,0,0,Hardware Composed: Independent Flip,1081081975634,NA,16.96490000000000,16.65270000000000,15.50050000000000,50.35640000000000,64.5464,1081081964949,16.5690,1.0685,15.5005,33.8140,17.6109,3.1167,14.4942,0.5116,23218.4863,NA,NA,NA
chrome.exe,24952,0x2F262AA7E40,DXGI,0,0,0,Hardware Composed: Independent Flip,1081082137159,NA,16.15250000000000,16.67270000000000,16.18740000000000,50.90840000000000,65.0666,1081082130639,16.8394,0.6520,16.1874,34.8559,16.7045,2.6529,14.0516,-0.1037,23235.0553,NA,NA,NA
chrome.exe,24952,0x2F262AA7E40,DXGI,0,0,0,Hardware Composed: Independent Flip,1081082311926,NA,17.47670000000000,16.65800000000000,15.18460000000000,50.10560000000000,64.2479,1081082299033,16.4739,1.2893,15.1846,34.7210,16.6739,3.1049,13.5690,0.1814,23251.8947,NA,NA,NA
chrome.exe,24952,0x2F262AA7E40,DXGI,0,0,0,Hardware Composed: Independent Flip,1081082475080,NA,16.31540000000000,16.68010000000000,15.37820000000000,49.40160000000000,64.6126,1081082463772,16.5090,1.1308,15.3782,34.9210,15.6114,1.9109,13.7005,-0.2062,23268.3686,NA,NA,NA
chrome.exe,24952,0x2F262AA7E40,DXGI,0,0,0,Hardware Composed: Independent Flip,1081082636812,NA,16.17320000000000,16.66220000000000,15.82540000000000,49.88740000000000,65.1016,1081082628862,16.6204,0.7950,15.8254,34.0234,16.6590,2.0753,14.5837,-0.1532,23284.8776,NA,NA,NA
chrome.exe,24952,0x2F262AA7E40,DXGI,0,0,0,Hardware Composed: Independent Flip,1081082804484,NA,16.76720000000000,16.71450000000000,16.00140000000000,50.58140000000000,65.0489,1081082795066,16.9432,0.9418,16.0014,34.0620,17.4612,3.3550,14.1062,-0.0941,23301.4980,NA,NA,NA
chrome.exe,24952,0x2F262AA7E40,DXGI,0,0,0,Hardware Composed: Independent Flip,1081082976334,NA,17.18500000000000,16.61510000000000,15.49710000000000,49.29260000000000,64.4790,1081082964498,16.6807,1.1836,15.4971,34.5800,15.8962,2.0341,13.8621,0.3281,23318.4412,NA,NA,NA
chrome.exe,24952,0x2F262AA7E40,DXGI,0,0,0,Hardware Composed: Independent Flip,1081083140395,NA,16.40610000000000,16.66630000000000,15.64580000000000,50.56510000000000,64.7392,1081083131305,16.5548,0.9090,15.6458,33.7955,17.6786,3.2424,14.4362,0.0144,23335.1219,NA,NA,NA
chrome.exe,24952,0x2F262AA7E40,DXGI,0,0,0,Hardware Composed: Independent Flip,1081083305739,NA,16.53440000000000,16.66920000000000,15.85790000000000,50.44380000000000,64.8740,1081083296853,16.7465,0.8886,15.8579,34.9193,16.4131,2.6113,13.8018,-0.1144,23351.6767,NA,NA,NA
chrome.exe,24952,0x2F262AA7E40,DXGI,0,0,0,Hardware Composed: Independent Flip,1081083476012,NA,17.02730000000000,16.66400000000000,15.20440000000000,49.27290000000000,64.5107,1081083464318,16.3738,1.1694,15.2044,34.5859,15.8564,1.8048,14.0516,0.0825,23368.4232,NA,NA,NA
chrome.exe,24952,0x2F262AA7E40,DXGI,0,0,0,Hardware Composed: Independent Flip,1081083639952,NA,16.39400000000000,16.67040000000000,15.64480000000000,49.53470000000000,64.7871,1081083628056,16.8344,1.1896,15.6448,34.0685,16.6558,2.4368,14.2190,-0.2966,23384.7970,NA,NA,NA
chrome.exe,24952,0x2F262AA7E40,DXGI,0,0,0,Hardware Composed: Independent Flip,1081083806789,NA,16.68370000000000,16.66450000000000,15.76910000000000,50.61440000000000,64.7679,1081083796400,16.8080,1.0389,15.7691,33.8899,17.7634,3.5896,14.1738,0.1699,23401.6314,NA,NA,NA
chrome.exe,24952,0x2F262AA7E40,DXGI,0,0,0,Hardware Composed: Independent Flip,1081083974648,NA,16.78590000000000,16.66570000000000,15.66510000000000,50.50600000000000,64.6477,1081083964480,16.6819,1.0168,15.6651,34.8453,16.6775,2.9039,13.7736,0.1423,23418.4394,NA,NA,NA
chrome.exe,24952,0x2F262AA7E40,DXGI,0,0,0,Hardware Composed: Independent Flip,1081084140942,NA,16.62940000000000,16.67620000000000,15.51970000000000,49.16950000000000,64.6945,1081084131299,16.4840,0.9643,15.5197,34.8409,15.2929,1.6778,13.6151,0.0057,23435.1213,NA,NA,NA
chrome.exe,24952,0x2F262AA7E40,DXGI,0,0,0,Hardware Composed: Independent Flip,1081084304547,NA,16.36050000000000,16.67220000000000,15.85630000000000,49.84200000000001,65.0062,1081084296139,16.6971,0.8408,15.8563,33.6498,17.0330,2.6461,14.3869,-0.1882,23451.6053,NA,NA,NA
chrome.exe,24952,0x2F262AA7E40,DXGI,0,0,0,Hardware Composed: Independent Flip,1081084473318,NA,16.87710000000000,16.65990000000000,15.34650000000000,49.61930000000000,64.7890,1081084463110,16.3673,1.0208,15.3465,33.9857,16.6544,2.0644,14.5900,0.0372,23468.3024,NA,NA,NA
chrome.exe,24952,0x2F262AA7E40,DXGI,0,0,0,Hardware Composed: Independent Flip,1081084638698,NA,16.53800000000000,16.65050000000000,16.03260000000000,49.71880000000000,64.9015,1081084626783,17.2241,1.1915,16.0326,34.2728,16.6375,2.1043,14.5332,-0.2832,23484.6697,NA,NA,NA
chrome.exe,24952,0x2F262AA7E40,DXGI,0,0,0,Hardware Composed: Independent Flip,1081084812940,NA,17.42420000000000,16.68860000000000,15.27540000000000,50.20620000000000,64.1659,1081084799024,16.6670,1.3916,15.2754,33.6862,17.9116,3.8708,14.0408,0.5355,23501.8938,NA,NA,NA
chrome.exe,24952,0x2F262AA7E40,DXGI,0,0,0,Hardware Composed: Independent Flip,1081084978671,NA,16.57310000000000,16.65070000000000,15.26170000000000,50.01830000000000,64.2435,1081084965694,16.5594,1.2977,15.2617,34.9308,16.3852,2.8645,13.5207,0.0163,23518.5608,NA,NA,NA
chrome.exe,24952,0x2F262AA7E40,DXGI,0,0,0,Hardware Composed: Independent Flip,1081085140051,NA,16.13800000000000,16.67740000000000,15.54990000000000,50.60310000000000,64.7829,1081085131288,16.4262,0.8763,15.5499,34.7566,16.7228,2.6733,14.0495,-0.1180,23535.1202,NA,NA,NA
chrome.exe,24952,0x2F262AA7E40,DXGI,0,0,0,Hardware Composed: Independent Flip,1081085302486,NA,16.24350000000000,16.66670000000000,16.10260000000000,51.27190000000000,65.2061,1081085295550,16.7962,0.6936,16.1026,35.0532,16.9123,3.1115,13.8008,-0.2405,23551.5464,NA,NA,NA
chrome.exe,24952,0x2F262AA7E40,DXGI,0,0,0,Hardware Composed: Independent Flip,1081085473652,NA,17.11660000000000,16.66210000000000,15.32020000000000,49.54440000000000,64.7516,1081085463512,16.3342,1.0140,15.3202,35.1693,15.3891,1.8437,13.5454,0.1341,23568.3426,NA,NA,NA
chrome.exe,24952,0x2F262AA7E40,DXGI,0,0,0,Hardware Composed: Independent Flip,1081085639506,NA,16.58540000000000,16.66680000000000,15.72820000000000,49.62390000000000,64.8330,1081085626854,16.9934,1.2652,15.7282,34.2242,16.6649,2.3754,14.2895,-0.3326,23584.6768,NA,NA,NA
chrome.exe,24952,0x2F262AA7E40,DXGI,0,0,0,Hardware Composed: Independent Flip,1081085808346,NA,16.88400000000000,16.66760000000000,15.69190000000000,50.46300000000000,64.6166,1081085796788,16.8477,1.1558,15.6919,33.8957,17.7231,3.3005,14.4226,0.3258,23601.6702,NA,NA,NA
chrome.exe,24952,0x2F262AA7E40,DXGI,0,0,0,Hardware Composed: Independent Flip,1081085979516,NA,17.11700000000000,16.66440000000000,15.17530000000000,48.95100000000000,64.1640,1081085965265,16.6004,1.4251,15.1753,34.7711,15.6050,2.0445,13.5605,0.1833,23618.5179,NA,NA,NA
chrome.exe,24952,0x2F262AA7E40,DXGI,0,0,0,Hardware Composed: Independent Flip,1081086142055,NA,16.25390000000000,16.66700000000000,15.45950000000000,50.58830000000000,64.5771,1081086131269,16.5381,1.0786,15.4595,33.7757,17.8912,3.5524,14.3388,-0.0666,23635.1183,NA,NA,NA
chrome.exe,24952,0x2F262AA7E40,DXGI,0,0,0,Hardware Composed: Independent Flip,1081086307110,NA,16.50550000000000,16.66440000000000,15.73100000000000,49.51110000000000,64.7360,1081086296650,16.7770,1.0460,15.7310,35.1288,15.4283,1.7939,13.6344,-0.1263,23651.6564,NA,NA,NA
chrome.exe,24952,0x2F262AA7E40,DXGI,0,0,0,Hardware Composed: Independent Flip,1081086472427,NA,16.53170000000000,16.71240000000000,15.46480000000000,49.68210000000001,64.9167,1081086464420,16.2655,0.8007,15.4648,33.7801,16.7027,2.3443,14.3584,0.0646,23668.4334,NA,NA,NA
chrome.exe,24952,0x2F262AA7E40,DXGI,0,0,0,Hardware Composed: Independent Flip,1081086637603,NA,16.51760000000000,16.63070000000000,16.02620000000000,49.91260000000000,65.0298,1081086627075,17.0790,1.0528,16.0262,34.2173,16.7481,2.0707,14.6774,-0.3652,23684.6989,NA,NA,NA
chrome.exe,24952,0x2F262AA7E40,DXGI,0,0,0,Hardware Composed: Independent Flip,1081086807113,NA,16.95100000000000,16.65300000000000,15.78880000000000,50.30360000000000,64.7318,1081086797865,16.7136,0.9248,15.7888,33.8864,17.3420,2.9206,14.4214,0.4260,23701.7779,NA,NA,NA
chrome.exe,24952,0x2F262AA7E40,DXGI,0,0,0,Hardware Composed: Independent Flip,1081086978976,NA,17.18630000000000,16.70290000000000,15.31690000000000,48.69270000000000,64.2484,1081086965001,16.7144,1.3975,15.3169,34.5148,15.5754,1.6761,13.8993,0.0107,23718.4915,NA,NA,NA
chrome.exe,24952,0x2F262AA7E40,DXGI,0,0,0,Hardware Composed: Independent Flip,1081087143966,NA,16.49900000000000,16.64020000000000,15.29860000000000,49.20840000000000,64.3896,1081087132145,16.4807,1.1821,15.2986,33.3758,17.0147,2.3727,14.6420,0.0742,23735.2059,NA,NA,NA
chrome.exe,24952,0x2F262AA7E40,DXGI,0,0,0,Hardware Composed: Independent Flip,1081087306127,NA,16.21610000000000,16.71600000000000,15.42200000000000,49.14410000000000,64.8895,1081087296952,16.3395,0.9175,15.4220,33.9098,16.1518,1.5099,14.6419,-0.2353,23751.6866,NA,NA,NA
chrome.exe,24952,0x2F262AA7E40,DXGI,0,0,0,Hardware Composed: Independent Flip,1081087473044,NA,16.69170000000000,16.60980000000000,15.89830000000000,49.68570000000000,64.8076,1081087460347,17.1680,1.2697,15.8983,33.7221,17.2333,2.5884,14.6449,-0.2703,23768.0261,NA,NA,NA
chrome.exe,24952,0x2F262AA7E40,DXGI,0,0,0,Hardware Composed: Independent Flip,1081087645853,NA,17.28090000000000,16.67120000000000,14.72600000000000,48.96530000000000,64.1979,1081087632027,16.1086,1.3826,14.7260,33.7874,16.5605,4.0603,12.5002,0.4968,23785.1941,NA,NA,NA
chrome.exe,24952,0x2F262AA7E40,DXGI,0,0,0,Hardware Composed: Independent Flip,1081087818808,NA,17.29550000000000,16.72040000000000,14.65970000000000,48.32290000000000,63.6228,1081087793113,17.2292,2.5695,14.6597,34.2393,16.6531,3.5821,13.0710,-0.6118,23801.3027,NA,NA,NA
chrome.exe,24952,0x2F262AA7E40,DXGI,0,0,0,Hardware Composed: Independent Flip,1081087976857,NA,15.80490000000000,16.65620000000000,15.40540000000000,49.30350000000000,64.4741,1081087965405,16.5506,1.1452,15.4054,33.6632,16.7855,4.3235,12.4620,0.5730,23818.5319,NA,NA,NA
chrome.exe,24952,0x2F262AA7E40,DXGI,0,0,0,Hardware Composed: Independent Flip,1081088143753,NA,16.68960000000000,16.62470000000000,15.28530000000000,49.12150000000000,64.4092,1081088130911,16.5695,1.2842,15.2853,33.8981,16.5076,4.2373,12.2703,-0.0741,23835.0825,NA,NA,NA
chrome.exe,24952,0x2F262AA7E40,DXGI,0,0,0,Hardware Composed: Independent Flip,1081088309188,NA,16.54350000000000,16.66790000000000,15.61410000000000,49.32440000000000,64.5336,1081088296606,16.8723,1.2582,15.6141,33.8362,16.7464,4.1965,12.5499,-0.0984,23851.6520,NA,NA,NA
chrome.exe,24952,0x2F262AA7E40,DXGI,0,0,0,Hardware Composed: Independent Flip,1081088478285,NA,16.90970000000000,16.64860000000000,15.14680000000000,49.00700000000001,64.2725,1081088465329,16.4424,1.2956,15.1468,33.7103,16.5923,3.5570,13.0353,0.2237,23868.5243,NA,NA,NA
chrome.exe,24952,0x2F262AA7E40,DXGI,0,0,0,Hardware Composed: Independent Flip,1081088644537,NA,16.62520000000000,16.68340000000000,15.35220000000000,49.18440000000000,64.3307,1081088629753,16.8306,1.4784,15.3522,33.8602,16.8026,3.4765,13.3261,-0.2410,23884.9667,NA,NA,NA
chrome.exe,24952,0x2F262AA7E40,DXGI,0,0,0,Hardware Composed: Independent Flip,1081088807055,NA,16.25180000000000,16.66460000000000,15.64200000000000,49.40020000000001,64.7435,1081088798059,16.5416,0.8996,15.6420,33.8322,16.4676,3.9231,12.5445,0.1660,23901.7973,NA,NA,NA
chrome.exe,24952,0x2F262AA7E40,DXGI,0,0,0,Hardware Composed: Independent Flip,1081088974105,NA,16.70500000000000,16.65770000000000,15.78260000000000,49.17070000000000,64.6962,1081088963475,16.8456,1.0630,15.7826,33.7582,16.4755,4.0542,12.4213,-0.1161,23918.3389,NA,NA,NA
chrome.exe,24952,0x2F262AA7E40,DXGI,0,0,0,Hardware Composed: Independent Flip,1081089145902,NA,17.17970000000000,16.67200000000000,14.78690000000000,51.54530000000000,64.1885,1081089131931,16.1840,1.3971,14.7869,33.3881,19.5543,6.4944,13.0599,0.1736,23935.1845,NA,NA,NA
chrome.exe,24952,0x2F262AA7E40,DXGI,0,0,0,Hardware Composed: Independent Flip,1081089306947,NA,16.10450000000000,16.66760000000000,15.31800000000000,49.30710000000001,64.7516,1081089293771,16.6356,1.3176,15.3180,36.7584,13.8663,1.4360,12.4303,-0.4836,23951.3685,NA,NA,NA
chrome.exe,24952,0x2F262AA7E40,DXGI,0,0,0,Hardware Composed: Independent Flip,1081089473841,NA,16.68940000000000,16.66490000000000,15.28410000000000,49.24140000000001,64.7271,1081089460127,16.6555,1.3714,15.2841,33.9891,16.6237,2.5537,14.0700,-0.0293,23968.0041,NA,NA,NA
chrome.exe,24952,0x2F262AA7E40,DXGI,0,0,0,Hardware Composed: Independent Flip,1081089637277,NA,16.34360000000000,16.67280000000000,15.69410000000000,49.90120000000000,65.0563,1081089626682,16.7536,1.0595,15.6941,33.9573,17.0034,4.4875,12.5159,-0.0173,23984.6596,NA,NA,NA
chrome.exe,24952,0x2F262AA7E40,DXGI,0,0,0,Hardware Composed: Independent Flip,1081089807822,NA,17.05450000000000,16.66310000000000,15.26060000000000,51.72550000000000,64.6649,1081089794218,16.6210,1.3604,15.2606,34.2071,18.8788,6.6033,12.2755,0.0905,24001.4132,NA,NA,NA
chrome.exe,24952,0x2F262AA7E40,DXGI,0,0,0,Hardware Composed: Independent Flip,1081089972638,NA,16.48160000000000,16.66700000000000,15.90300000000000,49.29820000000000,64.8503,1081089960428,17.1240,1.2210,15.9030,36.4649,14.0543,1.3417,12.7126,-0.0460,24018.0342,NA,NA,NA
chrome.exe,24952,0x2F262AA7E40,DXGI,0,0,0,Hardware Composed: Independent Flip,1081090146402,NA,17.37640000000000,16.68720000000000,14.95210000000000,48.58870000000000,64.1611,1081090131668,16.4255,1.4734,14.9521,33.3952,16.6669,3.0513,13.6156,0.4368,24035.1582,NA,NA,NA
chrome.exe,24952,0x2F262AA7E40,DXGI,0,0,0,Hardware Composed: Independent Flip,1081090308394,NA,16.19920000000000,16.65550000000000,15.18400000000000,49.44950000000000,64.6174,1081090295923,16.4311,1.2471,15.1840,33.6366,17.0600,3.8729,13.1871,-0.2300,24051.5837,NA,NA,NA
chrome.exe,24952,0x2F262AA7E40,DXGI,0,0,0,Hardware Composed: Independent Flip,1081090473397,NA,16.50030000000000,16.65970000000000,15.34710000000000,49.29950000000000,64.7768,1081090460234,16.6634,1.3163,15.3471,34.2655,16.3503,3.8771,12.4732,-0.2286,24068.0148,NA,NA,NA
chrome.exe,24952,0x2F262AA7E40,DXGI,0,0,0,Hardware Composed: Independent Flip,1081090641110,NA,16.77130000000000,16.66530000000000,15.74620000000000,49.15860000000000,64.6708,1081090626868,17.1704,1.4242,15.7462,33.9524,16.6304,3.6068,13.0236,-0.0019,24084.6782,NA,NA,NA
chrome.exe,24952,0x2F262AA7E40,DXGI,0,0,0,Hardware Composed: Independent Flip,1081090812531,NA,17.14210000000000,16.67060000000000,14.83420000000000,48.94610000000000,64.1993,1081090798572,16.2301,1.3959,14.8342,33.4124,16.9296,4.3889,12.5407,0.4998,24101.8486,NA,NA,NA
chrome.exe,24952,0x2F262AA7E40,DXGI,0,0,0,Hardware Composed: Independent Flip,1081090974492,NA,16.19610000000000,16.66390000000000,15.23970000000000,49.14520000000000,64.6671,1081090960873,16.6016,1.3619,15.2397,34.1119,16.3952,3.8731,12.5221,-0.4338,24118.0787,NA,NA,NA
chrome.exe,24952,0x2F262AA7E40,DXGI,0,0,0,Hardware Composed: Independent Flip,1081091136240,NA,16.17480000000000,16.66670000000000,16.05580000000000,49.58200000000000,65.1590,1081091126889,16.9909,0.9351,16.0558,33.9055,16.6116,1.6827,14.9289,-0.0651,24134.6803,NA,NA,NA
chrome.exe,24952,0x2F262AA7E40,DXGI,0,0,0,Hardware Composed: Independent Flip,1081091308999,NA,17.27590000000000,16.68440000000000,15.11860000000000,49.05610000000000,64.5675,1081091296798,16.3387,1.2201,15.1186,33.5262,16.7500,3.6754,13.0746,0.3065,24151.6712,NA,NA,NA
chrome.exe,24952,0x2F262AA7E40,DXGI,0,0,0,Hardware Composed: Independent Flip,1081091473552,NA,16.45530000000000,16.64600000000000,15.30130000000000,51.65470000000001,64.7582,1081091460185,16.6380,1.3367,15.3013,33.9375,19.0539,5.9943,13.0596,-0.3073,24168.0099,NA,NA,NA
chrome.exe,24952,0x2F262AA7E40,DXGI,0,0,0,Hardware Composed: Independent Flip,1081091636605,NA,16.30530000000000,16.66700000000000,15.70570000000000,49.80650000000000,65.1199,1081091626565,16.7097,1.0040,15.7057,36.3534,14.4571,1.7103,12.7468,-0.0290,24184.6479,NA,NA,NA
chrome.exe,24952,0x2F262AA7E40,DXGI,0,0,0,Hardware Composed: Independent Flip,1081091802849,NA,16.62440000000000,16.66720000000000,15.80350000000000,49.90120000000000,65.1627,1081091793662,16.7222,0.9187,15.8035,34.1008,16.7191,3.7359,12.9832,0.0425,24201.3576,NA,NA,NA
chrome.exe,24952,0x2F262AA7E40,DXGI,0,0,0,Hardware Composed: Independent Flip,1081091971576,NA,16.87270000000000,16.66760000000000,15.83350000000000,49.38610000000000,64.9576,1081091960884,16.9027,1.0692,15.8335,34.0977,16.3576,3.9524,12.4052,0.0546,24218.0798,NA,NA,NA
chrome.exe,24952,0x2F262AA7E40,DXGI,0,0,0,Hardware Composed: Independent Flip,1081092144169,NA,17.25930000000000,16.66500000000000,15.20880000000000,48.85740000000001,64.3633,1081092129911,16.6346,1.4258,15.2088,33.5526,16.7306,3.6181,13.1125,0.2377,24234.9825,NA,NA,NA
chrome.exe,24952,0x2F262AA7E40,DXGI,0,0,0,Hardware Composed: Independent Flip,1081092310270,NA,16.61010000000000,16.70280000000000,14.96550000000000,49.06240000000000,64.4560,1081092296257,16.3668,1.4013,14.9655,33.6486,16.8151,3.7221,13.0930,-0.0682,24251.6171,NA,NA,NA
chrome.exe,24952,0x2F262AA7E40,DXGI,0,0,0,Hardware Composed: Independent Flip,1081092472578,NA,16.23080000000000,16.62900000000000,15.43480000000000,49.69870000000000,64.8542,1081092459925,16.7001,1.2653,15.4348,34.0969,16.8671,3.8223,13.0448,-0.2622,24267.9839,NA,NA,NA
chrome.exe,24952,0x2F262AA7E40,DXGI,0,0,0,Hardware Composed: Independent Flip,1081092640159,NA,16.75810000000000,16.65770000000000,15.52290000000000,50.35000000000000,64.7538,1081092626926,16.8462,1.3233,15.5229,34.2639,17.4094,4.1404,13.2690,0.0424,24284.6840,NA,NA,NA
chrome.exe,24952,0x2F262AA7E40,DXGI,0,0,0,Hardware Composed: Independent Flip,1081092807561,NA,16.74020000000000,16.66920000000000,15.75110000000000,50.52450000000000,64.6828,1081092795388,16.9684,1.2173,15.7511,34.8271,16.9147,2.8712,14.0435,0.1770,24301.5302,NA,NA,NA
chrome.exe,24952,0x2F262AA7E40,DXGI,0,0,0,Hardware Composed: Independent Flip,1081092977840,NA,17.02790000000000,16.68190000000000,15.22670000000000,50.16890000000000,64.3368,1081092965072,16.5035,1.2768,15.2267,34.7734,16.6723,3.1512,13.5211,0.2865,24318.4986,NA,NA,NA
chrome.exe,24952,0x2F262AA7E40,DXGI,0,0,0,Hardware Composed: Independent Flip,1081093141265,NA,16.34250000000000,16.65230000000000,15.43590000000000,49.20030000000001,64.6466,1081093130107,16.5517,1.1158,15.4359,34.9422,15.3739,1.5721,13.8018,-0.1488,24335.0021,NA,NA,NA
chrome.exe,24952,0x2F262AA7E40,DXGI,0,0,0,Hardware Composed: Independent Flip,1081093310104,NA,16.88390000000000,16.66840000000000,15.19320000000000,49.20560000000000,64.4311,1081093295624,16.6412,1.4480,15.1932,33.7644,16.8892,2.3797,14.5095,-0.1167,24351.5538,NA,NA,NA
chrome.exe,24952,0x2F262AA7E40,DXGI,0,0,0,Hardware Composed: Independent Flip,1081093472882,NA,16.27780000000000,16.67680000000000,15.46130000000000,50.61300000000000,64.8301,1081093462036,16.5459,1.0846,15.4613,34.0124,17.6852,3.1551,14.5301,-0.0356,24368.1950,NA,NA,NA
chrome.exe,24952,0x2F262AA7E40,DXGI,0,0,0,Hardware Composed: Independent Flip,1081093639988,NA,16.71060000000000,16.66170000000000,15.74720000000000,49.25430000000000,64.7812,1081093627495,16.9965,1.2493,15.7472,35.1517,15.3519,1.2845,14.0674,-0.1158,24384.7409,NA,NA,NA
chrome.exe,24952,0x2F262AA7E40,DXGI,0,0,0,Hardware Composed: Independent Flip,1081093815602,NA,17.56140000000000,16.64810000000000,14.78680000000000,49.39350000000000,63.8679,1081093797460,16.6010,1.8142,14.7868,33.5071,17.7006,3.1200,14.5806,0.3484,24401.7374,NA,NA,NA
chrome.exe,24952,0x2F262AA7E40,DXGI,0,0,0,Hardware Composed: Independent Flip,1081093973291,NA,15.76890000000000,16.67920000000000,15.37270000000000,50.60200000000000,64.7782,1081093963470,16.3548,0.9821,15.3727,34.6067,16.9774,2.8519,14.1255,-0.0782,24418.3384,NA,NA,NA
chrome.exe,24952,0x2F262AA7E40,DXGI,0,0,0,Hardware Composed: Independent Flip,1081094138687,NA,16.53960000000000,16.66940000000000,15.56700000000000,50.39170000000000,64.9080,1081094127018,16.7339,1.1669,15.5670,35.2293,16.3293,2.5458,13.7835,-0.3146,24434.6932,NA,NA,NA
chrome.exe,24952,0x2F262AA7E40,DXGI,0,0,0,Hardware Composed: Independent Flip,1081094306934,NA,16.82470000000000,16.66080000000000,15.53120000000000,49.49490000000000,64.7441,1081094294357,16.7889,1.2577,15.5312,34.8247,15.9279,1.7668,14.1611,0.0731,24451.4271,NA,NA,NA
chrome.exe,24952,0x2F262AA7E40,DXGI,0,0,0,Hardware Composed: Independent Flip,1081094473202,NA,16.62680000000000,16.66590000000000,15.38240000000000,49.55380000000000,64.7832,1081094462246,16.4780,1.0956,15.3824,33.9637,16.6857,2.4819,14.2038,0.1230,24468.2160,NA,NA,NA
chrome.exe,24952,0x2F262AA7E40,DXGI,0,0,0,Hardware Composed: Independent Flip,1081094634180,NA,16.09780000000000,16.66390000000000,16.30800000000000,50.82000000000000,65.3493,1081094627026,17.0234,0.7154,16.3080,34.1714,17.3640,3.1385,14.2255,-0.1859,24484.6940,NA,NA,NA
chrome.exe,24952,0x2F262AA7E40,DXGI,0,0,0,Hardware Composed: Independent Flip,1081094805122,NA,17.09420000000000,16.67040000000000,15.98680000000000,49.67290000000001,64.9255,1081094797260,16.7730,0.7862,15.9868,34.5120,15.9471,1.7777,14.1694,0.3530,24501.7174,NA,NA,NA
chrome.exe,24952,0x2F262AA7E40,DXGI,0,0,0,Hardware Composed: Independent Flip,1081094974846,NA,16.97240000000000,16.66510000000000,15.16320000000000,50.11800000000000,64.6182,1081094964990,16.1488,0.9856,15.1632,33.6861,17.4175,3.2774,14.1401,0.1079,24518.4904,NA,NA,NA
chrome.exe,24952,0x2F262AA7E40,DXGI,0,0,0,Hardware Composed: Independent Flip,1081095134308,NA,15.94620000000000,16.66520000000000,16.26880000000000,51.15140000000000,65.3372,1081095126478,17.0518,0.7830,16.2688,34.9548,16.9796,2.8474,14.1322,-0.5164,24534.6392,NA,NA,NA
chrome.exe,24952,0x2F262AA7E40,DXGI,0,0,0,Hardware Composed: Independent Flip,1081095305139,NA,17.08310000000000,16.67130000000000,15.64790000000000,50.58680000000000,64.9254,1081095296996,16.4622,0.8143,15.6479,34.8826,16.5185,2.7056,13.8129,0.3805,24551.6910,NA,NA,NA
chrome.exe,24952,0x2F262AA7E40,DXGI,0,0,0,Hardware Composed: Independent Flip,1081095472361,NA,16.72220000000000,16.65730000000000,15.43790000000000,50.74130000000000,64.8605,1081095461618,16.5122,1.0743,15.4379,34.9389,16.8767,2.6888,14.1879,-0.1951,24568.1532,NA,NA,NA
chrome.exe,24952,0x2F262AA7E40,DXGI,0,0,0,Hardware Composed: Independent Flip,1081095637970,NA,16.56090000000000,16.67010000000000,15.55240000000000,49.73660000000000,64.9697,1081095626740,16.6754,1.1230,15.5524,35.3034,15.5562,1.7938,13.7624,-0.1579,24584.6654,NA,NA,NA
chrome.exe,24952,0x2F262AA7E40,DXGI,0,0,0,Hardware Composed: Independent Flip,1081095805377,NA,16.74070000000000,16.68170000000000,15.47020000000000,49.67360000000000,64.9107,1081095793494,16.6585,1.1883,15.4702,34.1842,16.6777,2.3349,14.3428,-0.0063,24601.3408,NA,NA,NA
chrome.exe,24952,0x2F262AA7E40,DXGI,0,0,0,Hardware Composed: Independent Flip,1081095967595,NA,16.22180000000000,16.64890000000000,16.30710000000000,50.86070000000000,65.3378,1081095960079,17.0587,0.7516,16.3071,34.2034,17.4089,3.2376,14.1713,0.0096,24617.9993,NA,NA,NA
chrome.exe,24952,0x2F262AA7E40,DXGI,0,0,0,Hardware Composed: Independent Flip,1081096138610,NA,17.10150000000000,16.67830000000000,15.87910000000000,50.92260000000000,64.9146,1081096130666,16.6735,0.7944,15.8791,34.5536,17.1634,3.2351,13.9283,0.3804,24635.0580,NA,NA,NA
chrome.exe,24952,0x2F262AA7E40,DXGI,0,0,0,Hardware Composed: Independent Flip,1081096308164,NA,16.95540000000000,16.66450000000000,15.27390000000000,50.47760000000000,64.6237,1081096297401,16.3502,1.0763,15.2739,35.0435,16.5104,2.7149,13.7955,0.0090,24651.7315,NA,NA,NA
chrome.exe,24952,0x2F262AA7E40,DXGI,0,0,0,Hardware Composed: Independent Flip,1081096472157,NA,16.39930000000000,16.69270000000000,15.65470000000000,50.41620000000000,64.9171,1081096460903,16.7801,1.1254,15.6547,35.2037,16.3379,2.7579,13.5800,-0.3425,24668.0817,NA,NA,NA
chrome.exe,24952,0x2F262AA7E40,DXGI,0,0,0,Hardware Composed: Independent Flip,1081096640067,NA,16.79100000000000,16.64120000000000,15.62350000000000,49.56940000000000,64.7673,1081096628704,16.7598,1.1363,15.6235,34.7615,15.9442,1.8003,14.1439,0.1389,24684.8618,NA,NA,NA
chrome.exe,24952,0x2F262AA7E40,DXGI,0,0,0,Hardware Composed: Independent Flip,1081096807514,NA,16.74470000000000,16.66730000000000,15.36700000000000,50.80880000000001,64.6899,1081096796302,16.4882,1.1212,15.3670,33.9459,17.9841,3.5703,14.4138,0.0925,24701.6216,NA,NA,NA
chrome.exe,24952,0x2F262AA7E40,DXGI,0,0,0,Hardware Composed: Independent Flip,1081096971926,NA,16.44120000000000,16.66240000000000,15.93230000000000,50.45440000000000,64.9111,1081096961184,17.0065,1.0742,15.9323,35.4418,16.0868,2.5235,13.5633,-0.1742,24718.1098,NA,NA,NA
chrome.exe,24952,0x2F262AA7E40,DXGI,0,0,0,Hardware Composed: Independent Flip,1081097142422,NA,17.04960000000000,16.67300000000000,15.31300000000000,50.05060000000000,64.5345,1081097131249,16.4303,1.1173,15.3130,34.5221,16.6458,2.5538,14.0920,0.3335,24735.1163,NA,NA,NA
chrome.exe,24952,0x2F262AA7E40,DXGI,0,0,0,Hardware Composed: Independent Flip,1081097306755,NA,16.43330000000000,16.66470000000000,15.60190000000000,49.67800000000000,64.7659,1081097295552,16.7222,1.1203,15.6019,34.7376,16.0607,1.9383,14.1224,-0.2344,24751.5466,NA,NA,NA
chrome.exe,24952,0x2F262AA7E40,DXGI,0,0,0,Hardware Composed: Independent Flip,1081097472898,NA,16.61430000000000,16.65970000000000,15.49980000000000,51.98480000000000,64.8113,1081097462774,16.5122,1.0124,15.4998,34.0761,18.9211,7.3624,11.5587,0.0625,24768.2688,NA,NA,NA
chrome.exe,24952,0x2F262AA7E40,DXGI,0,0,0,Hardware Composed: Independent Flip,1081097639960,NA,16.70620000000000,16.78730000000000,15.93810000000000,49.20160000000000,64.8924,1081097627896,17.1445,1.2064,15.9381,36.4850,13.9230,1.5044,12.4186,-0.2751,24784.7810,NA,NA,NA
chrome.exe,24952,0x2F262AA7E40,DXGI,0,0,0,Hardware Composed: Independent Flip,1081097814887,NA,17.49270000000000,16.54820000000000,14.53680000000000,48.77760000000000,63.9479,1081097799341,16.0914,1.5546,14.5368,33.2635,17.0687,2.3615,14.7072,0.5963,24801.9255,NA,NA,NA
chrome.exe,24952,0x2F262AA7E40,DXGI,0,0,0,Hardware Composed: Independent Flip,1081097971332,NA,15.64450000000000,16.66060000000000,15.52630000000000,49.75830000000001,64.9640,1081097960255,16.6340,1.1077,15.5263,34.2408,16.6252,2.2191,14.4061,-0.5692,24818.0169,NA,NA,NA
chrome.exe,24952,0x2F262AA7E40,DXGI,0,0,0,Hardware Composed: Independent Flip,1081098138791,NA,16.74590000000000,16.66160000000000,16.08230000000000,50.62400000000000,64.8797,1081098126595,17.3019,1.2196,16.0823,34.2320,17.6116,3.5328,14.0788,-0.0276,24834.6509,NA,NA,NA
chrome.exe,24952,0x2F262AA7E40,DXGI,0,0,0,Hardware Composed: Independent Flip,1081098310480,NA,17.16890000000000,16.67870000000000,15.37240000000000,50.19560000000000,64.3895,1081098299614,16.4590,1.0866,15.3724,34.5417,16.7405,2.6692,14.0713,0.6232,24851.9528,NA,NA,NA
chrome.exe,24952,0x2F262AA7E40,DXGI,0,0,0,Hardware Composed: Independent Flip,1081098473775,NA,16.32950000000000,16.66090000000000,15.54690000000000,50.56420000000000,64.7209,1081098464204,16.5040,0.9571,15.5469,34.8232,16.6981,2.8475,13.8506,-0.2019,24868.4118,NA,NA,NA
chrome.exe,24952,0x2F262AA7E40,DXGI,0,0,0,Hardware Composed: Independent Flip,1081098638474,NA,16.46990000000000,16.67310000000000,15.71690000000000,49.72550000000000,64.9241,1081098629244,16.6399,0.9230,15.7169,35.0173,15.6312,1.8473,13.7839,-0.1691,24884.9158,NA,NA,NA
chrome.exe,24952,0x2F262AA7E40,DXGI,0,0,0,Hardware Composed: Independent Flip,1081098804042,NA,16.55680000000000,16.66420000000000,15.75650000000000,50.60020000000000,65.0315,1081098795643,16.5964,0.8399,15.7565,34.0086,17.4315,3.2243,14.2072,-0.0243,24901.5557,NA,NA,NA
chrome.exe,24952,0x2F262AA7E40,DXGI,0,0,0,Hardware Composed: Independent Flip,1081098971469,NA,16.74270000000000,16.67010000000000,15.91840000000000,50.50560000000000,64.9589,1081098961607,16.9046,0.9862,15.9184,34.8437,16.6481,2.5692,14.0789,-0.0737,24918.1521,NA,NA,NA
